"sku","barcode","name","description","client_owner_id","product_family","velocity_class","unit_cost","minimum_stock_level","maximum_stock_level","pick_down_to_level","supplier_lead_time_days","temperature_requirement","lot_tracked","batch_tracked","expiry_tracked","rotation_method","active"
"AAC12BOTT","32225-07072","12oz Glass Bottle ( Use CAP38400 )  12/Cs","","","Disposables : Bottles & Caps","","6.06","","","","","","","","","","true"
"AAC12JART","32225-07157","12oz Glass Mayo Jar ( Use CAP70G450 )  12/Cs","","","Disposables : Bottles & Caps","","0","","","","","","","","","","true"
"AAC16JART","32225-00031","16oz Glass Mayo Jar ( Use CAP70G )  12/Cs","","","Disposables : Bottles & Caps","","7.04","","","","","","","","","","true"
"AAC50LIQ","37114-00001","50ml Plastic Liquor Bottle ( Use CAP18 ) 1500/Cs","","","Disposables : Bottles & Caps","","252.21","","","","","","","","","","true"
"AAC750LIQ","35658-00023","750ml Tall Glass Bottle ( Use CAP28350 ) 12/Cs","","","Disposables : Bottles & Caps","","9","","","","","","","","","","true"
"AAC8JARP","10158-00044","8oz Glass Mayo Jar ( Use CAP58400 )  24/Cs","","","Disposables : Bottles & Caps","","4.2","","","","","","","","","","true"
"AACCAP18","10059-00016","18mm Gold Linerless Cap ( For 50ml Bottle )  5000/Cs","","","Disposables : Bottles & Caps","","150","","","","","","","","","","true"
"AACCAP18B","10059-71710","18mm Black Linerless Cap ( For 50ml Bottle )  5000/Cs","","","Disposables : Bottles & Caps","","149.99","","","","","","","","","","true"
"AACCAP24414B","CAP24414B","24mm Black Lined Cap ( For 10oz Bottle )  5000/Cs","","","Disposables : Bottles & Caps","","0","","","","","","","","","","true"
"AACCAP24414W","CAP24414W","24mm White Cap ( For 10oz Bottle )  5500/Cs","","","Disposables : Bottles & Caps","","104.23","","","","","","","","","","true"
"AACCAP28350","11570-00001","28mm Gold Linerless Cap ( For 750ml Bottle )  2300/Cs","","","Disposables : Bottles & Caps","","93.15","","","","","","","","","","true"
"AACCAP38400","11655-00101","38mm White Cap ( For 12oz Bottle )  2900/Cs","","","Disposables : Bottles & Caps","","114.42","","","","","","","","","","true"
"AACCAP38400B","11655-10917","38mm Black Cap ( For 12oz Bottle )  2900/Cs","","","Disposables : Bottles & Caps","","107.76","","","","","","","","","","true"
"AACCAP58400","11723-00092","58mm White Sureseal Lined Cap ( For 8oz Mayo Jar )  1850/Cs","","","Disposables : Bottles & Caps","","142.55","","","","","","","","","","true"
"AACCAP70G","11120-70157","70mm Gold Metal Cap With Push Button  (For 16Jart )  1050/Cs","","","Disposables : Bottles & Caps","","0","","","","","","","","","","true"
"AACCAP70G450","11723-00056","70mm White Sureseal Lined Cap ( For 12oz & 16oz Jar )","","","Disposables : Bottles & Caps","","0.11","","","","","","","","","","true"
"AACCAP70R450","CAP70R450","70mm Red Metal Cap With Push Button  (For 12Jart )  725/Cs","","","Disposables : Bottles & Caps","","0","","","","","","","","","","true"
"ABFLMCHLD","FLMCHLD","Flamingo Mosquito Coil Holder 24/Cs","","","Equipment : Heating","","30","","","","","","","","","","true"
"ABFLMH","FLMH","Flamingo Electric Mat Heater 24/Cs","","","Equipment : Heating","","57.25","","","","","","","","","","true"
"ABFLVM15","FLVM15","Flamingo Mosquito Vape Mats 15/Box   96-Bxs/Cs","","","Equipment : Heating","","58.85","","","","","","","","","","true"
"ABTEDFP52","TEDFP52","Teddy Green Scouring Pad 10/Pk   36 Pks/Cs","","","Institutional Supplies : Cleaning Supplies","","69.05","","","","","","","","","","true"
"ACMFB6GY","MFB6GY","Grey 6 Gallon Mop Bucket With Black Handle & Removable Cover","","","Institutional Supplies : Cleaning Supplies","","29","","","","","","","","","","true"
"ACSPARBL1G-6","SPARBL1G-6","Sparkle 1 Gallon Bleach ( 5.25% Bleach )   6/Cs","","","Institutional Supplies : Cleaning Supplies","","8.12","","","","","","","","","","true"
"ACSPARBL950S","SPARBL950SC","Sparkle 950ml Bleach 20/Cs","","","Institutional Supplies : Cleaning Supplies","","9.38","","","","","","","","","","true"
"ACSPARBW4L","SPARBW4L","Sparkle 4L Moisturizing Body Wash - Vanilla Honey 4/Cs","","","Institutional Supplies : Cleaning Supplies","","18","","","","","","","","","","true"
"ACSPARFAB","SPARFAB","Sparkle 5L Fabric Softener 3/Cs","","","Institutional Supplies : Cleaning Supplies","","5.84","","","","","","","","","","true"
"ACSPARLAUN","SPARLAUN","Sparkle 5L Liquid Laundry Detergent 3/Cs","","","Institutional Supplies : Cleaning Supplies","","8.34","","","","","","","","","","true"
"AF226331","712003","Pro Brands White Almond Hand Soap 4 X 1-Gal","","","Institutional Supplies : Cleaning Supplies","","21.64","","","","","","","","","","true"
"AFLA102-020","LA102-020","Lapaco 20"" Normandy Lace White Doilies     250/Box  4-Bxs/Cs","","","Disposables","","121.32","","","","","","","","","","true"
"AFLA109-195","LA109-195","Lapaco 5"" Normandy Lace White Doilies   1000/Box 10-Boxs/Cs","","","Disposables","","98.7","","","","","","","","","","true"
"AFLA109-196","LA109-196","Lapaco 6"" Normandy Lace White Doilies   1000/Box 10-Bxs/Cs","","","Disposables","","123.3","","","","","","","","","","true"
"AFLA109-208","LA109-208","Lapaco 8"" Normandy Lace White Doilies      500/Box 10-Bxs/Cs","","","Disposables","","100.2","","","","","","","","","","true"
"AFLA109-209","LA109-209","Lapaco 9"" Normandy Lace White Doilies   500/Box 10-Boxs/Cs","","","Disposables","","129.4","","","","","","","","","","true"
"AFLA109-210","LA109-210","Lapaco 10"" Normandy Lace White Doilies    500/Box  10-Bxs/Cs","","","Disposables","","154.4","","","","","","","","","","true"
"AFLA109-212","LA109-212","Lapaco 12"" Normandy Lace White Doilies     500/Box  10-Bxs/Cs","","","Disposables","","189.5","","","","","","","","","","true"
"AFLA109-214","LA109-214","Lapaco 14"" Normandy Lace White Doilies     250/Box  8-Bxs/Cs","","","Disposables","","154.96","","","","","","","","","","true"
"AHSALT50","SALT50","Table Salt - 50lb","","","Food Products","","8.63","","","","","","","","","","true"
"AJ1H762","D76220200","Multi Use Hanging Container ( 7 X 3 X 1 ) 100/Pk 2Pks/Cs","","","Disposables : Containers","","9.97","","","","","","","","","","true"
"AJD151808","D15180899V","7.25 X 3 High Vis Cake Container W/ Black Base 50/Cs","","","Disposables : Containers","","8.11","","","","","","","","","","true"
"AJD15180899","D15180899","7.25 X 3 Cake Container With Black Base 50/Cs","","","Disposables : Containers","","12.75","","","","","","","","","","true"
"AJD15180899V","D15180899VD","7.25 X 3 High Vis Cake Cont With Deep Black Base 50/Cs","","","Disposables : Containers","","9.44","","","","","","","","","","true"
"AJD15220899","D15220899","8 X 3 Cake Container With Black Base    50/Cs","","","Disposables : Containers","","18.97","","","","","","","","","","true"
"AJD1522109","D15221099VD","8 X 4 High Vis Cake Cont W/ Deep Black Base   50/Cs","","","Disposables : Containers","","11.19","","","","","","","","","","true"
"AJD15221099","D15221099","8 X 4 Cake Container With Black Base  50/Cs","","","Disposables : Containers","","19.63","","","","","","","","","","true"
"AJD15221299","D15221299","8 X 5 Cake Container With Black Base   50/Cs","","","Disposables : Containers","","21.45","","","","","","","","","","true"
"AJD15251299","D15251299","10 X 4 Cake Container With Black Base    50/Cs","","","Disposables : Containers","","27.03","","","","","","","","","","true"
"AJD15251299M","D15251299M","10 X 4 Half Cake Container With Black Base   50/Cs","","","Disposables : Containers","","24.85","","","","","","","","","","true"
"AJD15281099","D15281099","11 X 4 Cake Container With Black Base    50/Cs","","","Disposables : Containers","","22","","","","","","","","","","true"
"AJD16270599","D16270599","Square Cake Container W/Black Base (6.5 X 2 1/8) 150/Cs","","","Disposables : Containers","","43.44","","","","","","","","","","true"
"AJD16490899","D16490899","Oblong Cake Container W/ Black Base ( 8 X 4.75 )  50/Cs","","","Disposables : Containers","","20.45","","","","","","","","","","true"
"AJD16630899","D16630899V","Oblong Cake Container W/Black Base (13.25 X 5 5/7 X 3) 50/Cs","","","Disposables : Containers","","26.03","","","","","","","","","","true"
"AJD16700599W","D16700599W","Square Cake Container W/Black Base (10 7/16 X 2 1/8) 25/Cs","","","Disposables : Containers","","20.58","","","","","","","","","","true"
"AJD210410B","D210410B","(4-1) 4D Yellow Dry Fresh Foam Tray (9.5 X 7 X 1.25) 500/Bale","","","Disposables","","77.6","","","","","","","","","","true"
"AJD210710B","D210710B","(7-1) 2D Yellow Dry Fresh Foam Tray (5.75X8.5X1.3) 500/Bale","","","Disposables","","57.69","","","","","","","","","","true"
"AJD7100800","D7100800","1/4 lb Clear Airpack Container ( 5 5/6 X 3.5 X 2 ) 200/Cs","","","Disposables : Containers","","17.83","","","","","","","","","","true"
"AJD7101600","D7101600","1/2 lb Clear Airpack Container ( 5 5/6 X 3.5 X 3 3/8 ) 200/Cs","","","Disposables : Containers","","22.69","","","","","","","","","","true"
"AJD7103","D7103200","1 lb Clear Airpack Container ( 7 1/8 X 5.5 X 3 3/8 ) 200/Cs","","","Disposables : Containers","","42.08","","","","","","","","","","true"
"AJD7112000","D7112000","Visual Pack H-Lid Container ( 5 X 5 X 2.5  ) 200/Cs","","","Disposables : Containers","","24.11","","","","","","","","","","true"
"AJD7113400D","D7113400D","Oval 3-Comp Clear Container (9 X 5.7 X 1.8) 100/Pk 3Pks/Cs","","","Disposables : Containers","","46.89","","","","","","","","","","true"
"AJD7113400T","D7113400T","Clear Lid For Oval 3-Comp Container 100/Pk 3Pks/Cs","","","Disposables : Containers","","34.53","","","","","","","","","","true"
"AJD720VI1","D720VI100TB","Visual Pack H-Lid Container ( 7.25 X 4.75 X 2 )  200/Cs","","","Disposables : Containers","","18.29","","","","","","","","","","true"
"AJD720VN100T","D720VN100TA","Visual Pack H-Lid Container ( 9 7/8 X 7.5 X 4 3/8 ) 200/Cs","","","Disposables : Containers","","59.27","","","","","","","","","","true"
"AJD720VX100","D720VX100","Visual Pack H-Lid Container ( 12 X 9 X 3 ) 100/Cs","","","Disposables : Containers","","31.39","","","","","","","","","","true"
"AJD7302501T","D7302501T","White Lid For High Impact Containers   20/Pk 25Pks/Cs","","","Disposables : Containers","","32.12","","","","","","","","","","true"
"AJD7305001","D7305001","17oz White High Impact Container 20/Pk  25Pks/Cs","","","Disposables : Containers","","62.57","","","","","","","","","","true"
"AJD7310001","D7310001","34oz White High Impact Container 20/Pk  25Pks/Cs","","","Disposables : Containers","","85.22","","","","","","","","","","true"
"AJD750800E","D750800","Sello Plus 8oz Clear H-Lid Deli Container 100/Pk 2Pks/Cs","","","Disposables : Containers","","21.78","","","","","","","","","","true"
"AJD751200","D751200","Sello Plus 12oz Clear H-Lid Deli Container 100/Pk 2Pks/Cs","","","Disposables : Containers","","23.01","","","","","","","","","","true"
"AJD770800","D770800","8oz Clear Reversible Dome Container  50/Pk 10Pks/Cs","","","Disposables : Containers","","24.16","","","","","","","","","","true"
"AJD770800T","D770800T","Clear Lid For Reversible Containers 50/Pk 10Pks/Cs","","","Disposables : Containers","","19.75","","","","","","","","","","true"
"AJD7712","D771200","12oz Clear Reversible Dome Container 50/Pk 10Pks/Cs","","","Disposables : Containers","","19.33","","","","","","","","","","true"
"AJD772400SP","D772400SP","24oz Clear Reversible Dome Container & Lid 50/Pk 2Pks/Cs","","","Disposables : Containers","","17.73","","","","","","","","","","true"
"AJD773200SP","D773200SP","32oz Clear Reversible Dome Container & Lid 50/Pk 2Pks/Cs","","","Disposables : Containers","","18.83","","","","","","","","","","true"
"AJD781507","D78150701","White Banana Boat Container ( 6 X 3 X 2 ) 500/Cs","","","Disposables : Containers","","13.6","","","","","","","","","","true"
"AJDC0680","DC0680200","Clear 2.5"" Petite Square Plate 24/Pk 12Pks/Cs","","","Disposables : Cups, Plates, Cutlery","","25.2","","","","","","","","","","true"
"AJDC06801","DC0680100","Clear 2oz Petite Square Cup 24/Pk 12Pks/Cs","","","Disposables : Cups, Plates, Cutlery","","25.2","","","","","","","","","","true"
"AJDC0680101","DC0680101","White 2oz Petite Square Cup 24/Pk 12Pks/Cs","","","Disposables : Cups, Plates, Cutlery","","25.2","","","","","","","","","","true"
"AJDC068019","DC0680199","Black 2oz Petite Square Cup 24/Pk 12Pks/Cs","","","Disposables : Cups, Plates, Cutlery","","25.2","","","","","","","","","","true"
"AJDC06802","DC0680299","Black 2.5"" Petite Square Plate 24/Pk 12Pks/Cs","","","Disposables : Cups, Plates, Cutlery","","25.2","","","","","","","","","","true"
"AJDC0680201","DC0680201","White 2.5"" Petite Square Plate 24/Pk 12Pks/Cs","","","Disposables : Cups, Plates, Cutlery","","25.2","","","","","","","","","","true"
"AJDC06803","DC0680399","Black Petite Appetizer Spoon 24/Pk 12Pks/Cs","","","Disposables : Cups, Plates, Cutlery","","25.2","","","","","","","","","","true"
"AJDC0680300","DC0680300","Clear Petite Appetizer Spoon 24/Pk 12Pks/Cs","","","Disposables : Cups, Plates, Cutlery","","25.2","","","","","","","","","","true"
"AJDC0680301","DC0680301","White Petite Appetizer Spoon 24/Pk 12Pks/Cs","","","Disposables : Cups, Plates, Cutlery","","25.2","","","","","","","","","","true"
"AJDC0780100","DC0780100","Clear H-Lid Sandwich Wedge ( 6 X 2 X 3 ) 100/Pk 2Pks/Cs","","","Disposables : Containers","","23.54","","","","","","","","","","true"
"AJDC51075070","DC5107507000","Transparent 24oz Square Plastic Jar 96/Cs","","","Disposables : Bottles & Caps","","12.37","","","","","","","","","","true"
"AJDC51100089","DC5110008900","Transparent 32oz Square Plastic Jar 48/Cs","","","Disposables : Bottles & Caps","","15.58","","","","","","","","","","true"
"AJDC51150110","DC5115011000","Transparent 48oz Square Plastic Jar 48/Cs","","","Disposables : Bottles & Caps","","12.7","","","","","","","","","","true"
"AJDC51200110","DC5120011000","Transparent 64oz Square Plastic Jar 24/Cs","","","Disposables : Bottles & Caps","","7.73","","","","","","","","","","true"
"AJDC59070199","DC590701999TC1","Black Cap For Square 24oz Plastic Jar 96/Cs","","","Disposables : Bottles & Caps","","5.74","","","","","","","","","","true"
"AJDC59110173","DC591101730TC1","Red Cap For Square 48oz & 64oz Plastic Jar 24/Cs","","","Disposables : Bottles & Caps","","2.89","","","","","","","","","","true"
"AJDC59110175","DC591101752TC1","Dark Blue Cap For Square 48oz & 64oz Plastic Jar 24/Cs","","","Disposables : Bottles & Caps","","2.96","","","","","","","","","","true"
"AJDC59110179","DC591101799TC1","Black Cap For Square 48oz & 64oz Plastic Jar 24/Cs","","","Disposables : Bottles & Caps","","2.82","","","","","","","","","","true"
"AJDC59891530","DC59891530TC1","Red Cap For Square 32oz Plastic Jar 48/Cs","","","Disposables : Bottles & Caps","","5.07","","","","","","","","","","true"
"AJDC59891552","DC59891552TC1","Dark Blue Cap For Square 32oz Plastic Jar 48/Cs","","","Disposables : Bottles & Caps","","5.26","","","","","","","","","","true"
"AJDC59891599","DC59891599TC1","Black Cap For Square 32oz Plastic Jar 48/Cs","","","Disposables : Bottles & Caps","","4","","","","","","","","","","true"
"AJDD15171099","D15171099","6 X 4 Cake Container W/ Deep Black Base  50/Cs","","","Disposables : Containers","","12.84","","","","","","","","","","true"
"AJDD720VA100","D720VA100TA","Clear 1 Count H-Lid Cupcake Container 100/Pk 2Pks/Cs","","","Disposables : Containers","","11.54","","","","","","","","","","true"
"AJDD720VI20","D720VI200TB","Clear 2 Count H-Lid Flat Muffin Container  200/Cs","","","Disposables : Containers","","19.73","","","","","","","","","","true"
"AJDD720VI200","D720VI200TC","Clear 2 Count H-Lid Dome Cupcake Container    200/Cs","","","Disposables : Containers","","23","","","","","","","","","","true"
"AJDD950100","D950100","4 3/8"" Clear Spoon 20/Pk 50Pks/Cs","","","Disposables : Cups, Plates, Cutlery","","14.18","","","","","","","","","","true"
"AJDDC0680400","DC0680400","Clear 1oz Petite Round Cup 24/Pk 12Pks/Cs","","","Disposables : Cups, Plates, Cutlery","","12.46","","","","","","","","","","true"
"AJDDC0680500","DC0680500","Clear 1.5oz Petite Round Cup 24/Pk 12Pks/Cs","","","Disposables : Cups, Plates, Cutlery","","25.2","","","","","","","","","","true"
"AJDDC0680600","DC0680600","Clear 3oz Petite Round Cup 12/Pk 12Pks/Cs","","","Disposables : Cups, Plates, Cutlery","","12.6","","","","","","","","","","true"
"AJDDC0680700","DC0680700","Clear 6oz Petite Triangle Cup 12/Pk 12Pks/Cs","","","Disposables : Cups, Plates, Cutlery","","32.6","","","","","","","","","","true"
"AJDDC0680799","DC0680799","Black 6oz Petite Triangle Cup 12/Pk 12Pks/Cs","","","Disposables : Cups, Plates, Cutlery","","32.6","","","","","","","","","","true"
"AJDDC0710250","DC07102500","Mini Pack 8.5oz H-Lid Round Container - S 100/Pk 2Pks/Cs","","","Disposables : Containers","","17.08","","","","","","","","","","true"
"AJDDC0710350","DC07103500","Mini Pack 12oz H-Lid Round Container - M 100/Pk 2Pks/Cs","","","Disposables : Containers","","17.08","","","","","","","","","","true"
"AJDDC0710500","DC07105000","Mini Pack 13.5oz H-Lid Round Container - L 100/Pk 2Pks/Cs","","","Disposables : Containers","","19.63","","","","","","","","","","true"
"AJDDP450605","DP4506051699S","Pro To Go 16oz Reusable Container (6X5) 50/Pk 2Pks/Cs","","","Disposables : Containers","","13.93","","","","","","","","","","true"
"AJDDP4506051","DP4506051299S","Pro To Go 12oz Reusable Container (6X5) 50/Pk 2Pks/Cs","","","Disposables : Containers","","12.51","","","","","","","","","","true"
"AJDDP4508062","DP4508062499S","Pro To Go 24oz Reusable Container (8X6) 50/Pk 2Pks/Cs","","","Disposables : Containers","","21.14","","","","","","","","","","true"
"AJDP45080632","DP4508063299S","Pro To Go 32oz Reusable Container (8X6) 50/Pk 2Pks/Cs","","","Disposables : Containers","","24.28","","","","","","","","","","true"
"AJDP45100732","DP45100732399S","Pro To Go 3Comp Reusable Black Base Cont (7X10) 50/Pk 2Pks/Cs","","","Disposables : Containers","","29.69","","","","","","","","","","true"
"AJP3L01DB030","P3L01DB03002500800","Darnel 12"" X 2625' Shrink Film Center Fold (100 Gauge)","","","Film & Foil : Film","","60.5","","","","","","","","","","true"
"AJP3L01DB045","P3L01DB04502500800","Darnel 18"" X 2625' Shrink Film Center Fold (100 Gauge)","","","Film & Foil : Film","","88.17","","","","","","","","","","true"
"AJSA155-15-5","SA155-15-5000F","Darnel 15"" X 5000' Meat Film (55 Gauge)","","","Film & Foil : Film","","52.03","","","","","","","","","","true"
"AMS3020E","3020E","3lb Jimmies Bulk Sprinkles - Rainbow","","","Food Products","","6.84","","","","","","","","","","true"
"AMS3030","3030","25lb Jimmies Bulk Sprinkles - Chocolate","","","Food Products","","46.25","","","","","","","","","","true"
"AMS3030E","3030E","3lb Jimmies Bulk Sprinkles - Chocolate","","","Food Products","","7.17","","","","","","","","","","true"
"AMS3040","3040","25lb Jimmies Bulk Sprinkles - Blue","","","Food Products","","43.75","","","","","","","","","","true"
"AMS3040E","3040E","3lb Jimmies Bulk Sprinkles - Blue","","","Food Products","","6.84","","","","","","","","","","true"
"AMS3045","3045","25lb Jimmies Bulk Sprinkles - Green","","","Food Products","","43.75","","","","","","","","","","true"
"AMS3045E","3045E","3lb Jimmies Bulk Sprinkles - Green","","","Food Products","","6.84","","","","","","","","","","true"
"AMS3050","3050","25lb Jimmies Bulk Sprinkles - Lavender","","","Food Products","","43.75","","","","","","","","","","true"
"AMS3050E","3050E","3lb Jimmies Bulk Sprinkles - Lavender","","","Food Products","","6.84","","","","","","","","","","true"
"AMS3060","3060","25lb Jimmies Bulk Sprinkles - Orange","","","Food Products","","43.75","","","","","","","","","","true"
"AMS3060E","3060E","3lb Jimmies Bulk Sprinkles - Orange","","","Food Products","","6.84","","","","","","","","","","true"
"AMS3065","3065","25lb Jimmies Bulk Sprinkles - Pink","","","Food Products","","43.75","","","","","","","","","","true"
"AMS3065E","3065E","3lb Jimmies Bulk Sprinkles - Pink","","","Food Products","","6.84","","","","","","","","","","true"
"AMS3070","3070","25lb Jimmies Bulk Sprinkles - Red","","","Food Products","","43.75","","","","","","","","","","true"
"AMS3070E","3070E","3lb Jimmies Bulk Sprinkles - Red","","","Food Products","","6.84","","","","","","","","","","true"
"AMS3075","3075","25lb Jimmies Bulk Sprinkles - White","","","Food Products","","43.75","","","","","","","","","","true"
"AMS3075E","3075E","3lb Jimmies Bulk Sprinkles - White","","","Food Products","","6.84","","","","","","","","","","true"
"AMS3080","3080","25lb Jimmies Bulk Sprinkles - Yellow","","","Food Products","","43.75","","","","","","","","","","true"
"AMS3080E","3080E","3lb Jimmies Bulk Sprinkles - Yellow","","","Food Products","","6.84","","","","","","","","","","true"
"ARCSPARAPP16","SPARAPP16","Sparkle 16oz Disinfectant - Green Apple 24/Cs","","","Institutional Supplies : Cleaning Supplies","","8.98","","","","","","","","","","true"
"ARCSPARDWL75","SPARDWL75","Sparkle 750ml Dishwashing Liquid 20/Cs","","","Institutional Supplies : Cleaning Supplies","","14.3","","","","","","","","","","true"
"ARCSPARLAV16","SPARLAV16","Sparkle 16oz Disinfectant - Lavender 24/Cs","","","Institutional Supplies : Cleaning Supplies","","8.98","","","","","","","","","","true"
"ARCSPARLAV28","SPARLAV28","Sparkle 28oz Disinfectant - Lavender 24/Cs","","","Institutional Supplies : Cleaning Supplies","","14.26","","","","","","","","","","true"
"ARCSPARSBZ16","SPARSBZ16","Sparkle 16oz Disinfectant - Sea Breeze  24/Cs","","","Institutional Supplies : Cleaning Supplies","","8.16","","","","","","","","","","true"
"ARCSPARSBZ28","SPARSBZ28","Sparkle 28oz Disinfectant - Sea Breeze 24/Cs","","","Institutional Supplies : Cleaning Supplies","","14.26","","","","","","","","","","true"
"BMFGS110-IC4","MANUELITA 50KG","Refined Granulated Sugar   - 110lb","","","Food Products","","59.18","","","","","","","","","","true"
"CBC12DER","CBC12DER","Cove Bay 12oz PLA Rectangular Container  75/Pk 6Pks/Cs","","","Disposables : Containers","","23.24","","","","","","","","","","true"
"CBC24DER","CBC24DER","Cove Bay 24oz PLA Rectangular Container  100/Pk  6Pks/Cs","","","Disposables : Containers","","55.43","","","","","","","","","","true"
"CBC53PST1","CBC53PST1","Cove Bay 5"" Clear H-Lid PLA Container  250/Cs","","","Disposables : Containers","","36.15","","","","","","","","","","true"
"CBC57PST1","CBC57PST1","Cove Bay 6"" Clear H-Lid PLA Container  80/Pk  3Pks/Cs","","","Disposables : Containers","","34.25","","","","","","","","","","true"
"CBC6621C-25","SY-6125","Choice 6 X 6 Cornstarch Container   25/Pk 20Pks/Cs","","","Disposables : Containers","","27.39","","","","","","","","","","true"
"CBC8821-25","CBC8821-25","Choice 8 X 8 Cornstarch 1-Comp Container 25/Pk 8Pks/Cs","","","Disposables : Containers","","18.78","","","","","","","","","","true"
"CBC8823C-25","SY-8325","Choice 8 X 8 Cornstarch 3-Comp Container 25/Pk 8Pks/Cs","","","Disposables : Containers","","16","","","","","","","","","","true"
"CBC8DER","CBC8DER","Cove Bay 8oz PLA Rectangular Container  75/Pk  6Pks/Cs","","","Disposables : Containers","","20.79","","","","","","","","","","true"
"CBCC925-25","D-091","Choice 9"" Cornstarch Plate 25/Pk 20Pks/Cs","","","Disposables : Cups, Plates, Cutlery","","19.57","","","","","","","","","","true"
"CBCCGB48-25","LB-9525","Choice 4 X 8 Cornstarch Curry Goat Container 25/Pk 20Pks/Cs","","","Disposables : Containers","","29.35","","","","","","","","","","true"
"CBCCS12","C12","Choice 12oz Cornstarch Cold Cup    25/Pk 40Pks/Cs","","","Disposables : Cups, Plates, Cutlery","","27.83","","","","","","","","","","true"
"CBCCS9","C09","Choice 9oz Cornstarch Cold Cup  25/Pk 40Pks/Cs","","","Disposables : Cups, Plates, Cutlery","","18.55","","","","","","","","","","true"
"CBCHF50","F06","Choice 50-Pk Cornstarch Heavy Fork 20Pks/Cs","","","Disposables : Cups, Plates, Cutlery","","15.93","","","","","","","","","","true"
"CBCHSS25","SS08","Choice 25-Pk Cornstarch Heavy Soup Spoon 40Pks/Cs","","","Disposables : Cups, Plates, Cutlery","","12.5","","","","","","","","","","true"
"CBCHT50","TS08","Choice 50-Pk Cornstarch Heavy Teaspoon   20Pks/Cs","","","Disposables : Cups, Plates, Cutlery","","12.25","","","","","","","","","","true"
"CBCHT50-WR","TS08-WR","Choice 50Pk Wrapped Cornstarch Heavy Teaspoon   20Pks/Cs","","","Disposables : Cups, Plates, Cutlery","","16","","","","","","","","","","true"
"CBCMF25","F0625","Choice 25-Pk Cornstarch Medium Fork 40Pks/Cs","","","Disposables : Cups, Plates, Cutlery","","8.1","","","","","","","","","","true"
"CBCMF50","F06","Choice 50-Pk Cornstarch Medium Fork 20Pks/Cs","","","Disposables : Cups, Plates, Cutlery","","7.94","","","","","","","","","","true"
"CBCMSS50","SS06","Choice 50-Pk Cornstarch Medium Soup Spoon 20Pks/Cs","","","Disposables : Cups, Plates, Cutlery","","7.94","","","","","","","","","","true"
"CBDL2432","CBDL2432","Cove Bay PLA Lid For 24 & 32oz Rect PLA Cont 50/Pk 12Pks/Cs","","","Disposables : Containers","","38.31","","","","","","","","","","true"
"CBDL812","CBDL812","Cove Bay PLA Lid For 8 & 12oz Rect PLA Cont  75/Pk  6Pks/Cs","","","Disposables : Containers","","16.82","","","","","","","","","","true"
"CBY1000","CB1000","Cove Bay Tad White Roll Towel    6-Rolls/Cs","","","Tissue Products : Institutional Paper","","19","","","","","","","","","","true"
"CBY1001","CBY1001","Choice Full Steam Foil Lids 50/Cs","","","Disposables","","15.64","","","","","","","","","","true"
"CBY1022","CBY1022","Choice 1 lb Oblong Foil Pan 1000/Cs","","","Disposables","","35.45","","","","","","","","","","true"
"CBY1022DL","CBY1022DL","Choice 1 lb Oblong Dome Plastic Lid 1000/Cs","","","Disposables","","17.02","","","","","","","","","","true"
"CBY1051325","CB10513","Cove Bay Kraft Paper Handle Bag ( 10 X 5 X 13 )   250/Cs","","","Disposables : Bags : Paper","","15.95","","","","","","","","","","true"
"CBY10514FW","MY-10514FW","Choice 14 X 10.5 Silver Foil Wrap  500/Pk  5Pks/Cs","","","Film & Foil : Foil","","40","","","","","","","","","","true"
"CBY120","CBY120","Choice Full Steam Foil Pans - Medium   50/Cs","","","Disposables","","19.08","","","","","","","","","","true"
"CBY121","CB121","Cove Bay 12"" X 1000' Foil","","","Film & Foil : Foil","","20","","","","","","","","","","true"
"CBY1210","CBY1210","Cove Bay 12X10.75 Pop Up Foil Sheets AP1217S 200/Bx 12Bxs/Cs","","","Film & Foil : Foil","","36.7","","","","","","","","","","true"
"CBY12100","CB12100","Cove Bay 12"" X 100' Film ( Safe Slide Blade ) 35/Cs","","","Film & Foil : Film","","23.12","","","","","","","","","","true"
"CBY1210S","CBY1210","Cove Bay 12X10.75 Pop Up Foil Sheets  500/Bx 6Bxs/Cs","","","Film & Foil : Foil","","40.34","","","","","","","","","","true"
"CBY1216DLW","NIN-1216DLW","Cove Bay CPLA Lid For 12oz Dw Paper Hot Cup  50/Pk  20Pks/Cs","","","Disposables : Cups, Plates, Cutlery","","12","","","","","","","","","","true"
"CBY122","CB122","Cove Bay 12"" X 2000' Film (Cutterbox)","","","Film & Foil : Film","","6.85","","","","","","","","","","true"
"CBY12200","CB12200","Cove Bay 12"" X 200' Film ( Safe Slide Blade ) 35/Cs","","","Film & Foil : Film","","32.9","","","","","","","","","","true"
"CBY125","CB125","Cove Bay 12"" X 5000' Meat Film","","","Film & Foil : Film","","22.77","","","","","","","","","","true"
"CBY12915","CB12915","Cove Bay Kraft Paper Handle Bag ( 12 X 9 X 15.75 ) 100/Cs","","","Disposables : Bags : Paper","","18.97","","","","","","","","","","true"
"CBY12DC","DC-12","Cove Bay 12oz PLA Round Deli Container 50/Pk  10Pks/Cs","","","Disposables : Containers","","39","","","","","","","","","","true"
"CBY12SDB","SB-06-12","Cove Bay 12oz Clear PLA Salad Bowl 100/Pk  6Pks/Cs","","","Disposables : Containers","","43.2","","","","","","","","","","true"
"CBY130","CBY130","Choice Full Steam Foil Pans - Deep   50/Cs","","","Disposables","","29.3","","","","","","","","","","true"
"CBY130-15","CBY130-15","Choice 15-Pk Full Steam Foil Pans - Deep   6Pks/Cs","","","Disposables","","54.77","","","","","","","","","","true"
"CBY13613","CB13613","Cove Bay Kraft Paper Handle Bag ( 13 X 6.75 X 13.5 )100/Cs","","","Disposables : Bags : Paper","","18.15","","","","","","","","","","true"
"CBY1367513","CB13613","Cove Bay Kraft Paper Handle Bag ( 13 X 6.75 X 13.5 )250/Cs","","","Disposables : Bags : Paper","","39.88","","","","","","","","","","true"
"CBY155","CB155","Cove Bay 15"" X 5000' Meat Film","","","Film & Foil : Film","","26.43","","","","","","","","","","true"
"CBY17STRAY","17S","Cove Bay 17S Tan Fiber Tray (8.3X4.5X0.6) 125/Pk 4 Pks/Cs","","","Disposables","","51.63","","","","","","","","","","true"
"CBY181","CB181","Cove Bay 18"" X 1000' Foil","","","Film & Foil : Foil","","28.75","","","","","","","","","","true"
"CBY1813","CBY1813","Choice 1 1/2 lb Oblong Foil Pan 500/Cs","","","Disposables","","31.56","","","","","","","","","","true"
"CBY1813DL","CBY1813DL","Choice 1 1/2 lb Oblong Dome Plastic Lid 500/Cs","","","Disposables","","10.85","","","","","","","","","","true"
"CBY182","CB182","Cove Bay 18"" X 2000' Film (Cutterbox)","","","Film & Foil : Film","","9.75","","","","","","","","","","true"
"CBY183","CB183","Cove Bay 18"" X 3000' Film (Cutterbox)","","","Film & Foil : Film","","16.48","","","","","","","","","","true"
"CBY185","CB185","Cove Bay 18"" X 5000' Meat Film","","","Film & Foil : Film","","31.69","","","","","","","","","","true"
"CBY1850","CB1850","Cove Bay 18"" X 500' Foil","","","Film & Foil : Foil","","9.7","","","","","","","","","","true"
"CBY1SCUP","481","Cove Bay Clear 1oz Cup Souffle Cont 100/Pk  50Pks/Cs","","","Disposables : Containers","","41.48","","","","","","","","","","true"
"CBY2002","CBY2002","Choice Half Steam Foil Lids 100/Cs","","","Disposables","","11.05","","","","","","","","","","true"
"CBY209","CB209","Cove Bay 9"" Round Foil Pans 500/Cs","","","Disposables","","42.31","","","","","","","","","","true"
"CBY209DL","CB209DL","Cove Bay 9"" Clear Dome Lids 500/Cs","","","Disposables","","18.6","","","","","","","","","","true"
"CBY214","CBY214","Choice 2 1/4 lb Oblong Foil Pan 500/Cs","","","Disposables","","40.96","","","","","","","","","","true"
"CBY214DL","CBY214DL","Choice 2 1/4 lb Oblong Dome Plastic Lid 500/Cs","","","Disposables","","16.56","","","","","","","","","","true"
"CBY220","CBY220","Choice Half Steam Foil Pans - Medium 100/Cs","","","Disposables","","15.05","","","","","","","","","","true"
"CBY230","CBY230","Choice Half Steam Foil Pans - Deep   100/Cs","","","Disposables","","20.82","","","","","","","","","","true"
"CBY24DC","DC-24","Cove Bay 24oz PLA Round Deli Container 50/Pk  10Pks/Cs","","","Disposables : Containers","","58.5","","","","","","","","","","true"
"CBY24SB","SB-07-24","Cove Bay 24oz Clear PLA Salad Bowl 50/Pk  9Pks/Cs","","","Disposables : Containers","","60.3","","","","","","","","","","true"
"CBY24SBLK","CBY32SBLK","Cove Bay 24oz Kraft Salad Container & Lid 25/Pk 6Pks/Cs","","","Disposables : Containers","","7.24","","","","","","","","","","true"
"CBY2STRAY","2S","Cove Bay 2S Tan Fiber Tray (8X5.75X0.6) 125/Pk  4 Pks/Cs","","","Disposables","","59.9","","","","","","","","","","true"
"CBY3037C","CB3037C","Cove Bay 30 X 37 Clear Garbage Bags 250/Cs ( Can Liner )","","","Disposables : Bags : Plastic","","16.85","","","","","","","","","","true"
"CBY32SB","SB-07-32","Cove Bay 32oz Clear PLA Salad Bowl 50/Pk  9Pks/Cs","","","Disposables : Containers","","69.3","","","","","","","","","","true"
"CBY32SBLK","CBY32SBLK","Cove Bay 32oz Kraft Salad Container & Lid 25/Pk 6Pks/Cs","","","Disposables : Containers","","7.24","","","","","","","","","","true"
"CBY330","CB330","Cove Bay Facial Tissues - Flat  100/Box   30-Boxes/Cs","","","Tissue Products : Household","","7","","","","","","","","","","true"
"CBY340","CB340","Cove Bay Facial Tissues - Cube  90/Box 30-Boxes/Cs","","","Tissue Products : Household","","6.5","","","","","","","","","","true"
"CBY3850B","CB3850B","Cove Bay 38 X 50 Black Garbage Bags 200/Cs ( Can Liner )","","","Disposables : Bags : Plastic","","24","","","","","","","","","","true"
"CBY5525","CBY5525","Cove Bay X-Large Rectangular Roaster Foil Pan 48/Cs","","","Disposables","","16.01","","","","","","","","","","true"
"CBY5527","CB5527","Cove Bay 2Pk Casserole/Lasagna Foil Pan 24-Pks/Cs","","","Disposables","","7.03","","","","","","","","","","true"
"CBY5532","CB5532","Cove Bay Giant Lasagna Foil Pan  48/Cs","","","Disposables","","12.82","","","","","","","","","","true"
"CBY645","CBY645","Cove Bay White Multifold Towel 334/Pk   12-Pks/Cs","","","Tissue Products : Institutional Paper","","11.6","","","","","","","","","","true"
"CBY6621C","SY-61","Cove Bay 6 X 6 Cornstarch Container   50/Pk 10Pks/Cs","","","Disposables : Containers","","24.35","","","","","","","","","","true"
"CBY710","CB710","Cove Bay White Beverage Napkin 500/Pk   8Pks/Cs","","","Tissue Products","","5.6","","","","","","","","","","true"
"CBY724","CB724","Cove Bay White Lunch Napkin 500/Pk  12-Pks/Cs","","","Tissue Products","","14.1","","","","","","","","","","true"
"CBY735","CB735","Cove Bay Tallfold Napkins 475/Pk   20-Pks/Cs","","","Tissue Products","","14.45","","","","","","","","","","true"
"CBY785","CBY785","Cove Bay 2-Ply Dinner Napkin (14.4 X 16.5) 150/Pk 20Pks/Cs","","","Tissue Products","","18.9","","","","","","","","","","true"
"CBY847510","CB8410","Cove Bay Kraft Paper Handle Bag ( 8 X 4.75 X 10 ) 250/Cs","","","Disposables : Bags : Paper","","34.75","","","","","","","","","","true"
"CBY8723C-25","8723C-25","Choice 8 X 7 X 2 Cornstarch 3Comp Container 25/Pk 20Pks/Cs","","","Disposables : Containers","","50.34","","","","","","","","","","true"
"CBY8821C","SC-81","Cove Bay 8 X 8 Cornstarch 1-Comp Cont. 100/Pk 2Pks/Cs","","","Disposables : Containers","","17.39","","","","","","","","","","true"
"CBY8823C","SY-83","Cove Bay 8 X 8 Cornstarch 3-Comp Cont. 100/Pk 2Pks/Cs","","","Disposables : Containers","","13.5","","","","","","","","","","true"
"CBY8DC","CF DC-8","Cove Bay 8oz PLA Round Deli Container 50/Pk  10Pks/Cs","","","Disposables : Containers","","29.25","","","","","","","","","","true"
"CBY910","CBY910","Cove Bay 9"" X 10 3/4"" Pop Up Foil Sheets   200/Bx  12Bxs/Cs","","","Film & Foil : Foil","","18.51","","","","","","","","","","true"
"CBYALC1GAL","ALC1GAL","Cove Bay 1 Gal Rubbing Alcohol","","","Institutional Supplies : Cleaning Supplies","","29","","","","","","","","","","true"
"CBYB003-100","F-06","Cove Bay 6 X 6 H-Lid Bagasse Container  100/Pk 5-Pks/Cs","","","Disposables : Containers","","30.5","","","","","","","","","","true"
"CBYB034-100","F-96","Cove Bay 9 X 6 H-Lid Bagasse Container 100/Pk 2Pks/Cs","","","Disposables : Containers","","15","","","","","","","","","","true"
"CBYB08C3-100","F-08C3","Cove Bay 8 X 8 H-Lid 3-Comp Bagasse Cont 100/Pk 2-Pks/Cs","","","Disposables : Containers","","22.16","","","","","","","","","","true"
"CBYCGB48","LB-95","Cove Bay 4 X 8 Cornstarch Curry Goat Cont 50/Pk 10Pks/Cs","","","Disposables : Containers","","26.09","","","","","","","","","","true"
"CBYCH200","CH200","Choice 200Ft Foil 12/Cs","","","Film & Foil : Foil","","49.82","","","","","","","","","","true"
"CBYCH25","CH25","Choice 25Ft Foil 24/Cs","","","Film & Foil : Foil","","16.14","","","","","","","","","","true"
"CBYCH375","CBYCH375","Choice 37.5 Sq Ft Foil 24/Cs","","","Film & Foil : Foil","","28.28","","","","","","","","","","true"
"CBYCH75","CBYCH75","Choice 75Ft Foil 24/Cs","","","Film & Foil : Foil","","39.15","","","","","","","","","","true"
"CBYCLOTHE20M","CLOTHE20M","Cove Bay 20 Metre Clothes Line ( Blue / Green )  100/Cs","","","Institutional Supplies","","63","","","","","","","","","","true"
"CBYCST85N-","STNCL2160902","Cove Bay 8.5"" Wrapped Colossal Straw - Neon 500/Pk 4-Pks/Cs","","","Disposables","","46.59","","","","","","","","","","true"
"CBYCTOB30","CTOB30","Cove Bay #1 Black Fold To Go Box (4 3/8 X 3.5 X 2.5) 75/Pk 6Pks/Cs","","","Disposables : Containers","","31.47","","","","","","","","","","true"
"CBYCTOB45","CTOB45","Cove Bay #8 Black Fold To Go Box (6 X 4.75 X 2.5) 50/Pk 6Pks/Cs","","","Disposables : Containers","","28.22","","","","","","","","","","true"
"CBYCTOB71","CTOB71","Cove Bay #3 Black Fold To Go Box (7.75 X 5.5 X 2.5) 50/Pk 4Pks/Cs","","","Disposables : Containers","","25.48","","","","","","","","","","true"
"CBYCTOK30","CTOK30","Cove Bay #1 Kraft Fold To Go Box (4 3/8 X 3.5 X 2.5) 75/Pk 6Pks/Cs","","","Disposables : Containers","","30.74","","","","","","","","","","true"
"CBYCTOK45","CTOK45","Cove Bay #8 Kraft Fold To Go Box (6 X 4.75 X 2.5) 50/Pk 6Pks/Cs","","","Disposables : Containers","","27.42","","","","","","","","","","true"
"CBYCTOK71","CTOK71","Cove Bay #3 Kraft Fold To Go Box (7.75 X 5.5 X 2.5) 50/Pk 4Pks/Cs","","","Disposables : Containers","","24.39","","","","","","","","","","true"
"CBYDCLID","DC-120F","Cove Bay Clear Flat PLA Lid For Deli Cont 50/Pk 10Pks/Cs","","","Disposables : Containers","","18.75","","","","","","","","","","true"
"CBYFC12W","12FCSIMPLEX","Cove Bay 12oz Food Cont & Lid - White 25/Pk  10-Pks/Cs","","","Disposables : Containers","","5.61","","","","","","","","","","true"
"CBYFC16W","16FCSIMPLEX","Cove Bay 16oz Food Cont & Lid - White  25/Pk  10-Pks/Cs","","","Disposables : Containers","","5.2","","","","","","","","","","true"
"CBYFC16W-SQ","16FCSQSIMPLEX","Cove Bay 16oz Squat Food Cont & Lid - White 25/Pk 20Pks/Cs","","","Disposables : Containers","","17.6","","","","","","","","","","true"
"CBYFC24SK","NIN-24OZSQTRND","Cove Bay 24oz Squat Food Cont (Use CBYLFC24S) 50/Pk 10Pks/Cs","","","Disposables : Containers","","20.8","","","","","","","","","","true"
"CBYFC24W","24FCSIMPLEX","Cove Bay 24oz Food Cont & Lid - White 25/Pk  10Pks/Cs","","","Disposables : Containers","","15.9","","","","","","","","","","true"
"CBYFC32W","FC32SIMPLEX","Cove Bay 32oz Food Cont & Lid - White  25/Pk  10-Pks/Cs","","","Disposables : Containers","","17","","","","","","","","","","true"
"CBYFC8OZ","LCDFR-8","Cove Bay 8oz Paper Food Container 25/Pk  10Pks/Cs","","","Disposables : Containers","","6.84","","","","","","","","","","true"
"CBYFTG3K","#3KRAFTSIMPLEX","Cove Bay #3 Kraft Fold To Go Box  (7.75 X 5.5 X 2.5) 75/Pk 4Pks/Cs","","","Disposables : Containers","","25","","","","","","","","","","true"
"CBYFTG8K","8#KRAFTSIMPLEX","Cove Bay #8 Kraft Fold To Go Box  (6 X 4.75 X 2.5)  50/Pk 6Pks/Cs","","","Disposables : Containers","","23.96","","","","","","","","","","true"
"CBYFTG8K25","FTG8K25","Cove Bay #8 Kraft Fold To Go Box   (6 X 4.75 X 2.5)  50/Pk 6Pks/Cs","","","Disposables : Containers","","22.7","","","","","","","","","","true"
"CBYHC12","NIN-HC12-4025","Cove Bay 12oz PLA Lined Paper Hot Cup      25/Pk    40Pks/Cs","","","Disposables : Cups, Plates, Cutlery","","26.73","","","","","","","","","","true"
"CBYHC12COM","NIN-12HC&L402525","Cove Bay 12oz White Paper Hot Cup & Lid    25/Pk  40Pks/Cs","","","Disposables : Cups, Plates, Cutlery","","34","","","","","","","","","","true"
"CBYHC12DW","NIN-12DW-SIMPLEX","Cove Bay 12oz Double Wall Paper Hot Cup  25/Pk  20Pks/Cs","","","Disposables : Cups, Plates, Cutlery","","17.3","","","","","","","","","","true"
"CBYHKB-FKN07","HVYKIT2BLK","Cove Bay Hvy Black Cutlery Kit #2 Fk, Kn & Nap  50/Pk 5Pks/Cs","","","Disposables : Cups, Plates, Cutlery","","13.73","","","","","","","","","","true"
"CBYHKB-FKTN","CBYHKB-FKTN07","Cove Bay Hvy Black Cutlery Kit #5 Fk,Kn,Sp & Nap  50/Pk 5Pks/Cs","","","Disposables : Cups, Plates, Cutlery","","17.7","","","","","","","","","","true"
"CBYHKB-FKTNS","HVYKIT3BLK","Cove Bay Hvy Black Cutlery Kit #3 Fk,Kn,Sp,Nap,S & P 50/Pk 5Pks/Cs","","","Disposables : Cups, Plates, Cutlery","","19.82","","","","","","","","","","true"
"CBYHK-FKN07","HVYKIT2","Cove Bay Hvy White Cutlery Kit #2 Fk, Kn ,Nap 50/Pk 5Pks/Cs","","","Disposables : Cups, Plates, Cutlery","","12.95","","","","","","","","","","true"
"CBYHK-FKTNSP","HVYKIT3","Cove Bay Hvy White Cutlery Kit #3 Fk,Kn,Sp,Nap,S & P 50/Pk 5Pks/Cs","","","Disposables : Cups, Plates, Cutlery","","18.7","","","","","","","","","","true"
"CBYHK-FN07","HVYKIT1","Cove Bay Hvy White Cutlery Kit #1 Fk & Nap 50/Pk 5Pks/Cs","","","Disposables : Cups, Plates, Cutlery","","8.73","","","","","","","","","","true"
"CBYKHD-12","KHD-12","Cove Bay 12oz PLA H-Lid Container  100/Pk 2Pks/Cs","","","Disposables : Containers","","20.79","","","","","","","","","","true"
"CBYLFC24S","NIN-LPP142","Cove Bay 142mm Lid For 24oz Paper Cont   100/Pk  5-Pks/Cs","","","Disposables : Containers","","10.6","","","","","","","","","","true"
"CBYMF1000","F061000","Cove Bay Bulk Cornstarch Med Fork 1000/Cs","","","Disposables : Cups, Plates, Cutlery","","7.74","","","","","","","","","","true"
"CBYMK-FKTN06","MEDKIT3","Cove Bay Med White Cutlery Kit #3 Fk,Kn,Sp,Nap 50/Pk 5Pks/Cs","","","Disposables : Cups, Plates, Cutlery","","11.24","","","","","","","","","","true"
"CBYMK-FN06","MEDKIT1","Cove Bay Med White Cutlery Kit #1 Fk & Nap 50/Pk 5Pks/Cs","","","Disposables : Cups, Plates, Cutlery","","6.58","","","","","","","","","","true"
"CBYP031R-25","P-B9","Choice  9"" Bagasse Plate 25/Pk  20-Pks/Cs","","","Disposables : Cups, Plates, Cutlery","","23.25","","","","","","","","","","true"
"CBYPSW-6","ECO00198A","Cove Bay 7.75"" 6mm 100Pk White Wrapped Paper Straw  30-Pks/Cs","","","Disposables","","28","","","","","","","","","","true"
"CBYSBLD","SL-06-DL","Cove Bay Clear PLA Lid For 12 & 16oz Bowls 100/Pk 6Pks/Cs","","","Disposables : Containers","","34.2","","","","","","","","","","true"
"CBYSBLID","SL-07-DL","Cove Bay Clear PLA Lid For 24 & 32oz Bowls  50/Pk 9Pks/Cs","","","Disposables : Containers","","36","","","","","","","","","","true"
"CBYSC12W","NIN-SC12WHITE","Cove Bay 12oz Food Cont & Lid - White 25/Pk  10-Pks/Cs","","","Disposables : Containers","","30","","","","","","","","","","true"
"CBYSC32W","NIN-SC32CHAMP","Cove Bay 32oz Food Cont & Lid - Champagne Des 25/Pk 20Pks/Cs","","","Disposables : Containers","","89","","","","","","","","","","true"
"CBYSLID1","452","Cove Bay Lid For 1oz PLA Cup Cup 100/Pk  50Pks/Cs","","","Disposables : Cups, Plates, Cutlery","","24.89","","","","","","","","","","true"
"CBYSTW5000","STW5000","Cove Bay 8.25"" 6mm 100-Pk Pha Wrapped Straw  50-Pks/Cs","","","Disposables","","42.9","","","","","","","","","","true"
"CC10H","10HL","White 1oz Pump (10.75"") 12/Box 6-Boxes/Cs","","","Institutional Supplies : Foodservice","","3.5","","","","","","","","","","true"
"CC932CG","932CG","32oz Plastic Spray Bottle With Measurements    100/Cs","","","Institutional Supplies : Cleaning Supplies","","0.49","","","","","","","","","","true"
"CCACID25KG","ACID25KG","Acetic Acid - 25kg","","","Food Products","","66.25","","","","","","","","","","true"
"CCCITACID25","CITACID25","Citric Acid - 25kg","","","Food Products","","74","","","","","","","","","","true"
"CCD14007640","14007640","Bright Side Farms 1L Almond Milk - Original  12/Cs","","","Food Products","","15.5","","","","","","","","","","true"
"CCD14007641","14007641","Bright Side Farms 1L Almond Milk - Unsweetened 12/Cs","","","Food Products","","15.5","","","","","","","","","","true"
"CCD14007642","14007642","Bright Side Farms 1L Almond Milk - Vanilla 12/Cs","","","Food Products","","15.5","","","","","","","","","","true"
"CCD14007645","14007645","Bright Side Farms 1L Oat Milk - Original  12/Cs","","","Food Products","","16","","","","","","","","","","true"
"CCUMARCHAR20","MARCHAR20","Marabu Lump Charcoal - 20lb","","","Equipment : Heating","","17.95","","","","","","","","","","true"
"CCUMARCHAR35","MARCHAR35","Marabu Lump Charcoal - 35lb","","","Equipment : Heating","","27.95","","","","","","","","","","true"
"CF1750","CF1750","Country Farm 1750g Parboiled Rice  15Pks/Bale","","","Food Products : Rice : Packaged","","14.52","","","","","","","","","","true"
"CF20","CF20","Country Farm 20lb Parboiled Rice","","","Food Products : Rice : Packaged","","5.02","","","","","","","","","","true"
"CF2200","CF2200","Country Farm 2200g Parboiled Rice     12Pks/Bale","","","Food Products : Rice : Packaged","","0","","","","","","","","","","true"
"CF25","CF25","Country Farm 25lb Parboiled Rice","","","Food Products : Rice : Packaged","","0","","","","","","","","","","true"
"CF8","CF8","Country Farm 8lb Parboiled Rice         6/Bale","","","Food Products : Rice : Packaged","","10.66","","","","","","","","","","true"
"CF850","CF850","Country Farm 850g Parboiled Rice - 12/Bale","","","Food Products : Rice : Packaged","","4.99","","","","","","","","","","true"
"CFB28","CFB28","Country Farm 28oz Brown Rice 14Pks/Bale","","","Food Products : Rice : Packaged","","0","","","","","","","","","","true"
"CFBAR","CFBAR","Country Farm Pearl Barley 400g/Pk  24Pks/Bale","","","Food Products : Peas/Beans : Packaged","","0","","","","","","","","","","true"
"CFBB","CFBB","Country Farm Black Beans 400g/Pk  24Pks/Bale","","","Food Products : Peas/Beans : Packaged","","0","","","","","","","","","","true"
"CFBE","CFBE","Country Farm Black Eyes 400g/Pk  24Pks/Bale","","","Food Products : Peas/Beans : Packaged","","0","","","","","","","","","","true"
"CFCN","CFCN","Country Farm Channa Beans 400g/Pk  24Pks/Bale","","","Food Products : Peas/Beans : Packaged","","0","","","","","","","","","","true"
"CFFP","CFFP","Country Farm Field Peas 400g/Pk  24Pks/Bale","","","Food Products : Peas/Beans : Packaged","","0","","","","","","","","","","true"
"CFGS","CFGS","Country Farm Green Splits 400g/Pk  24Pks/Bale","","","Food Products : Peas/Beans : Packaged","","0","","","","","","","","","","true"
"CFLB","CFLB","Country Farm Lima Beans 400g/Pk  24Pks/Bale","","","Food Products : Peas/Beans : Packaged","","0","","","","","","","","","","true"
"CFLIN","CFLIN","Country Farm Linseed 400g/Pk  24Pks/Bale","","","Food Products : Peas/Beans : Packaged","","0","","","","","","","","","","true"
"CFLT","CFLT","Country Farm Lentils 400g/Pk  24Pks/Bale","","","Food Products : Peas/Beans : Packaged","","0","","","","","","","","","","true"
"CFLT-6PK","CFLT-6PK","Country Farm Lentils 6-Pk","","","Food Products : Peas/Beans : Packaged","","0","","","","","","","","","","true"
"CFPC","CFPC","Country Farm Popcorn 400g/Pk  24Pks/Bale","","","Food Products : Peas/Beans : Packaged","","0","","","","","","","","","","true"
"CFPP","CFPP","Country Farm Pigeon Peas 400g/Pk  24Pks/Bale","","","Food Products : Peas/Beans : Packaged","","0","","","","","","","","","","true"
"CFRB","CFRB","Country Farm Red Kidney Beans 400g/Pk  24Pks/Bale","","","Food Products : Peas/Beans : Packaged","","0","","","","","","","","","","true"
"CFSG","CFSG","Country Farm Sago 400g/Pk  24Pks/Bale","","","Food Products : Peas/Beans : Packaged","","0","","","","","","","","","","true"
"CFSM","CFSM","Country Farm Soup Mix 400g/Pk  24Pks/Bale","","","Food Products : Peas/Beans : Packaged","","0","","","","","","","","","","true"
"CFSSI6000","SI6000","Saf-T 6 Gal Ice Tote - Blue 2/Cs","","","Institutional Supplies : Foodservice","","20.2","","","","","","","","","","true"
"CFSSI6500","SI6500","Saf-T Lid For Ice Tote - Blue","","","Institutional Supplies : Foodservice","","2.14","","","","","","","","","","true"
"CFSSI7000","SI7000","12 - 16oz Saf-T Ice Scoop & Guardian - Blue 6/Cs","","","Institutional Supplies : Foodservice","","24.72","","","","","","","","","","true"
"CFSSI7700","SI7700","20 - 24oz Saf-T Ice Scoop & Guardian - Blue 6/Cs","","","Institutional Supplies : Foodservice","","27.55","","","","","","","","","","true"
"CFSSI9000","SI9000","64 - 86oz Saf-T Ice Scoop & Guardian - Blue 6/Cs","","","Institutional Supplies : Foodservice","","41.62","","","","","","","","","","true"
"CFSSICART60","SICART60","Saf-T Ice Cart For Ice Totes - Blue","","","Institutional Supplies : Foodservice","","127.6","","","","","","","","","","true"
"CFW4","CFW4","Country Farm 4lb White Rice 15Pks/Bale","","","Food Products : Rice : Packaged","","27.56","","","","","","","","","","true"
"CFYS","CFYS","Country Farm Yellow Splits 400g/Pk  24Pks/Bale","","","Food Products : Peas/Beans : Packaged","","9.29","","","","","","","","","","true"
"CHC12CL","98-12OZ","Choice 12oz PLA Cold Cup 25/Pk    40Pks/Cs","","","Disposables : Cups, Plates, Cutlery","","131.86","","","","","","","","","","true"
"CHC7CL","78-7OZ","Choice 7oz PLA Cold Cup 25/Pk   40Pks/Cs","","","Disposables : Cups, Plates, Cutlery","","35.75","","","","","","","","","","true"
"CHC9CL","78-9OZ","Choice 9oz PLA Cold Cup 25/Pk   40Pks/Cs","","","Disposables : Cups, Plates, Cutlery","","118.98","","","","","","","","","","true"
"CHCPL9-25","P-B9","Choice  9"" Bagasse Plate 25/Pk  20-Pks/Cs","","","Disposables : Cups, Plates, Cutlery","","23.25","","","","","","","","","","true"
"CI3252T","3252T","275 Gal Dishwashing Liquid Tote - Lemon","","","Institutional Supplies : Cleaning Supplies","","607.59","","","","","","","","","","true"
"CL16CHUB","16CHUB","16oz Clear Chubby PET Bottle (Use CAP28)","","","Disposables : Bottles & Caps","","0.47","","","","","","","","","","true"
"CL1GALROUND","1GALROUND","1 Gallon Round HDPE Bottle ( Use CAP38 )","","","Disposables : Bottles & Caps","","2.01","","","","","","","","","","true"
"CLPET12","PET12","12oz Clear Bullet Shape Bottle (Use CAP28)","","","Disposables : Bottles & Caps","","0.47","","","","","","","","","","true"
"CLPET1LCIL","PET1LCIL","1 Litre Cil Clear Bottle (Use CAP28)","","","Disposables : Bottles & Caps","","0.8","","","","","","","","","","true"
"CLPET1LTRIB","PET1LTRIB","1 Litre Ribbed PET Bottle (Use CAP28)","","","Disposables : Bottles & Caps","","0.74","","","","","","","","","","true"
"CLPET2LTR","PET2LTR","2 Litre Clear PET Bottle (Use CAP28)","","","Disposables : Bottles & Caps","","1.2","","","","","","","","","","true"
"CLPET750","CLPET750","750ml Clear PET Bottle (Use CAP28)","","","Disposables : Bottles & Caps","","0.52","","","","","","","","","","true"
"CLPNL500GR","PNL500GR","500ml Green Panel Bottle (Use CAP28)","","","Disposables : Bottles & Caps","","0.27","","","","","","","","","","true"
"CLR175LN","CLR175LN","1.75L Clear Long Neck Round Bottle (Use CAP33W)  889/Bale","","","Disposables : Bottles & Caps","","1.76","","","","","","","","","","true"
"CLR375FL","CLR375FL","375ml Clear Flask Bottle (Use CAP28)   221/Bale","","","Disposables : Bottles & Caps","","0.44","","","","","","","","","","true"
"CLR500","CLR500","500ml Clear Ribbed Bottle ( Use CAP28 )","","","Disposables : Bottles & Caps","","0.3","","","","","","","","","","true"
"CPCG001","CG001","Candle Grease Sticks 144/Cs","","","Institutional Supplies : Personal Protection","","24.5","","","","","","","","","","true"
"CPFLMC45","FLMC45","Flamingo Green Mosquito Coils 6-Coils/Box   100-Bxs/Cs","","","Institutional Supplies : Personal Protection","","31.2","","","","","","","","","","true"
"CPODFP40","ODFP40","Odyl Firm Plus Toothbrush 12/Box","","","Institutional Supplies : Personal Protection","","4.16","","","","","","","","","","true"
"CPODFR37","ODFR37","Odyl Firm Regular Toothbrush 12/Box","","","Institutional Supplies : Personal Protection","","4.08","","","","","","","","","","true"
"CPODKI34","ODKI34","Odyl Kids Toothbrush 12/Box","","","Institutional Supplies : Personal Protection","","3.83","","","","","","","","","","true"
"CPODMP39","ODMP39","Odyl Medium Plus Toothbrush 12/Box","","","Institutional Supplies : Personal Protection","","3.96","","","","","","","","","","true"
"CPODMR36","ODMR36","Odyl Medium Regular Toothbrush 12/Box","","","Institutional Supplies : Personal Protection","","4.08","","","","","","","","","","true"
"CPODSP38","ODSP38","Odyl Soft Plus Toothbrush 12/Box","","","Institutional Supplies : Personal Protection","","4.16","","","","","","","","","","true"
"CPODSR35","ODSR35","Odyl Soft Regular Toothbrush 12/Box","","","Institutional Supplies : Personal Protection","","3.88","","","","","","","","","","true"
"CPTEDMP12","TEDMP12","Teddy White Mophead - #12 12/Bag  7 Bags/Bale","","","Institutional Supplies : Cleaning Supplies","","109.25","","","","","","","","","","true"
"CPTEDMP14","TEDMP14","Teddy White Mophead - #14 12/Bag  5 Bags/Bale","","","Institutional Supplies : Cleaning Supplies","","89.5","","","","","","","","","","true"
"CPTEDMP16","TEDMP16","Teddy White Mophead - #16 12/Bag  5 Bags/Bale","","","Institutional Supplies : Cleaning Supplies","","106.15","","","","","","","","","","true"
"CPTEDSP46","TEDSP46","Teddy Pink Soap Pads 5/Box  24-Boxes/Cs","","","Institutional Supplies : Cleaning Supplies","","15.1","","","","","","","","","","true"
"CPTEDWS11","TEDWS11","Teddy Wire Pot Scourers 10/Ring 12-Rings/Bag 5-Bags/Cs","","","Institutional Supplies : Cleaning Supplies","","112.35","","","","","","","","","","true"
"CU2019","2019","Gold Medal Flavacol Seasoning Salt - Better Buttery 12/Cs","","","Food Products","","24.36","","","","","","","","","","true"
"CU2039","2039","Gold Medal 1 Gal Pop-A-Lot Topping Oil - Buttery  4/Cs","","","Food Products","","52.14","","","","","","","","","","true"
"CU2045","2045","Gold Medal Flavacol Seasoning Salt - Original 12/Cs","","","Food Products","","23.11","","","","","","","","","","true"
"CU2070","2070","Gold Medal Dc 17oz Popcorn Salt 12/Cs","","","Food Products","","24.59","","","","","","","","","","true"
"CU2383S","2383S","Gold Medal 18oz Seasoning - White Cheddar Cheese  4/Cs","","","Food Products","","57.64","","","","","","","","","","true"
"CU2384S","2384S","Gold Medal 18oz Seasoning - Ranch  4/Cs","","","Food Products","","55.95","","","","","","","","","","true"
"CU2521","2521","Gold Medal 28oz Glaze Pop - Cherry Pink  12/Cs","","","Food Products","","35.67","","","","","","","","","","true"
"CU2522","2522","Gold Medal 28oz Glaze Pop - Grape Purple 12/Cs","","","Food Products","","33.71","","","","","","","","","","true"
"CU2523","2523","Gold Medal 28oz Glaze Pop - Chocolate 12/Cs","","","Food Products","","44.96","","","","","","","","","","true"
"CU2524","2524","Gold Medal 28oz Glaze Pop - Blue Raspberry 12/Cs","","","Food Products","","34.14","","","","","","","","","","true"
"CU2525","2525","Gold Medal 28oz Glaze Pop - Caramel 12/Cs","","","Food Products","","33.71","","","","","","","","","","true"
"CU2526","2526","Gold Medal 28oz Glaze Pop - Hot Cinnamon 12/Cs","","","Food Products","","37.46","","","","","","","","","","true"
"CU2533","2533","Gold Medal 50lb Glaze Pop - Caramel","","","Food Products","","70.34","","","","","","","","","","true"
"CU2538","2538","Gold Medal 28oz Glaze Pop - Sweet Corn  12/Cs","","","Food Products","","31.88","","","","","","","","","","true"
"CU2545","2545","Gold Medal 64oz Pappy'S Kettle Corn Mix 6/Cs","","","Food Products","","28.74","","","","","","","","","","true"
"CU2763","2763","Gold Medal 1 Gallon Tastee Pop Signat. Blend Popping Oil 4/Cs","","","Food Products","","64.13","","","","","","","","","","true"
"CU3201","3201","Gold Medal 64oz Flossugar - Boo Blue (Raspberry) 6/Cs","","","Food Products","","29.27","","","","","","","","","","true"
"CU3203","3203","Gold Medal 64oz Flossugar - Spookie Fruiti (Grape)  6/Cs","","","Food Products","","30.27","","","","","","","","","","true"
"CU3204","3204","Gold Medal 64oz Flossugar - Leapin' Lime  6/Cs","","","Food Products","","29.27","","","","","","","","","","true"
"CU3205","3205","Gold Medal 64oz Flossugar - O-Jay (Orange)  6/Cs","","","Food Products","","29.27","","","","","","","","","","true"
"CU3206","3206","Gold Medal 64oz Flossugar - Jolly Berry(Strawberry) 6/Cs","","","Food Products","","29.27","","","","","","","","","","true"
"CU3207","3207","Gold Medal 64oz Flossugar - Cherry Berry 6/Cs","","","Food Products","","29.27","","","","","","","","","","true"
"CU3208","3208","Gold Medal 64oz Flossugar - Bubble Gum 6/Cs","","","Food Products","","30.27","","","","","","","","","","true"
"CU3209","3209","Gold Medal 64oz Flossugar - Pina Colada 6/Cs","","","Food Products","","29.27","","","","","","","","","","true"
"CU3220","3220","Gold Medal 64oz Flossugar - Sassy Apple 6/Cs","","","Food Products","","29.27","","","","","","","","","","true"
"CU3226","3226","Gold Medal 64oz Flossugar - Sizzling Lemon  6/Cs","","","Food Products","","29.27","","","","","","","","","","true"
"CU3723","3723","Gold Medal 64oz Flossugar - Birthday Cake  6/Cs","","","Food Products","","28.54","","","","","","","","","","true"
"DD22612","22612","Proctor Silex Black 2-Slice Toaster With Slide Out Tray","","","Equipment : Other Appliances","","11.71","","","","","","","","","","true"
"DD24855","24855","Hamilton Beach 4-Slot Smart Bagel Pop Up Toaster","","","Equipment : Other Appliances","","130.61","","","","","","","","","","true"
"DD26020","26020","Hamilton Beach 4-Section Belgian Waffle Maker","","","Equipment : Other Appliances","","40.7","","","","","","","","","","true"
"DD29887","29887","Hamilton Beach White/Silver Artisan Dough & Bread Maker","","","Equipment : Other Appliances","","97.4","","","","","","","","","","true"
"DD31105D","31105D","Hamilton Beach Countertop Oven With Convection & Rotisserie","","","Equipment : Heating","","130.86","","","","","","","","","","true"
"DD31395","31395","Hamilton Beach Sure Crisp Air Fry & Grilling Oven","","","Equipment : Heating","","115.27","","","","","","","","","","true"
"DD31401","31401G","Hamilton Beach 4-Slice Toaster Oven","","","Equipment : Other Appliances","","28.24","","","","","","","","","","true"
"DD37560R","37560R","Hamilton Beach 60 Cup Rice Cooker","","","Equipment : Other Appliances","","197.65","","","","","","","","","","true"
"DD40865","40865G","Hamilton Beach 1.7L Glass Cordless Kettle","","","Equipment : Other Appliances","","34.55","","","","","","","","","","true"
"DD40880","40880G","Hamilton Beach 1.7L Stainless Steel Electric Cordless Kettle","","","Equipment : Other Appliances","","39.87","","","","","","","","","","true"
"DD40930","40930G","Hamilton Beach 1L Compact Glass Kettle","","","Equipment : Other Appliances","","32.2","","","","","","","","","","true"
"DD45060R","45060RZ","Proctor Silex 60 Cup Single Wall Coffe Urn (120V/60/1-Ph)","","","Equipment : Other Appliances","","101.17","","","","","","","","","","true"
"DD45100R","45100RZ","Proctor Silex 100 Cup Single Wall Coffe Urn (120V/60/1-Ph)","","","Equipment : Other Appliances","","115.62","","","","","","","","","","true"
"DD58161","58161","Hamilton Beach 40oz Grey Wave Crusher Blender W/Travel Jar","","","Equipment : Other Appliances","","41.09","","","","","","","","","","true"
"DD6225-17","6225-17","Nemco 1/2 Size Convection Oven W/Manual Controls & 4 Shelves","","","Equipment : Heating","","1117","","","","","","","","","","true"
"DD6230","6230","Nemco 1/2 Size Convection Oven W/Man Cont, Broiler & 3 Shel","","","Equipment : Heating","","1411","","","","","","","","","","true"
"DD6245","6245","Nemco 1/2 Size Convection Oven W/Dig Cont, Steamer & 4 Shel","","","Equipment : Heating","","1646","","","","","","","","","","true"
"DD62515PS","62515PS","Proctor Silex 5-Speed Easy Mix Hand Mixer With Bowl Rest","","","Equipment : Other Appliances","","9.46","","","","","","","","","","true"
"DD67601","67601","Hamilton Beach Big Mouth Black Juice Extractor","","","Equipment : Other Appliances","","58.99","","","","","","","","","","true"
"DD74850","78450","Hamilton Beach Commercial Food Dehydrator      ( Code:78450 )","","","Equipment : Other Appliances","","295.46","","","","","","","","","","true"
"DDCPM800","CPM800","Hamilton Beach 8Qt Planetary Countertop Mixer (120/60/1)","","","Equipment : Other Appliances","","375","","","","","","","","","","true"
"DDHBH455","HBH455","Hamilton Beach Tango 48oz Bar Blender (220-240/50/60/1)","","","Equipment : Other Appliances","","330.31","","","","","","","","","","true"
"DDHBH550-CE","HBH550-CE","Hamilton Beach Fury 64oz Bar Blender (220-240/50/60/1)","","","Equipment : Other Appliances","","374.4","","","","","","","","","","true"
"DDHKE110","HKE110","Hamilton Beach 1L Stainless Steel Kettle","","","Equipment : Other Appliances","","36.06","","","","","","","","","","true"
"DDHMI021","HBF510-CE","Hamilton Beach Bigrig 21"" Immersion Blender","","","Equipment : Other Appliances","","579.05","","","","","","","","","","true"
"DDHSV1000-CE","HSV1000-CE","Acuvide 1000 Immersion Circulator","","","Equipment : Other Appliances","","1164.71","","","","","","","","","","true"
"DDHVC254-CE","HVC254-CE","Hamilton Beach Premium Vacuum Sealer With 10"" Seal Bar","","","Equipment : Other Appliances","","1045.88","","","","","","","","","","true"
"DDHVC305","HVC305","Hamilton Beach Chamber Vacuum Sealer With 12"" Seal Bar","","","Equipment : Other Appliances","","1164.71","","","","","","","","","","true"
"DDHVCP31013","HVCP31013","Hamilton Beach Vacuum Bag 10 X 13 (3 Mil) 250/Pk 4Pks/Cs","","","Equipment","","99.15","","","","","","","","","","true"
"DFV0138","V0138","Aiala 11oz Hi Ball Glass 12/Cs","","","Institutional Supplies : Foodservice","","12.24","","","","","","","","","","true"
"DK301BL","301BL","Non Sterile Blue Isolation Gown 10/Bag  5Bags/Cs","","","Institutional Supplies : Personal Protection","","40","","","","","","","","","","true"
"DKMILDTHLB1A","MILDTHLB1A12","Milor Toothbrush Tubes - Asst Colours 12/Box 12Boxs/Cs","","","Institutional Supplies : Personal Protection","","32.5","","","","","","","","","","true"
"DKMILDTSUB1A","MILDTSUB1A12N","Milor Soap Dishes - Clear 12/Box  12Boxs/Cs","","","Institutional Supplies : Personal Protection","","61.7","","","","","","","","","","true"
"DP045-4RPG","045-4RPG","4"" Round Straight Edge Cake Board With Tab - Gold 500/Cs","","","Disposables","","42.57","","","","","","","","","","true"
"DP066952","66952","White Corrugated Pizza Box ( 12 X 12 ) 50/Bale","","","Disposables","","24.9","","","","","","","","","","true"
"DP066961","66961","White Corrugated Pizza Box ( 10 X 10 ) 50/Case","","","Disposables","","16.95","","","","","","","","","","true"
"DP066963","66963","White Corrugated Pizza Box 14 X 14 X 2   50/Bale","","","Disposables","","21.3","","","","","","","","","","true"
"DP066963P","066963P","Printed Corrugated Pizza Box ( 14 X 14 X 2 )  50/Bale","","","Disposables","","22.26","","","","","","","","","","true"
"DP066964","66964","White Corrugated Pizza Box ( 16 X 16 X 2 )   50/Bale","","","Disposables","","29.74","","","","","","","","","","true"
"DP066972","66972","(32758) 12"" Printed Pizza Box 50/Cs","","","Disposables","","18.4","","","","","","","","","","true"
"DP066975","66975","Printed Corrugated Pizza Box ( 18 X 18 X 2 ) 50/Cs","","","Disposables","","35.94","","","","","","","","","","true"
"DP067353","67353","Printed D-Flute Pizza Box ( 12 X 12 X 1.87 )  50/Bale","","","Disposables","","24.52","","","","","","","","","","true"
"DP069208","69208","( B10104 ) White Cake Box ( 10 X 10 X 4 )  125/Bale","","","Disposables","","31.81","","","","","","","","","","true"
"DP070001","91104001","(091104001) Single Wall Cake Board - Gold ( 9 X 13 ) 100/Cs","","","Disposables","","29.25","","","","","","","","","","true"
"DP0882","882","Printed Pizza Box ( 8 X 8 X 2 ) 50/Cs","","","Disposables","","13.86","","","","","","","","","","true"
"DP1009SCL","1009SCL","9 X 3 Cake Container With Clear Base    50/Cs","","","Disposables : Containers","","54.38","","","","","","","","","","true"
"DP108069","108069","(80123) Cake Board - White ( 9 X 13 ) 100/Cs","","","Disposables","","16.25","","","","","","","","","","true"
"DP108077","108077","(80142) Corrugated Cake Board - White ( 18 X 13.25 )  50/Cs","","","Disposables","","31.85","","","","","","","","","","true"
"DP108083","108083","Corrugated Cake Board - White ( 25.5 X 17.5 ) 50/Cs","","","Disposables","","21.65","","","","","","","","","","true"
"DP108701E-","108701","10"" X 0.5"" Round Cake Drum - Gold  12/Cs","","","Disposables","","27.24","","","","","","","","","","true"
"DP108702E-","108702","10"" X 0.5"" Round Cake Drum - Silver  12/Cs","","","Disposables","","27.24","","","","","","","","","","true"
"DP108703E-","108703","10"" X 0.5"" Round Cake Drum - White  12/Cs","","","Disposables","","30.33","","","","","","","","","","true"
"DP108704E","108704","10"" X 0.5"" Round Cake Drum - Black  12/Cs","","","Disposables","","23.06","","","","","","","","","","true"
"DP108705E","108705","10"" X 0.5"" Round Cake Drum - Red 12/Cs","","","Disposables","","27.24","","","","","","","","","","true"
"DP108705SQ","108705SQ","10"" X 0.5"" Square Cake Drum - Gold 12/Cs","","","Disposables","","28.98","","","","","","","","","","true"
"DP108706E","108706","10"" X 0.5"" Round Cake Drum - Blue 12/Cs","","","Disposables","","27.24","","","","","","","","","","true"
"DP108706SQ","108706SQ","10"" X 0.5"" Square Cake Drum - Silver 12/Cs","","","Disposables","","22.75","","","","","","","","","","true"
"DP108707E","108707","10"" X 0.5"" Round Cake Drum - Pink  12/Cs","","","Disposables","","27.24","","","","","","","","","","true"
"DP108707SQ","108707SQ","10"" X 0.5"" Square Cake Drum - White  12/Cs","","","Disposables","","27.24","","","","","","","","","","true"
"DP108710E","108710","12"" X 0.5"" Round Cake Drum - Gold 12/Cs","","","Disposables","","36.47","","","","","","","","","","true"
"DP108711E","108711","12"" X 0.5"" Round Cake Drum - Silver 12/Cs","","","Disposables","","36.47","","","","","","","","","","true"
"DP108712E","108712","12"" X 0.5"" Round Cake Drum - White 12/Cs","","","Disposables","","36.47","","","","","","","","","","true"
"DP108713E","108713","12"" X 0.5"" Round Cake Drum - Black 12/Cs","","","Disposables","","36.47","","","","","","","","","","true"
"DP108714E","108714","12"" X 0.5"" Round Cake Drum - Red 12/Cs","","","Disposables","","32.74","","","","","","","","","","true"
"DP108714SQ","108714SQ","12"" X 0.5"" Square Cake Drum - Gold 12/Cs","","","Disposables","","31.82","","","","","","","","","","true"
"DP108715E","108715","12"" X 0.5"" Round Cake Drum - Blue 12/Cs","","","Disposables","","28.34","","","","","","","","","","true"
"DP108715SQ","108715SQ","12"" X 0.5"" Square Cake Drum - Silver 12/Cs","","","Disposables","","34.79","","","","","","","","","","true"
"DP108716E","108716","12"" X 0.5"" Round Cake Drum - Pink 12/Cs","","","Disposables","","28.34","","","","","","","","","","true"
"DP108716SQ","108716SQ","12"" X 0.5"" Square Cake Drum - White 12/Cs","","","Disposables","","26.55","","","","","","","","","","true"
"DP108717","108717","14"" X 0.5"" Round Cake Drum - Black 12/Cs","","","Disposables","","38.09","","","","","","","","","","true"
"DP108718","108718","14"" X 0.5"" Round Cake Drum - Gold 12/Cs","","","Disposables","","38.09","","","","","","","","","","true"
"DP108719","108719","14"" X 0.5"" Round Cake Drum - Silver 12/Cs","","","Disposables","","38.09","","","","","","","","","","true"
"DP108720","108720","14"" X 0.5"" Round Cake Drum - White 12/Cs","","","Disposables","","38.09","","","","","","","","","","true"
"DP108783","108783","8"" X 0.5"" Round Cake Drum - Gold 12/Cs","","","Disposables","","21.25","","","","","","","","","","true"
"DP108785","108785","8"" X 0.5"" Round Cake Drum - White 12/Cs","","","Disposables","","22.21","","","","","","","","","","true"
"DP109152","109152","8"" Scalloped Thin Wall Cake Circle - Silver 200/Cs","","","Disposables","","47.85","","","","","","","","","","true"
"DP109160","109160","10"" Scalloped Thin Wall Cake Circle - Silver  200/Cs","","","Disposables","","65.34","","","","","","","","","","true"
"DP109163","109163","12"" Straight Edge Thin Wall Cake Circle - Gold  100/Cs","","","Disposables","","42.74","","","","","","","","","","true"
"DP109164","109164","12"" Scalloped Thin Wall Cake Circle - Silver    100/Cs","","","Disposables","","42.74","","","","","","","","","","true"
"DP109701","109701","8"" X 0.25"" Round Cake Drum - Black 24/Cs","","","Disposables","","20.18","","","","","","","","","","true"
"DP109702","109702","8"" X 0.25"" Round Cake Drum - White  24/Cs","","","Disposables","","20.8","","","","","","","","","","true"
"DP109703","109703","8"" X 0.25"" Round Cake Drum - Silver 24/Cs","","","Disposables","","22.16","","","","","","","","","","true"
"DP109704","109704","8"" X 0.25"" Round Cake Drum - Gold 24/Cs","","","Disposables","","20.8","","","","","","","","","","true"
"DP109705","109705","10"" X 0.25"" Round Cake Drum - Black 24/Cs","","","Disposables","","29.25","","","","","","","","","","true"
"DP109706","109706","10"" X 0.25"" Round Cake Drum - White 24/Cs","","","Disposables","","32.56","","","","","","","","","","true"
"DP109707","109707","10"" X 0.25"" Round Cake Drum - Silver 24/Cs","","","Disposables","","29.25","","","","","","","","","","true"
"DP109708","109708","10"" X 0.25"" Round Cake Drum - Gold  24/Cs","","","Disposables","","29.25","","","","","","","","","","true"
"DP109709","109709","12"" X 0.25"" Round Cake Drum - Black  24/Cs","","","Disposables","","38.89","","","","","","","","","","true"
"DP109710","109710","12"" X 0.25"" Round Cake Drum - White 24/Cs","","","Disposables","","43.31","","","","","","","","","","true"
"DP109711","109711","12"" X 0.25"" Round Cake Drum - Silver  24/Cs","","","Disposables","","43.31","","","","","","","","","","true"
"DP109712","109712","12"" X 0.25"" Round Cake Drum - Gold  24/Cs","","","Disposables","","43.31","","","","","","","","","","true"
"DP109713","109713","14"" X 0.25"" Round Cake Drum - Black  24/Cs","","","Disposables","","48.49","","","","","","","","","","true"
"DP109714","109714","14"" X 0.25"" Round Cake Drum - White  24/Cs","","","Disposables","","51.67","","","","","","","","","","true"
"DP109715","109715","14"" X 0.25"" Round Cake Drum - Silver  24/Cs","","","Disposables","","48.49","","","","","","","","","","true"
"DP109716","109716","14"" X 0.25"" Round Cake Drum - Gold  24/Cs","","","Disposables","","48.49","","","","","","","","","","true"
"DP12SFM","12SFM","#12S White Foam Tray ( 11 X 9 ) 250/Bale","","","Disposables","","34.95","","","","","","","","","","true"
"DP134034","134034","14"" X 19"" White Embossed Tray Papers    1000/Box","","","Disposables","","43.28","","","","","","","","","","true"
"DP167054E","167054","(610060) 5.5"" Fluted Bake Cup - White 500/Pk  20Pks/Cs","","","Disposables","","57.89","","","","","","","","","","true"
"DP167067E","167067","(610070) 2"" Fluted Bake Cup - White 500/Pk  20Pks/Cs","","","Disposables","","51.18","","","","","","","","","","true"
"DP167167E","167167","(N1J60183) 2"" Paper Tulip Bake Cup - Brown  200/Pk 10Pks/Cs","","","Disposables","","76.76","","","","","","","","","","true"
"DP179010","179010","Victoria Bay Tallfold Napkins 500/Pk  20-Pks/Cs","","","Tissue Products","","36.1","","","","","","","","","","true"
"DP182020","182020","Victoria Bay White Dinner Napkin    150/Pk  20Pk/Cs","","","Tissue Products","","34","","","","","","","","","","true"
"DP182087E","182087","( 120060 ) 17 X 17 Linen Like Napkin 75/Pk 4Pks/Cs","","","Institutional Supplies : Foodservice","","40.25","","","","","","","","","","true"
"DP184000","184000","Victoria Bay 1-Ply White Beverage Napkin 500/Pk 8Pks/Cs","","","Tissue Products","","11.61","","","","","","","","","","true"
"DP2106","2106","1-Pc 5oz Champagne Flute (Plastic) 8/Pk 12-Pks/Cs","","","Disposables","","59.98","","","","","","","","","","true"
"DP248330","248330","( 1009Sbk ) 9 X 4 Cake Cont With Black Base 50/Cs","","","Disposables : Containers","","54.38","","","","","","","","","","true"
"DP383079","383079","1025S Genpak 25S White Foam Tray ( 15 X 8 )  250/Bale","","","Disposables","","21.5","","","","","","","","","","true"
"DP463E","463E","12"" Disposable Decorating Pastry Bags ( Piping ) 200/Box","","","Disposables","","39.33","","","","","","","","","","true"
"DP467E","467E","18"" Disposable Decorating Pastry Bags ( Piping ) 200/Box","","","Disposables","","47.5","","","","","","","","","","true"
"DP50106","50106","Printed Sani Paper Bags ( 4 X 2 X 9 )  1000/Cs","","","Disposables : Bags : Paper","","24.09","","","","","","","","","","true"
"DP54501","54-250/001A","3 Gal Coffee Filter 18"" X 7.5"" 250/Pk 2-Pks/Cs","","","Disposables","","20","","","","","","","","","","true"
"DP608100","608100","Steriphene 20oz Ii Disinfect. Spray - Clean Fresh 12/Cs","","","Institutional Supplies : Cleaning Supplies","","58.51","","","","","","","","","","true"
"DPA3023BK","A3023BK","Mini Foil Cupcake Liner - Black 500/Pk   20-Pks/Cs","","","Disposables","","210.25","","","","","","","","","","true"
"DPA3023BRE","A3023BR","Mini Paper Cupcake Liner - Brown 500/Pk   20-Pks/Cs","","","Disposables","","210.25","","","","","","","","","","true"
"DPA3023GLE","A3023GL","Mini Foil Cupcake Liner - Gold 500/Pk   20-Pks/Cs","","","Disposables","","210.25","","","","","","","","","","true"
"DPA3023RDE","A3023RD","Mini Foil Cupcake Liner - Red 500/Pk   20-Pks/Cs","","","Disposables","","210.25","","","","","","","","","","true"
"DPA3023SLE","A3023SL","Mini Foil Cupcake Liner - Silver 500/Pk   20-Pks/Cs","","","Disposables","","210.25","","","","","","","","","","true"
"DPBW-1/4","WB-1/4SHEET","White Window Cake Box ( 14 X 10 X 5 ) 75/Cs","","","Disposables","","118.35","","","","","","","","","","true"
"DPCF39800","CF39800","Brew Rite 12-Cup Coffee Filter 1000/Cs","","","Disposables","","15.27","","","","","","","","","","true"
"DPCLOWIPE","CLOWIPES","01593 Clorox Disinfecting Wipe Fresh Scent 35/Btl 12Btls/Cs","","","Institutional Supplies : Cleaning Supplies","","46.95","","","","","","","","","","true"
"DPD06209","D06209","Quick Change 60"" Fiberglass Mop Handle - Yellow","","","Institutional Supplies : Cleaning Supplies","","7.25","","","","","","","","","","true"
"DPDLAC40","DLAC40","White Meat Pads ( 4 X 7 ) 1000/Pk  2Pks/Cs","","","Institutional Supplies : Foodservice","","24.88","","","","","","","","","","true"
"DPHN500BLACK","HN500BLACK","Royal 26"" Light Weight Hairnet - Black 144/Bx   10-Bxs/Cs","","","Institutional Supplies : Personal Protection","","128.35","","","","","","","","","","true"
"DPIP424","IP424","Clear 24 Count 2-Pc Cupcake Container    50/Cs","","","Disposables : Containers","","91.72","","","","","","","","","","true"
"DPKC6053","KC6053","Wypall White X50 Foodservice Towel  200/Cs","","","Institutional Supplies : Cleaning Supplies","","26.06","","","","","","","","","","true"
"DPM0012A","40189","Euro Venetian Candles - Amber 6/Pk - 2-Pks/Cs","","","Equipment : Heating","","37.32","","","","","","","","","","true"
"DPM0026F-E","M0026F","D-Lites Frosted Candles 24/Cs","","","Equipment : Heating","","37.01","","","","","","","","","","true"
"DPNP-BEVNAP","NP-BEVNAP","Etiquette 1-Ply White Beverage Napkin 500/Pk 8Pks/Cs","","","Tissue Products","","0","","","","","","","","","","true"
"DPPSC100","SC100","Clear Poly Shower Cap 100/Box   10Bxs/Cs","","","Institutional Supplies : Personal Protection","","69.95","","","","","","","","","","true"
"DPSLP212","SLP212","Clear 12 Count H-Lid Cupcake Container    100/Cs","","","Disposables : Containers","","63.05","","","","","","","","","","true"
"DPSLP34","SLP34","Clear 12 Count H-Lid Mini Cupcake Container    250/Cs","","","Disposables : Containers","","62.83","","","","","","","","","","true"
"DPSLP56","SLP56","Clear 6 Count H-Lid Cupcake Container    300/Cs","","","Disposables : Containers","","80.63","","","","","","","","","","true"
"DPST12126","ST12126","White Cake Box ( 12 X 12 X 6 )  50/Bale","","","Disposables","","28.86","","","","","","","","","","true"
"DPST18145","ST18145","White Cake Box ( 18 X 14.5 X 5 )   50/Bale","","","Disposables","","51.92","","","","","","","","","","true"
"DPTULIPBRPTD","BC-TULIP-BROWNPTD160","2"" Printed Paper Tulip Bake Cup - Brown 100/Pk 10Pks/Cs","","","Disposables","","70.42","","","","","","","","","","true"
"DPTULIPNATUR","BC-TULIP-NATURAL160","2"" Paper Tulip Bake Cup - Natural  100/Pk 10Pks/Cs","","","Disposables","","68.58","","","","","","","","","","true"
"DPTULIPPINK","BC-TULIP-PINK160","2"" Paper Tulip Bake Cup - Pink 100/Pk 10Pks/Cs","","","Disposables","","60.5","","","","","","","","","","true"
"DPTULIPRDPTD","BC-TULIP-REDPTD160","2"" Printed Paper Tulip Cup - Red 100/Pk 10Pks/Cs","","","Disposables","","63.25","","","","","","","","","","true"
"DPTULIPWHITE","BC-TULIP-WHITE160","2"" Paper Tulip Bake Cup - White 100/Pk 10Pks/Cs","","","Disposables","","60.5","","","","","","","","","","true"
"DPU5130BK","U5130BK","2"" Foil Cupcake Liner - Black 500/Pk   20-Pks/Cs","","","Disposables","","423.65","","","","","","","","","","true"
"DPU5130BL","U5130BL","2"" Foil Cupcake Liner - Blue 500/Pk   20-Pks/Cs","","","Disposables","","423.65","","","","","","","","","","true"
"DPU5130GLE","U5130GL","2"" Foil Cupcake Liner - Gold 500/Pk   20-Pks/Cs","","","Disposables","","423.65","","","","","","","","","","true"
"DPU5130GRE","U5130GR","2"" Foil Cupcake Liner - Green 500/Pk   20-Pks/Cs","","","Disposables","","423.65","","","","","","","","","","true"
"DPU5130PK","U5130PK","2"" Foil Cupcake Liner - Pink 500/Pk   20-Pks/Cs","","","Disposables","","423.65","","","","","","","","","","true"
"DPU5130RDE","U5130RD","2"" Foil Cupcake Liner - Red 500/Pk   20-Pks/Cs","","","Disposables","","423.65","","","","","","","","","","true"
"DPU5130SLE","U5130SL","2"" Foil Cupcake Liner - Silver 500/Pk   20-Pks/Cs","","","Disposables","","423.65","","","","","","","","","","true"
"DPU5130WH","U5130WH","2"" Foil Cupcake Liner - White 500/Pk   20-Pks/Cs","","","Disposables","","423.65","","","","","","","","","","true"
"DPVB74MSS","VB74MSS","Victoria Bay Scrubbing Sponge Medium Duty Green/Yellow 20/Cs","","","Institutional Supplies : Cleaning Supplies","","14.38","","","","","","","","","","true"
"DR850618-PS9","850618-PS94","1-Comp Shallow H-Lid Blk/Clr Cont 6X3.9X1.6"" 250/Pk 2Pks/Cs","","","Disposables : Containers","","0.15","","","","","","","","","","true"
"DR919019-PM9","919019-PM94","3-Comp Black/Clear Dinner Box ( 11.5 X 8 X 3 )  100/Cs","","","Disposables : Containers","","59.4","","","","","","","","","","true"
"DRC35UT1E","C35UT1","9"" Clear Oblong Hinged Lid Containers   125/Pk  2Pks/Cs","","","Disposables : Containers","","61.73","","","","","","","","","","true"
"DRC53PST1E","C53PST1","5'' Clear Hinged Lid Container 125/Pk   4Pks/Cs","","","Disposables : Containers","","31.63","","","","","","","","","","true"
"DRC54HT1E","C54HT1","Clear Hinged Lid Pie Wedge (5 X 6 X 3) 125/Pk  2Pks/Cs","","","Disposables : Containers","","43.9","","","","","","","","","","true"
"DRC57PST1E","C57PST1","6'' Clear Hinged Lid Container 125/Pk   4Pks/Cs","","","Disposables : Containers","","36.21","","","","","","","","","","true"
"DRC89PST1E","C89PST1","8 X 2 Clear H-Lid Container 125/Pk   2Pks/Cs","","","Disposables : Containers","","42.88","","","","","","","","","","true"
"DRC90PST1","C90PST1","8 X 3 Clear H-Lid Container 125/Pk   2Pks/Cs","","","Disposables : Containers","","36.24","","","","","","","","","","true"
"DRCH24DED","CH24DED","24oz H-Lid Clear Deli Container  100/Pk 2Pks/Cs","","","Disposables : Containers","","32.82","","","","","","","","","","true"
"DRCH32DED","CH32DED","32oz H-Lid Clear Deli Container  100/Pk 2Pks/Cs","","","Disposables : Containers","","38.45","","","","","","","","","","true"
"DRDHWAX50","HWAX50","Durable 12"" X 50' Wax Paper 24/Cs","","","Disposables","","22.18","","","","","","","","","","true"
"DRHC8CSC-205","HC8SC3PF","8"" H-Lid Bagasse 3-Comp Container   50/Pk   6 Pks/Cs","","","Disposables : Containers","","16","","","","","","","","","","true"
"DRHC9CSC-205","HC9CSC-2050","9"" H-Lid Bagasse 3-Comp Container   50/Pk   4 Pks/Cs","","","Disposables : Containers","","16","","","","","","","","","","true"
"DSCL814","CL814","Claire 20oz All Surface Duster & Furniture Polish 12/Cs","","","Institutional Supplies : Cleaning Supplies","","60.75","","","","","","","","","","true"
"DSCL841","CL841","Claire 20oz Stainless Steel Oil Based Polish 12/Cs","","","Institutional Supplies : Cleaning Supplies","","68","","","","","","","","","","true"
"DU12102","12102","Durable 12"" X 10.75"" Pop Up Foil Sheets   200/Bx  12Bxs/Cs","","","Film & Foil : Foil","","78.01","","","","","","","","","","true"
"DU1400-30E","1400-30","Durable 4oz Foil Cup 1000/Cs","","","Disposables","","66.92","","","","","","","","","","true"
"DU220301000","220301000","Durable 1 lb Oblong Foil Pan 1000/Cs","","","Disposables","","112.92","","","","","","","","","","true"
"DU24045250","24045250","Durable 4 lb Oblong Foil Pan 250/Cs","","","Disposables","","168.41","","","","","","","","","","true"
"DU24530500","24530500","Durable 1 1/2 lb Oblong Foil Pan 500/Cs","","","Disposables","","123.34","","","","","","","","","","true"
"DU25030500","25030500","Durable 2 1/4 lb Oblong Foil Pan 500/Cs","","","Disposables","","169.84","","","","","","","","","","true"
"DU5100-35","5100-35","Durable 2lb Foil Loaf Pan 500/Cs","","","Disposables","","109.65","","","","","","","","","","true"
"DU5200-200","5200-200","Durable 1/3 Steam Deep Foil Pan 200/Cs","","","Disposables","","88.1","","","","","","","","","","true"
"DU91020","91020","Durable 9"" X 10 3/4"" Pop Up Foil Sheets   200/Bx  12Bxs/Cs","","","Film & Foil : Foil","","59.8","","","","","","","","","","true"
"DU9331PT100","9331PT100","Black & Gold Pan With Clear Lid ( 8 X 6 X 1.25 )  100/Cs","","","Disposables : Containers","","74.93","","","","","","","","","","true"
"DUBHW3209","BHW3209","Durable White Grease Proof Hot Dog Bag ( 3X2X9 ) 1000/Cs","","","Disposables","","20.27","","","","","","","","","","true"
"DUBSW6518","BSW6518","Durable White Glazed Grease Proof Hamburger Bag (6.5X1X8) 2000/Cs","","","Disposables","","47.9","","","","","","","","","","true"
"DUD14080","D14080","Durable 4oz Cupcake / Custard Foil Cup  8/Pk  12 Pks/Cs","","","Disposables","","10.27","","","","","","","","","","true"
"DUD18030","D18030","Premier Foil Square 3-Pk Foil Cake Pan With Lids  12-Pks/Cs","","","Disposables","","13.33","","","","","","","","","","true"
"DUD52030","D52030","Premier Foil Jumbo 2-Pk Foil Loaf Pan 12 Pks/Cs","","","Disposables","","11.19","","","","","","","","","","true"
"DUF1212-HW","F1212-HW","Durable 12"" X 12"" Heavy Kraft Wax Sheets  1000/Pk  5-Pks/Cs","","","Disposables","","94.54","","","","","","","","","","true"
"DUFP1212-NEW","FP1212-NEWS","Durable 12"" Dry Wax Newsprint Wax Sheets 1000/Pk  5Pks/Cs","","","Disposables","","89.21","","","","","","","","","","true"
"DUFP1212-RD","FP1212-RD","Durable 12"" Dry Wax Red Check Flat Sheet  1000/Pk  5Pks/Cs","","","Disposables","","90.65","","","","","","","","","","true"
"DUH32020","H32020","Durable Turkey & Stuffing 2-Pk Oven Bags  24-Bxs/Cs","","","Disposables","","26.17","","","","","","","","","","true"
"DUHFREZ75-12","HFREZ75-12","Durable 18"" X 75 Sq Ft Freezer Paper   12/Cs","","","Disposables","","31.81","","","","","","","","","","true"
"DUP1400-100E","P1400-1000","Durable Plastic Lid For 4oz Foil Cup  1000/Cs","","","Disposables","","98.1","","","","","","","","","","true"
"DUP2201000","P2201000","Durable 1 lb Oblong Dome Plastic Lid 1000/Cs","","","Disposables","","34.93","","","","","","","","","","true"
"DUP240250","P240250","Durable 4 lb Oblong Dome Plastic Lid 250/Cs","","","Disposables","","42.87","","","","","","","","","","true"
"DUP245500","P245500","Durable 1 1/2 lb Oblong Dome Plastic Lid 500/Cs","","","Disposables","","30.22","","","","","","","","","","true"
"DUP250500","P250500","Durable 2 1/4 lb Oblong Dome Plastic Lid 500/Cs","","","Disposables","","35.04","","","","","","","","","","true"
"DUPARCH30-24","PARCH30-24","Durable 15"" X 30 Sq.Ft Parchment Paper  24/Cs","","","Disposables","","44.75","","","","","","","","","","true"
"DUPRM057","PRM057","Premier Foil Mini 2 Pk Loaf Foil Pan With Lid 12 Pks/Cs","","","Disposables","","10.52","","","","","","","","","","true"
"DUPRM058","PRM058","Premier Foil 2 Pk Foil Loaf Pan With Lid 12 Pks/Cs","","","Disposables","","11.23","","","","","","","","","","true"
"DUPRM067","PRM067","Premier Foil Giant Lasagna Foil Pan 12/Cs","","","Disposables","","9.28","","","","","","","","","","true"
"DUPRM081","PRM081","Premier Foil Extra Deep Foil Roaster Pan 12/Cs","","","Disposables","","9.28","","","","","","","","","","true"
"DUPRM094","PRM094","Premier Foil 2-Pk Foil Pot Pie Pan With Lid 12 Pks/Cs","","","Disposables","","11.72","","","","","","","","","","true"
"DUPRM103","PRM103","Premier Foil Square 2-Pk Foil Cake Pan 12-Pks/Cs","","","Disposables","","8.06","","","","","","","","","","true"
"DUPRM104","PRM104","Premier Foil 8.5"" X 1.5"" Round 2-Pk Foil Cake Pan  12-Pks/Cs","","","Disposables","","8.3","","","","","","","","","","true"
"DUPRM105","PRM105","Premier Foil 6 Cup Muffin Foil Pan 2/Pk  12-Pks/Cs","","","Disposables","","9.65","","","","","","","","","","true"
"DUPRM220","PRM220","Premier Foil 5Pk Tart Foil Pan 12-Pks/Cs","","","Disposables","","8.88","","","","","","","","","","true"
"DUPRM292","PRM292","Premier Foil 9"" Round 2Pk Foil Pan With Board Lids  12 Pks/Cs","","","Disposables","","6.52","","","","","","","","","","true"
"DUPRM340","PRM340","Premier Foil Toaster Oven 2-Pk Foil Tray 12 Pks/Cs","","","Disposables","","4.9","","","","","","","","","","true"
"DUPRM401","PRM401","Premier Foil X-Large Oval Roaster Foil Pan 12/Cs","","","Disposables","","12.69","","","","","","","","","","true"
"DUPRM411","PRM411","Premier Foil X-Lrg Rectangular Roaster Foil Pan   12/Cs","","","Disposables","","12.69","","","","","","","","","","true"
"DUPRM420","PRM420","Premier Foil 2-Pk Roaster / Baker Foil Pan 12-Pks/Cs","","","Disposables","","13.42","","","","","","","","","","true"
"DUPRM430","PRM430","Premier Foil Casserole / Lasagna Foil Pan 2/Pk 12Pks/Cs","","","Disposables","","13.42","","","","","","","","","","true"
"DUPRM450","PRM450","Premier Foil Medium Oval Roaster Foil Pan 12/Cs","","","Disposables","","10.99","","","","","","","","","","true"
"DUPRM470","PRM470","Premier Foil 2-Pk Foil Cake Pan ( 13 X 9 X 2 ) 12-Pks/Cs","","","Disposables","","13.94","","","","","","","","","","true"
"DUPRM500","PRM500","Premier Foil Mini 3-Pk Foil Loaf Pan  12 Pks/Cs","","","Disposables","","9.03","","","","","","","","","","true"
"DUPRM510","PRM510","Premier Foil 2-Pk Foil Loaf Pan  12-Pks/Cs","","","Disposables","","9.03","","","","","","","","","","true"
"DUPRM713","PRM713","Premier Foil Cookie Sheet Foil Pan  12/Cs","","","Disposables","","9.32","","","","","","","","","","true"
"DUPRM802","PRM802","Premier Foil 12"" 2-Pk Pizza Foil Pan  12-Pks/Cs","","","Disposables","","11.48","","","","","","","","","","true"
"DUYDUR200","YDUR200","Durable 200Ft Foil 12/Cs","","","Film & Foil : Foil","","62.32","","","","","","","","","","true"
"DUYDUR25-35","YDUR25-35","Durable 25Ft Foil 35/Cs","","","Film & Foil : Foil","","28.09","","","","","","","","","","true"
"DUYDUR37","YDUR37","Durable 18"" X 37.5 Sq. Ft Heavy Duty Foil 24/Cs","","","Film & Foil : Foil","","53.28","","","","","","","","","","true"
"DUYDUR75-35","YDUR75-35","Durable 75Ft Foil 35/Cs","","","Film & Foil : Foil","","71.06","","","","","","","","","","true"
"EB1100/17","EB1100/17","Eco Burner Head Assembly & Clips","","","Equipment : Parts","","0.8","","","","","","","","","","true"
"EB1106","EB1106","Eco Burner Valve Assembly","","","Equipment : Parts","","0.5","","","","","","","","","","true"
"EB1133","1133","Eco Burner Eco Boost Bracket For Chafing Dish Burner","","","Equipment","","42","","","","","","","","","","true"
"EB19502","EB19502","Eco Burner Filling Station ( Scale )","","","Equipment","","0","","","","","","","","","","true"
"EB5004","EB5004","Eco Burner Small Black Eco Serve","","","Institutional Supplies : Foodservice","","180","","","","","","","","","","true"
"EB5005","EB5005","Eco Burner Large Black Eco Serve","","","Institutional Supplies : Foodservice","","255.39","","","","","","","","","","true"
"EB5006","EB5006","Eco Burner Small White Eco Serve","","","Institutional Supplies : Foodservice","","180","","","","","","","","","","true"
"EB5007","EB5007","Eco Burner Large White Eco Serve","","","Institutional Supplies : Foodservice","","215","","","","","","","","","","true"
"EB5008","EB5008","Eco Burner Small Stainless Steel Eco Serve","","","Institutional Supplies : Foodservice","","180","","","","","","","","","","true"
"EB5009","EB5009","Eco Burner Large Stainless Steel Eco Serve","","","Institutional Supplies : Foodservice","","215","","","","","","","","","","true"
"EB5011","EB5011","Eco Burner Small Rose Gold Eco Serve","","","Institutional Supplies : Foodservice","","162","","","","","","","","","","true"
"EB5012","EB5012","Eco Burner Large Rose Gold Eco Serve","","","Institutional Supplies : Foodservice","","193.5","","","","","","","","","","true"
"EB5200","EB5200","Eco-Burner Small White Eco-Serve Dish","","","Institutional Supplies : Foodservice","","36","","","","","","","","","","true"
"EB5201","EB5201","Eco-Burner Large White Eco-Serve Dish","","","Institutional Supplies : Foodservice","","42","","","","","","","","","","true"
"EB5218","EB5218","Eco-Burner Large Black Eco-Serve Alu Bowl","","","Institutional Supplies : Foodservice","","55.27","","","","","","","","","","true"
"EB5300","EB5300","Eco Burner Stainless Steel Spoon & Lid Holder","","","Institutional Supplies : Foodservice","","11.88","","","","","","","","","","true"
"EB5301","EB5301","Eco Burner Glass Lid For Small Eco Serve Dish","","","Institutional Supplies : Foodservice","","11","","","","","","","","","","true"
"EB5302","EB5302","Eco Burner Glass Lid For Large Eco Serve Dish","","","Institutional Supplies : Foodservice","","13.07","","","","","","","","","","true"
"EB5303","EB5303","Eco Burner Glass Lid For Small Eco Serve Dish","","","Institutional Supplies : Foodservice","","11","","","","","","","","","","true"
"EB5304","EB5302","Eco Burner Glass Lid For Large Eco Serve Dish","","","Institutional Supplies : Foodservice","","11","","","","","","","","","","true"
"EB5311","EB5320","Eco Burner Ecoserve GN1 Glass Lid & Hinge","","","Institutional Supplies : Foodservice","","143.86","","","","","","","","","","true"
"EB5315","EB5315","Eco Burner Ecoserve GN1 Black Aluminium Bowl","","","Institutional Supplies : Foodservice","","89.09","","","","","","","","","","true"
"EB5320","EB5320","Eco Burner Ecoserve GN1 Black","","","Institutional Supplies : Foodservice","","225.69","","","","","","","","","","true"
"EB5330","E5330","Eco Burner Ecopan Stainless Steel Replacement Pan","","","Institutional Supplies : Foodservice","","80.41","","","","","","","","","","true"
"EB8999","EB8999","Eco Burner 3 18/Cs","","","Equipment : Heating","","48.32","","","","","","","","","","true"
"EB9009","9009","Eco Burner 36Hr-27oz Butane Propane Fuel Mix    6/Pk","","","Equipment : Heating","","41.96","","","","","","","","","","true"
"EPSCUPBK","SCUPBK","12oz Stadium Cup - Black 25/Pk 20Pks/Cs","","","Disposables : Cups, Plates, Cutlery","","54","","","","","","","","","","true"
"EPSCUPBL","SCUPBL","12oz Stadium Cup - Blue 25/Pk 20Pks/Cs","","","Disposables : Cups, Plates, Cutlery","","54","","","","","","","","","","true"
"EPSCUPGL","SCUPGL","12oz Stadium Cup - Gold 25/Pk 20Pks/Cs","","","Disposables : Cups, Plates, Cutlery","","54","","","","","","","","","","true"
"EPSCUPMC","SCUPMC","12oz Stadium Cup - Mood Change (Pink/Purple) 25/Pk 20Pks/Cs","","","Disposables : Cups, Plates, Cutlery","","92.72","","","","","","","","","","true"
"EPSCUPSL","SCUPSL","12oz Stadium Cup - Silver 25/Pk 20Pks/Cs","","","Disposables : Cups, Plates, Cutlery","","54","","","","","","","","","","true"
"EPSCUPWH","SCUPWH","12oz Stadium Cup - White 25/Pk 20Pks/Cs","","","Disposables : Cups, Plates, Cutlery","","54","","","","","","","","","","true"
"ESP080JPR","P080JPR","Boardwalk Premium Series Wiper - Pink  12"" X 13"" - 475 Sheets","","","Institutional Supplies : Cleaning Supplies","","35.6","","","","","","","","","","true"
"FCCOP-174W","COP-174W","Fagor Hood Type, High Temp Dishwasher 220/50","","","Equipment","","4021.93","","","","","","","","","","true"
"FDBP-5639","BP-5639","Fat Daddios Anod Alum. Bread/ Loaf Pan ( 4 7/8 X 2.75 X 2 )","","","Institutional Supplies : Foodservice","","1.8","","","","","","","","","","true"
"FDBP-5640","BP-5640","Fat Daddios Anod Alum. Bread/ Loaf Pan (5.5X3 3/8X2 3/8)","","","Institutional Supplies : Foodservice","","2.48","","","","","","","","","","true"
"FDBP-5641","BP-5641","Fat Daddios Anod Alum. Bread/ Loaf Pan ( 6 3/8 X3.75X2.75 )","","","Institutional Supplies : Foodservice","","2.79","","","","","","","","","","true"
"FDBP-5642","BP-5642","Fat Daddios Anod Alum. Bread/ Loaf Pan (7.75 X 3.75 X 2.5)","","","Institutional Supplies : Foodservice","","3.47","","","","","","","","","","true"
"FDBP-5643","BP-5643","Fat Daddios Anod Alum. Bread/ Loaf Pan ( 9 X 5 X 2.5 )","","","Institutional Supplies : Foodservice","","4.86","","","","","","","","","","true"
"FDBP-5644","BP-5644","Fat Daddios Anod Alum. Bread/ Loaf Pan ( 10 X 5 X 3 )","","","Institutional Supplies : Foodservice","","7.72","","","","","","","","","","true"
"FDPCC-103","PCC-103","Fat Daddios Anodiz Alum Remov Bott Round Cake Pan ( 10 X 3 )","","","Institutional Supplies : Foodservice","","9","","","","","","","","","","true"
"FDPCC-123","PCC-123","Fat Daddios Anodiz Alum Remov Bott Round Cake Pan ( 12 X 3 )","","","Institutional Supplies : Foodservice","","12.3","","","","","","","","","","true"
"FDPCC-63","PCC-63","Fat Daddios Anodiz Alum Remov Bott Round Cake Pan ( 6 X 3 )","","","Institutional Supplies : Foodservice","","5.63","","","","","","","","","","true"
"FDPCC-73","PCC-73","Fat Daddios Anodiz Alum Remov Bott Round Cake Pan ( 7 X 3 )","","","Institutional Supplies : Foodservice","","6.35","","","","","","","","","","true"
"FDPCC-83","PCC-83","Fat Daddios Anodiz Alum Remov Bott Round Cake Pan ( 8 X 3 )","","","Institutional Supplies : Foodservice","","6.75","","","","","","","","","","true"
"FDPCC-93","PCC-93","Fat Daddios Anodiz Alum Remov Bott Round Cake Pan ( 9 X 3 )","","","Institutional Supplies : Foodservice","","7.65","","","","","","","","","","true"
"FDPFT-8","PFT-8","Fat Daddios Anodiz Alum Remov Bott Tart/Quiche Pan ( 8 X 1 )","","","Institutional Supplies : Foodservice","","3.33","","","","","","","","","","true"
"FDPHT-103","PHT-103","Fat Daddios Anodized Aluminum Heart Shape Cake Pan (10 X 3)","","","Institutional Supplies : Foodservice","","10.9","","","","","","","","","","true"
"FDPHT-63","PHT-63","Fat Daddios Anodized Aluminum Heart Shape Cake Pan ( 6 X 3 )","","","Institutional Supplies : Foodservice","","5.27","","","","","","","","","","true"
"FDPHT-83","PHT-83","Fat Daddios Anodized Aluminum Heart Shape Cake Pan ( 8 X 3 )","","","Institutional Supplies : Foodservice","","6.8","","","","","","","","","","true"
"FDPRD-103","PRD-103","Fat Daddios Anodized Aluminum Round Cake Pan ( 10 X 3 )","","","Institutional Supplies : Foodservice","","6.48","","","","","","","","","","true"
"FDPRD-73","PRD-73","Fat Daddios Anodized Aluminum Round Cake Pan ( 7 X 3 )","","","Institutional Supplies : Foodservice","","4.53","","","","","","","","","","true"
"FDPRD-83","PRD-83","Fat Daddios Anodized Aluminum Round Cake Pan ( 8 X 3 )","","","Institutional Supplies : Foodservice","","5.08","","","","","","","","","","true"
"FDPRD-93","PRD-93","Fat Daddios Anodized Aluminum Round Cake Pan ( 9 X 3 )","","","Institutional Supplies : Foodservice","","5.72","","","","","","","","","","true"
"FDPSF-103","PSF-103","Fat Daddios Anodized Aluminum Round Springform Pan( 10 X 3 )","","","Institutional Supplies : Foodservice","","10.89","","","","","","","","","","true"
"FDPSF-113","PSF-113","Fat Daddios Anodized Aluminum Round Springform Pan( 11 X 3 )","","","Institutional Supplies : Foodservice","","12.31","","","","","","","","","","true"
"FDPSF-63","PSF-63","Fat Daddios Anodized Aluminum Round Springform Pan ( 6 X 3 )","","","Institutional Supplies : Foodservice","","6.71","","","","","","","","","","true"
"FDPSF-83","PSF-83","Fat Daddios Anodized Aluminum Round Springform Pan ( 8 X 3 )","","","Institutional Supplies : Foodservice","","8.46","","","","","","","","","","true"
"FDPSF-93","PSF-93","Fat Daddios Anodized Aluminum Round Springform Pan ( 9 X 3 )","","","Institutional Supplies : Foodservice","","9.59","","","","","","","","","","true"
"FDPSQ-10103","PSQ-10103","Fat Daddios Anodized Aluminum Square Cake Pan( 10 X 10 X 3 )","","","Institutional Supplies : Foodservice","","10.45","","","","","","","","","","true"
"FDPSQ-443","PSQ-443","Fat Daddios Anodized Aluminum Square Cake Pan ( 4 X 4 X 3 )","","","Institutional Supplies : Foodservice","","5.58","","","","","","","","","","true"
"FDPSQ-553","PSQ-553","Fat Daddios Anodized Aluminum Square Cake Pan ( 5 X 5 X 3 )","","","Institutional Supplies : Foodservice","","6.29","","","","","","","","","","true"
"FDPSQ-663","PSQ-663","Fat Daddios Anodized Aluminum Square Cake Pan ( 6 X 6 X 3 )","","","Institutional Supplies : Foodservice","","6.48","","","","","","","","","","true"
"FDPSQ-883","PSQ-883","Fat Daddios Anodized Aluminum Square Cake Pan ( 8 X 8 X 3 )","","","Institutional Supplies : Foodservice","","7.49","","","","","","","","","","true"
"FDPSQ-993","PSQ-993","Fat Daddios Anodized Aluminum Square Cake Pan ( 9 X 9 X 3 )","","","Institutional Supplies : Foodservice","","9.54","","","","","","","","","","true"
"FDSMF001","SMF001","Fat Daddios Silicone Mold - 5 Cavity 4oz Hemisphere","","","Institutional Supplies : Foodservice","","4.37","","","","","","","","","","true"
"FDSMF002","SMF002","Fat Daddios Silicone Mold - 6 Cavity 2.7oz Hemisphere","","","Institutional Supplies : Foodservice","","4.37","","","","","","","","","","true"
"FDSMF004","SMF004","Fat Daddios Silicone Mold - 8 Cavity 1oz Hemisphere","","","Institutional Supplies : Foodservice","","4.37","","","","","","","","","","true"
"FDSMF006","SMF006","Fat Daddios Silicone Mold - 24 Cavity 0.3oz Hemisphere","","","Institutional Supplies : Foodservice","","4.37","","","","","","","","","","true"
"FDSMF008","SMF008","Fat Daddios Silicone Mold - 15 Cavity 0.68oz Pyramid","","","Institutional Supplies : Foodservice","","3.92","","","","","","","","","","true"
"FDSMF020","SMF020","Fat Daddios Silicone Mold - 11 Cavity 1.7oz Baba","","","Institutional Supplies : Foodservice","","4.37","","","","","","","","","","true"
"FDSMF023","SMF023","Fat Daddios Silicone Mold - 6 Cavity 3.38oz Muffin","","","Institutional Supplies : Foodservice","","4.37","","","","","","","","","","true"
"FDSMF025","SMF025","Fat Daddios Silicone Mold - 20 Cavity 0.68oz Financier","","","Institutional Supplies : Foodservice","","4.37","","","","","","","","","","true"
"FDSMF026","SMF026","Fat Daddios Silicone Mold - 12 Cavity 2.7oz Cake","","","Institutional Supplies : Foodservice","","4.37","","","","","","","","","","true"
"FDSMF027","SMF027","Fat Daddios Silicone Mold - 15 Cavity 1oz Petits Four","","","Institutional Supplies : Foodservice","","4.37","","","","","","","","","","true"
"FDSMF028","SMF028","Fat Daddios Silicone Mold - 8 Cavity 3oz Cylinder","","","Institutional Supplies : Foodservice","","4.37","","","","","","","","","","true"
"FDSMF032","SMF032","Fat Daddios Silicone Mold - 9 Cavity 1oz Madeline","","","Institutional Supplies : Foodservice","","4.37","","","","","","","","","","true"
"FDSMF034","SMF034","Fat Daddios Silicone Mold - 6 Cavity 3.7oz Brioche","","","Institutional Supplies : Foodservice","","4.37","","","","","","","","","","true"
"FDSMF040","SMF040","Fat Daddios Silicone Mold - 8 Cavity 3oz Heart","","","Institutional Supplies : Foodservice","","4.37","","","","","","","","","","true"
"FDSMF041","SMF041","Fat Daddios Silicone Mold - 5 Cavity 4.4oz  Half-Egg","","","Institutional Supplies : Foodservice","","4.37","","","","","","","","","","true"
"FDSMF047","SMF047","Fat Daddios Silicone Mold - 6 Cavity 3.25"" Dimpled Heart","","","Institutional Supplies : Foodservice","","3.92","","","","","","","","","","true"
"FDSMF061","SMF061","Fat Daddios Silicone Mold - 8 Cavity 3.4oz Regal Variety","","","Institutional Supplies : Foodservice","","4.37","","","","","","","","","","true"
"FDSMF077","SMF077","Fat Daddios Silicone Mold - 6 Cavity 3.89oz Rose","","","Institutional Supplies : Foodservice","","3.92","","","","","","","","","","true"
"FDSMF098","SMF098","Fat Daddios Silicone Mold - 6 Cavity 4.4oz Cube","","","Institutional Supplies : Foodservice","","4.37","","","","","","","","","","true"
"FDSMF201","SMF201","Fat Daddios Silicone Mold - Floral Star  9"" X 3.75""","","","Institutional Supplies : Foodservice","","4.5","","","","","","","","","","true"
"FDSMF203","SMF203","Fat Daddios Silicone Mold Pan - Christmas Tree","","","Institutional Supplies : Foodservice","","4.5","","","","","","","","","","true"
"FGADBC-50","ADBC-50","Asber 50"" Black Bottle Cooler","","","Equipment : Refrigeration","","1259.49","","","","","","","","","","true"
"FGAEF-4050LP","AEF-4050-S-E-LP","Asber 40/50lb LP Gas Fryer","","","Equipment : Heating","","800","","","","","","","","","","true"
"FGAEF-4050NG","AEF-4050-S-E-NG","Asber 40/50lb Natural Gas Fryer","","","Equipment : Heating","","800","","","","","","","","","","true"
"FGAEF-50LP","AEF-50-S-LP","Asber 50lb LP Gas Fryer","","","Equipment : Heating","","876.02","","","","","","","","","","true"
"FGAEF-50NG","AEF-50-S-NG","Asber 50lb Natural Gas Fryer","","","Equipment : Heating","","876.02","","","","","","","","","","true"
"FGAER-6-36LP","AER-6-36LP","Asber 36"" LP Gas 6 Burner Range (Standard Oven)","","","Equipment : Heating","","1584.38","","","","","","","","","","true"
"FGAER-6-36NG","AER-6-36NG","Asber 36"" Natural Gas 6 Burner Range (Standard Oven)","","","Equipment : Heating","","1584.38","","","","","","","","","","true"
"FGCO-500W","CO-500W","23 5/8"" High Temp Undercounter Dishwasher (220/50)","","","Equipment","","2436.53","","","","","","","","","","true"
"FGSTFI42N023","STFI42N0235M","Stendi Pizza Dough Sheeter (220/50)","","","Equipment : Other Appliances","","746.74","","","","","","","","","","true"
"FNF200","F200","Fancy Portable Butane Stove 6/Cs","","","Equipment : Heating","","14.17","","","","","","","","","","true"
"FNF300","F300","Fancy 8oz Butane Fuel Cartridge    28/Cs","","","Equipment : Heating","","32.45","","","","","","","","","","true"
"FNF310","F310","Fancy Butane Torch ( Code: BTS-8055D ) 10/Cs","","","Equipment : Heating","","19.95","","","","","","","","","","true"
"FNF550","F550","Fancy 1 Gallon Lamp Oil 4/Cs","","","Equipment : Heating","","62.25","","","","","","","","","","true"
"FNF710","F710","Fancy Heat 9oz 6-Hr Liquid Fuel With Screw Cap   24/Cs","","","Equipment : Heating","","24.37","","","","","","","","","","true"
"FNFANCY","F800","Fancy Heat 8oz 2.5-Hr Gel Fuel 72/Cs","","","Equipment : Heating","","30.45","","","","","","","","","","true"
"GDOB-KAZ0","OB-KAZ002-03","Klean-Az 500ml Disinfectant Spray - Lavender","","","Institutional Supplies : Cleaning Supplies","","3.34","","","","","","","","","","true"
"GDOB-KAZ00","OB-KAZ002-02","Klean-Az 500ml Disinfectant Spray - Original","","","Institutional Supplies : Cleaning Supplies","","3.34","","","","","","","","","","true"
"GDOB-KAZ002-","OB-KAZ002-00","Klean-Az 500ml Disinfectant Spray - Ocean","","","Institutional Supplies : Cleaning Supplies","","3.34","","","","","","","","","","true"
"GDOB-KAZ005-","OB-KAZ005-01","Klean-Az 750g Cream Cleaner Lemon","","","Institutional Supplies : Cleaning Supplies","","1.54","","","","","","","","","","true"
"GDOB-KAZ-01","OB-KAZ002-01","Klean-Az 500ml Disinfectant Spray - Lemon","","","Institutional Supplies : Cleaning Supplies","","3.34","","","","","","","","","","true"
"GEET-POPPOT","ET-POPPOT","Metric Non-Stick Pot For ET-POP6A-R","","","Equipment : Parts","","23","","","","","","","","","","true"
"GFDWF18V0W","DWF18V0W","Avanti 18"" Built-In Dishwasher","","","Equipment","","320","","","","","","","","","","true"
"GFEL-168COMM","EL-168COMM","Vinoplex Private Reserve Series Bottle Cooler (R Hand)","","","Equipment : Refrigeration","","2275","","","","","","","","","","true"
"GFMCWC28HC","MCWC28HC","Maxxice Indoor Wine Bottle Cooler (28 Bottles) (220/50/1)","","","Equipment : Refrigeration","","304.95","","","","","","","","","","true"
"GFMIM50","MIM50","Maxx Ice 60lb Stainless Steel Ice Maker  (120/60/1)","","","Equipment : Refrigeration","","615","","","","","","","","","","true"
"GFMIM50P","MIM50P","Maxx Ice 65lb Stainless Steel Ice Maker With Pump (220/50/1)","","","Equipment : Refrigeration","","572.85","","","","","","","","","","true"
"GFMIM50P-O","MIM50P-O","Maxx Ice 65lb Stainless Steel Ice Maker - Outdoor (220/50/1)","","","Equipment : Refrigeration","","628.9","","","","","","","","","","true"
"GFOR543U3S","OR543U3S","Avanti 5.4Cbft Outdoor S/Steel Commercial Refrigerator","","","Equipment : Refrigeration","","0","","","","","","","","","","true"
"GFR2N","R2N","3L Plastic Countertop Robot Coupe Food Processor 120/60/1","","","Equipment : Other Appliances","","1399.3","","","","","","","","","","true"
"GFR2U","R2U","3L S/Steel Countertop Robot Coupe Food Processor  120/60/1","","","Equipment : Other Appliances","","1575","","","","","","","","","","true"
"GFRMRS31X6B","RMRS31X6B-IS","Avanti 3.1Cb Ft Black Retro Compact Refrigerator","","","Equipment : Refrigeration","","120","","","","","","","","","","true"
"GFRMRS31X6BL","RMRS31X6BL-IS","Avanti 3.1Cb Ft Blue Retro Compact Refrigerator","","","Equipment : Refrigeration","","120","","","","","","","","","","true"
"GFRMRS31X6R","RMRS31X6R-IS","Avanti 3.1Cb Ft Red Retro Compact Refrigerator","","","Equipment : Refrigeration","","120","","","","","","","","","","true"
"GFTLC-3200S","TLC-3200S","Carbon Block Filter With Polyphosphates","","","Equipment : Parts","","10","","","","","","","","","","true"
"GFTLGB-40","TLGB-40","Legion 40 Gal Natural Gas Tilting Kettle","","","Equipment : Heating","","15503.93","","","","","","","","","","true"
"GFWCD46DZ3S","WCD46DZES","Avanti 23.5"" Bottle Cooler (43 Bottle Capacity)","","","Equipment : Refrigeration","","543","","","","","","","","","","true"
"GFWCF282E3SD","WCF282E3SD","Avanti Designer Wine Bottle Cooler Dual-Zone (28 Bottles)","","","Equipment : Refrigeration","","410","","","","","","","","","","true"
"GJ1LBK-","1LBK","1 Litre White Bucket & Lid With Plastic Handle 180/Cs","","","Institutional Supplies","","0.27","","","","","","","","","","true"
"GJ1LBKCBB-","1LBKCBB-","Country Boy 1 Litre Bucket With Handle - Bajan  180/Cs","","","Institutional Supplies","","52.2","","","","","","","","","","true"
"GJ1LBKCBJ","1LBKCBJ","Country Boy 1 Litre Bucket With Handle  - Jerk 276/Cs","","","Institutional Supplies","","80.31","","","","","","","","","","true"
"GJ1LBKCBJ-","1LBKCBJ-","Country Boy 1 Litre Bucket With Handle  - Jerk 180/Cs","","","Institutional Supplies","","52.2","","","","","","","","","","true"
"GJ1LBKCBPB-","1LBKCBPB-","Country Boy 1 Litre Bucket With Handle  - Premium 180/Cs","","","Institutional Supplies","","52.2","","","","","","","","","","true"
"GJ2LBK-120","2LBK-120","2 Litre White Bucket & Lid With Plastic Handle 120/Cs","","","Institutional Supplies","","0.39","","","","","","","","","","true"
"GJ3.5GBK","3.5GBK","3.5 Gal (16L) White Bucket & Lid W/ Plastic Handle 20/Cs","","","Institutional Supplies","","1.93","","","","","","","","","","true"
"GJ475825","475825","2lb Kraft Window Bakery Bag ( 4.75 X 8.25 ) 2000/Cs","","","Disposables","","49.32","","","","","","","","","","true"
"GJ47595","47595","4lb Kraft Window Bakery Bag ( 4.75 X 9.5 ) 2000/Cs","","","Disposables","","49.32","","","","","","","","","","true"
"GJ4LBK","4LBK","4 Litre White Bucket & Lid Lid With Plastic Handle 60/Cs","","","Institutional Supplies","","0.69","","","","","","","","","","true"
"GJ5GBKS","5GBKS","5 Gal (20L) White Bucket & Lid W/Spout & Plastic Handle 20/Cs","","","Institutional Supplies","","2.25","","","","","","","","","","true"
"GJCBPOUCH-BJ","CBPOUCH-BJ","Country Boy Stand Up Pouch - Bajan    2000/Cs","","","Disposables","","120","","","","","","","","","","true"
"GJCBPOUCHCF2","CBPOUCH-CF","Country Boy Stand Up Pouch - Coat & Fry 2000/Cs","","","Disposables","","115.2","","","","","","","","","","true"
"GJCBPOUCH-J","CBPOUCH-J","Country Boy Stand Up Pouch - Jerk   2000/Cs","","","Disposables","","120","","","","","","","","","","true"
"GJCBPOUCH-PB","CBPOUCH-PB","Country Boy Stand Up Pouch - Premium Blend  2000/Cs","","","Disposables","","120","","","","","","","","","","true"
"GJCD001","CD001","8Qt Oblong Chanfing Set With Legs & Black Handle","","","Equipment : Heating","","16.5","","","","","","","","","","true"
"GJCD004","CD004","8Qt Oblong Chafing Set With Folding Legs & Black Handle","","","Equipment : Heating","","16.5","","","","","","","","","","true"
"GJCRB1210","TB-02","Printed Chicken Rotisserie Bag ( 12.6 X 10.5 ) 50/Pk 10Pks/Cs","","","Disposables","","52.5","","","","","","","","","","true"
"GJDA2446","DA2446","Cove Bay 24 X 46 White Poly Aprons 100/Bx   10-Bxs/Cs","","","Institutional Supplies : Personal Protection","","18","","","","","","","","","","true"
"GJDLPOUCH-BJ","DLPOUCH-BJ","Delish Stand Up Pouch - Bajan   2000/Cs","","","Disposables","","120","","","","","","","","","","true"
"GJDLPOUCH-J","DLPOUCH-J","Delish Stand Up Pouch - Jerk   2000/Cs","","","Disposables","","120","","","","","","","","","","true"
"GJDLPOUCH-NP","DLPOUCH-NP","Delish Stand Up Pouch - Bajan (No Pepper)  2000/Cs","","","Disposables","","120","","","","","","","","","","true"
"GJGLSJR5CP","GLSJR5CP","5oz Glass Bottle & Cap 24/Cs","","","Disposables : Bottles & Caps","","3.41","","","","","","","","","","true"
"GJGLSJR9CP","GLSJR9CP","9oz Glass Jar & Cap 24/Cs","","","Disposables : Bottles & Caps","","4.2","","","","","","","","","","true"
"GJJSB-03","JS-03","Black Sushi Container With Lid (6.7 X 4.7 X 1.8) 400/Cs","","","Disposables : Containers","","22","","","","","","","","","","true"
"GJJSB-07","JS-07","Black Sushi Container With Lid (8.9 X 5.6 X 1.9) 400/Cs","","","Disposables : Containers","","35.6","","","","","","","","","","true"
"GJMASK01BK","MASK01BK","Wellday 10-Pk Surgical Mask - Black 400Pks/Cs","","","Institutional Supplies : Personal Protection","","0.3","","","","","","","","","","true"
"GJMASK01BL","MASK01BL","Wellday 10Pk Surgical Mask - Blue  400Pks/Cs","","","Institutional Supplies : Personal Protection","","0.27","","","","","","","","","","true"
"GJMASK01WH","MASK01WH","Wellday 10Pk Surgical Mask - White  400Pks/Cs","","","Institutional Supplies : Personal Protection","","0.38","","","","","","","","","","true"
"GJPOUCH46","POUCH46","Silver Stand Up Pouch ( 4 X 6 X 1.5 )  2000/Cs","","","Disposables","","116.39","","","","","","","","","","true"
"GJPOUCH46K","POUCH46K","Kraft Stand Up Pouch ( 4 X 6 X 1.5 )  2000/Cs","","","Disposables","","70","","","","","","","","","","true"
"GJPOUCH46KW","POUCH46KW","Kraft Stand Up Pouch W/Window ( 4 X 6 X 1.5 )  2000/Cs","","","Disposables","","52","","","","","","","","","","true"
"GJPOUCH58","POUCH58","Silver Stand Up Pouch ( 5 X 8 X 2.5 )  2000/Cs","","","Disposables","","128","","","","","","","","","","true"
"GJPOUCH58K","POUCH58K","Kraft Stand Up Pouch ( 5 X 8 X 2.5 )  2000/Cs","","","Disposables","","88","","","","","","","","","","true"
"GJPOUCH58KW","POUCH58KW","Kraft Stand Up Pouch W/Window ( 5 X 8 X 2.5 )  2000/Cs","","","Disposables","","120","","","","","","","","","","true"
"GJTC7230DG","TC7230DG","72"" X 30"" ( 6Ft ) Spandex Tablecover - Dark Green","","","Institutional Supplies : Foodservice","","3.29","","","","","","","","","","true"
"GJTC7230G","TC7230G","72"" X 30"" ( 6Ft ) Spandex Tablecover - Grey","","","Institutional Supplies : Foodservice","","3.29","","","","","","","","","","true"
"GJTC7230K","TC7230K","72"" X 30"" ( 6Ft ) Spandex Tablecover - Black","","","Institutional Supplies : Foodservice","","3.29","","","","","","","","","","true"
"GJTC7230NB","TC7230NB","72"" X 30"" ( 6Ft ) Spandex Tablecover - Navy Blue","","","Institutional Supplies : Foodservice","","3.29","","","","","","","","","","true"
"GJTC7230PK","TC7230PK","72"" X 30"" ( 6Ft ) Spandex Tablecover - Pink","","","Institutional Supplies : Foodservice","","3.29","","","","","","","","","","true"
"GJTC7230PP","TC7230R","72"" X 30"" ( 6Ft ) Spandex Tablecover - Purple","","","Institutional Supplies : Foodservice","","3.29","","","","","","","","","","true"
"GJTC7230R","TC7230R","72"" X 30"" ( 6Ft ) Spandex Tablecover - Red","","","Institutional Supplies : Foodservice","","3.29","","","","","","","","","","true"
"GJTC7230RB","TC7230RB","72"" X 30"" ( 6Ft ) Spandex Tablecover - Royal Blue","","","Institutional Supplies : Foodservice","","3.29","","","","","","","","","","true"
"GJTC7230W","TC7230W","72"" X 30"" ( 6Ft ) Spandex Tablecover - White","","","Institutional Supplies : Foodservice","","3.29","","","","","","","","","","true"
"GJTC7230Y","TC7230Y","72"" X 30"" ( 6Ft ) Spandex Tablecover - Yellow","","","Institutional Supplies : Foodservice","","3.29","","","","","","","","","","true"
"GJTC9630DG","TC9630DG","96"" X 30"" ( 8Ft ) Spandex Tablecover - Dark Green","","","Institutional Supplies : Foodservice","","4.02","","","","","","","","","","true"
"GJTC9630G","TC9630G","96"" X 30"" ( 8Ft ) Spandex Tablecover - Grey","","","Institutional Supplies : Foodservice","","4.02","","","","","","","","","","true"
"GJTC9630K","TC9630K","96"" X 30"" ( 8Ft ) Spandex Tablecover - Black","","","Institutional Supplies : Foodservice","","4.02","","","","","","","","","","true"
"GJTC9630NB","TC9630NB","96"" X 30"" ( 8Ft ) Spandex Tablecover - Navy Blue","","","Institutional Supplies : Foodservice","","4.02","","","","","","","","","","true"
"GJTC9630PK","TC9630PK","96"" X 30"" ( 8Ft ) Spandex Tablecover - Pink","","","Institutional Supplies : Foodservice","","4.02","","","","","","","","","","true"
"GJTC9630PP","TC9630PP","96"" X 30"" ( 8Ft ) Spandex Tablecover -Purple","","","Institutional Supplies : Foodservice","","4.02","","","","","","","","","","true"
"GJTC9630R","TC9630R","96"" X 30"" ( 8Ft ) Spandex Tablecover - Red","","","Institutional Supplies : Foodservice","","4.02","","","","","","","","","","true"
"GJTC9630RB","TC9630RB","96"" X 30"" ( 8Ft ) Spandex Tablecover - Royal Blue","","","Institutional Supplies : Foodservice","","4.02","","","","","","","","","","true"
"GJTC9630W","TC9630W","96"" X 30"" ( 8Ft ) Spandex Tablecover - White","","","Institutional Supplies : Foodservice","","4.02","","","","","","","","","","true"
"GJTC9630Y","TC9630Y","96"" X 30"" ( 8Ft ) Spandex Tablecover - Yellow","","","Institutional Supplies : Foodservice","","4.02","","","","","","","","","","true"
"GJTRB3025","TB-01","Printed Turkey Rotisserie Bag ( 11 X 12 ) 50/Pk 10Pks/Cs","","","Disposables","","55","","","","","","","","","","true"
"GJUMBR120","UMBR120","27"" All Weather Golf Umbrella - Black 50/Cs","","","Institutional Supplies : Personal Protection","","119.1","","","","","","","","","","true"
"GJWOOZINS","WOOZINS","Inserts For 10oz Woozy Glass Bottles","","","Disposables : Bottles & Caps","","0.01","","","","","","","","","","true"
"GJWOOZY10","WOOZY10","10oz Woozy Glass Bottle & Cap ( Use 5oz Cap ) 24/Cs","","","Disposables : Bottles & Caps","","3.96","","","","","","","","","","true"
"GJYG11-2CT","YG11-2CT","Stainless Steel 2.5"" Anti Jam Full Size Chafing Pan 12/Cs","","","Institutional Supplies : Foodservice","","4.3","","","","","","","","","","true"
"GJYG11-4CT","YG11-4CT","Stainless Steel 4"" Anti Jam Full Size Chafing Pan 12/Cs","","","Institutional Supplies : Foodservice","","4.9","","","","","","","","","","true"
"GJYG12-2CT","YG12-2CT","Stainless Steel 2.5"" Anti Jam Half Size Chafing Pan 18/Cs","","","Institutional Supplies : Foodservice","","2.5","","","","","","","","","","true"
"GJYG12-4CT","YG12-4CT","Stainless Steel 4"" Anti Jam Half Size Chafing Pan 18/Cs","","","Institutional Supplies : Foodservice","","3","","","","","","","","","","true"
"GT00084-1-SA","00084-1-SAN-CL","12oz Clear Acrylic Beer Mug 12/Pk 2-Pks/Cs","","","Institutional Supplies : Foodservice","","27.04","","","","","","","","","","true"
"GT9910-1-CL","9910-1-CL","10oz Clear Acrylic Double Rocks Glass  12/Pk  2Pks/Cs","","","Institutional Supplies : Foodservice","","15.29","","","","","","","","","","true"
"GTBRA-2-PC-C","BRA-2-PC-CL","16oz Clear Acrylic Brandy Glass With Stem 12/Pk 2Pks/Cs","","","Institutional Supplies : Foodservice","","25.32","","","","","","","","","","true"
"GTGOB-12-1-S","GOB-12-1-SAN-CL","12oz Clear Acrylic Goblet 12/Pk  2Pks/Cs","","","Institutional Supplies : Foodservice","","37.77","","","","","","","","","","true"
"GTH-14-1-SAN","H-14-1-SAN-CL","14oz Clear Acrylic Tom Collins Glass  12/Pk 2Pks/Cs","","","Institutional Supplies : Foodservice","","15.91","","","","","","","","","","true"
"GTH-9-CL","H-9-CL","9oz Clear Plastic High Ball Glass   12/Pk 2-Pks/Cs","","","Institutional Supplies : Foodservice","","14.67","","","","","","","","","","true"
"GTHUR-CLR","HUR-1-CL","15oz Clear Acrylic Hurricane Glass  12/Pk 2-Pks/Cs","","","Institutional Supplies : Foodservice","","24.12","","","","","","","","","","true"
"GTMAS-3-CL","MAS-3-CL","16oz Clear Acrylic Mason Jar With Handle   12/Pk 2-Pks/Cs","","","Institutional Supplies : Foodservice","","26.59","","","","","","","","","","true"
"GTSW-1401-1-","SW-1401-1-SAN-CL","6oz Clear Acrylic Champagne Glass  12/Pk 2-Pks/Cs","","","Institutional Supplies : Foodservice","","22.02","","","","","","","","","","true"
"GTSW-1403-1-","SW-1403-1-SAN-CL","12oz Clear Acrylic Margarita Glass  12/Pk  2Pks/Cs","","","Institutional Supplies : Foodservice","","26.46","","","","","","","","","","true"
"GTSW-1404-1-","SW-1404-1-SAN-CL","8oz Clear Acrylic Wine Glass 12/Pk 2-Pks/Cs","","","Institutional Supplies : Foodservice","","22.02","","","","","","","","","","true"
"GTSW-1407-1-","SW-1407-1-SAN-CL","10oz Clear Acrylic Martini Glass  12/Pk  2Pks/Cs","","","Institutional Supplies : Foodservice","","24.46","","","","","","","","","","true"
"GTSW-1414-1-","SW-1414-1-CL","12oz Clear Acrylic Goblet 12/Pk  2Pks/Cs","","","Institutional Supplies : Foodservice","","27.92","","","","","","","","","","true"
"GTSW-1427-1-","SW-1427-1-CL","1oz Clear Acrylic Shot Glass 12/Pk 2Pks/Cs","","","Institutional Supplies : Foodservice","","10.5","","","","","","","","","","true"
"GTSW-1439-1-","SW-1439-1-CL","9oz Clear Acrylic Rocks Glass 12/Pk  2Pks/Cs","","","Institutional Supplies : Foodservice","","26.13","","","","","","","","","","true"
"GTSW-1441-1-","SW-1441-1-CL","14oz Clear Acrylic Beverage Glass  12/Pk  2Pks/Cs","","","Institutional Supplies : Foodservice","","13.1","","","","","","","","","","true"
"GTSW-1446-1-","SW-1446-1-CL","15oz Clear Acrylic Wine Glass 12/Pk  2Pks/Cs","","","Institutional Supplies : Foodservice","","34.23","","","","","","","","","","true"
"GTSW-1449-CL","SW-1449-CL","10oz Irish Cream Coffee Mug With Handle  12/Pk 2Pks/Cs","","","Institutional Supplies : Foodservice","","47.14","","","","","","","","","","true"
"GTSW-1462-CL","SW-1462-CL","6oz Clear Plastic Via Tritan Champagne Glass 12/Pk  2Pks/Cs","","","Institutional Supplies : Foodservice","","31.27","","","","","","","","","","true"
"GTSW-1466-CL","SW-1466-CL","16oz Clear Acrylic Pilsner 12/Pk 2-Pks/Cs","","","Institutional Supplies : Foodservice","","33.25","","","","","","","","","","true"
"GTSW-1470-CL","SW-1470-CL","9oz Clear Acrylic Rocks Glass 12/Pk 2Pks/Cs","","","Institutional Supplies : Foodservice","","13.47","","","","","","","","","","true"
"GTSW-1471-CL","SW-1471-CL","12oz Clear Acrylic Beverage Glass  12/Pk 2Pks/Cs","","","Institutional Supplies : Foodservice","","15.36","","","","","","","","","","true"
"GTSW-1472-CL","SW-1472-CL","16oz Clear Acrylic Cubed Glass 12/Pk 2-Pks/Cs","","","Institutional Supplies : Foodservice","","16.7","","","","","","","","","","true"
"GTSW-1714-CL","SW-1714-CL","10oz Clear Acrylic Beverage Glass 12/Pk  2Pks/Cs","","","Institutional Supplies : Foodservice","","15.73","","","","","","","","","","true"
"GTSW-2011-CL","SW-2011-CL","7oz Clear Acrylic Stemless Champagne Glass 12/Pk  2Pks/Cs","","","Institutional Supplies : Foodservice","","38.64","","","","","","","","","","true"
"GTSW-2017-CL","SW-2017-CL","5.5oz Clear Acrylic Champagne Glass 12/Pk  2Pks/Cs","","","Institutional Supplies : Foodservice","","37.98","","","","","","","","","","true"
"GTTM-1310-W","TM-1310-W","8oz White Acrylic Coffee Mug With Handle  12/Pk 2Pks/Cs","","","Institutional Supplies : Foodservice","","40.55","","","","","","","","","","true"
"HD34190","34190","Fisher 12"" Pre Rinse Faucet Assembly Unit With Spring","","","Equipment","","238.85","","","","","","","","","","true"
"HD54437","54437","Fisher 12"" Swivel Gooseneck Spout / Nozzle","","","Equipment","","38.95","","","","","","","","","","true"
"HD54453","54453","Fisher 6"" Swivel Gooseneck Spout / Nozzle","","","Equipment","","34.2","","","","","","","","","","true"
"HD57789","57789","Fisher 12"" Deck Mount Swivel Gooseneck Faucet W/ 8"" Center","","","Equipment","","239.41","","","","","","","","","","true"
"HDBJ120C","BJ120C","Waring Electric Bar Juicer W/ 1 Litre Serving Container","","","Equipment : Other Appliances","","146","","","","","","","","","","true"
"HDBWFP11S","WFP11S","Waring 2.5Qt Food Processor (Commercial)","","","Equipment : Other Appliances","","472.43","","","","","","","","","","true"
"HDES4-1-1818","ES4-1-1818","Stainless Steel 1-Comp Sink W/ Galvanized Legs (18 X 18 X 12)","","","Equipment","","112.57","","","","","","","","","","true"
"HDES4-1-2118","ES4-1-2118","Stainless Steel 1-Comp Sink W/ Galvanized Legs (18 X 21 X 12)","","","Equipment","","122.17","","","","","","","","","","true"
"HDES4-1-2124","ES4-1-2124","Stainless Steel 1-Comp Sink W/ Galvanized Legs (24 X 21 X 12)","","","Equipment","","152.77","","","","","","","","","","true"
"HDES4-2-2118","ES4-2-2118","Stainless Steel 2-Comp Sink W/ Galvanized Legs (18 X 21 X 12)","","","Equipment","","180.28","","","","","","","","","","true"
"HDES4-3-2118","ES4-3-2118","Stainless Steel 3-Comp Sink W/ Galvanized Legs (18 X 21 X 12)","","","Equipment","","236.69","","","","","","","","","","true"
"HDES4-3-2124","ES4-3-2124","Stainless Steel 3-Comp Sink W/ Galvanized Legs (24 X 21 X 12)","","","Equipment","","336.8","","","","","","","","","","true"
"HDFAU-8C-12S","FAU-8C-12S","8"" Center Faucet With 12"" Spout Kit For SGCO-1","","","Equipment","","85.85","","","","","","","","","","true"
"HDFISH33693","33693","Fisher 8"" Adjustable Wall Mount Faucet","","","Equipment","","56.28","","","","","","","","","","true"
"HDFISH98094","98094","Fisher 12"" Adjustable Wall Mount Facuet","","","Equipment","","57.52","","","","","","","","","","true"
"HDGLOBSP20","GLOBSP20","Planetary 20Qt Countert. Mixer (1/4Hp, 115V/60/1-Ph,5.0 Amps)","","","Equipment : Other Appliances","","1422","","","","","","","","","","true"
"HDGLOBSP30","GLOBSP30","Vertical 30Qt 3-Speed Mixer (Nsf, Etl, 220/50)","","","Equipment : Other Appliances","","2382","","","","","","","","","","true"
"HDGLOBSP60","GLOBSP60","Planetary 60Qt 3-Speed Mixer (Nsf, Etl, 220/50)","","","Equipment : Other Appliances","","3994.71","","","","","","","","","","true"
"HDGLOBSP8","GLOBSP8","Globe Planetary 8Qt Mixer (1/4Hp, 115V/60/1-Ph,5.0 Amps)","","","Equipment : Other Appliances","","712","","","","","","","","","","true"
"HDHATCTM-10H","TM-10H-220","Hatco Toast-Max Conveyor Toaster 220/50/1","","","Equipment : Heating","","600.67","","","","","","","","","","true"
"HDHDSCDBC-36","HDSCDBC-36","36"" Electric Curved Display Case    (120V/60Hz)","","","Equipment : Heating","","1110.97","","","","","","","","","","true"
"HDHDSCDBC-48","HDSCDBC-48","48"" Electric Curved Display Case    (120V/60Hz)","","","Equipment : Heating","","1371.35","","","","","","","","","","true"
"HDHDSCTC-24","HDSCTC-24","24"" Natural Gas Countertop Charbroiler","","","Equipment : Heating","","622.1","","","","","","","","","","true"
"HDHDSCTC-36","HDSCTC-36","36"" Natural Gas Countertop Charbroiler","","","Equipment : Heating","","799.59","","","","","","","","","","true"
"HDHDSCTC-48","HDSCTC-48","48"" Natural Gas Countertop Charbroiler","","","Equipment : Heating","","1062.13","","","","","","","","","","true"
"HDHDSEF-8L","HDSEF-8L","Single Well Electric Fryer 20 lb Capacity (120V, 1750W)","","","Equipment : Heating","","284.02","","","","","","","","","","true"
"HDHDSEF-8L-2","HDSEF-8L-2","Double Well Electric Fryer 20 lb Capacity","","","Equipment : Heating","","267.62","","","","","","","","","","true"
"HDHDSGCO-1","HDSGCO-1","Heavy Duty Natural Gas Convection Oven (120/60/1)","","","Equipment : Heating","","2169.48","","","","","","","","","","true"
"HDHDSGCO-1LP","HDSGCO-1LP","Heavy Duty LP Gas Convection Oven (120/60/1)","","","Equipment : Heating","","2169.48","","","","","","","","","","true"
"HDHDSGR-36LP","HDSGR-36LP","36"" LP Gas 6-Burner Range (Standard Oven)","","","Equipment : Heating","","1042.42","","","","","","","","","","true"
"HDHDSHD-26","HDSHD-26","26"" Electric Heated Display Case    (120V/60Hz)","","","Equipment : Heating","","201.6","","","","","","","","","","true"
"HDHDSHD-36","HDSHD-36","36"" Electric Heated Display Case    (120V/60Hz)","","","Equipment : Heating","","239.67","","","","","","","","","","true"
"HDHDSPP-1-50","HDSPP-1-50-6-S4A","50"" Refrigerated Pizza Prep Table  (115/60/1)","","","Equipment : Heating","","1090.62","","","","","","","","","","true"
"HDHDSPP-2-71","HDSPP-2-71-9-S4A","71"" Refrigerated Pizza Prep Table  (115/60/1)","","","Equipment : Refrigeration","","1364.96","","","","","","","","","","true"
"HDHDSRBC-50","HDSRBC-50","50"" Refrigerated Bakery Case (115/60/1) Curved Glass","","","Equipment : Refrigeration","","2246.91","","","","","","","","","","true"
"HDHEAVPZAE-7","HEAVPZAE-74","74"" Zinc Plated Post With Green Epoxy Finish","","","Equipment","","8.02","","","","","","","","","","true"
"HDHS3-101406","HS3-101406","Stainless Steel Hand Sink W/ Drain & Faucet ( 14 X 10 X 6 )","","","Equipment","","100.1","","","","","","","","","","true"
"HDHS3KN-1014","HS3KN-101405","Knee Operated Hand Sink W/ Drain & Faucet ( 14 X 10 X 6 )","","","Equipment","","160.28","","","","","","","","","","true"
"HDHS3PD-1014","HS3PD-101406","Stainless Steel Pedal Hand Sink W/ Backsplash ( 14X10X6 )","","","Equipment","","283.75","","","","","","","","","","true"
"HDJ1","J1","Sunkist Heavy Duty Hi-Power Citrus Juicer W/Splash Guard","","","Equipment : Other Appliances","","708.7","","","","","","","","","","true"
"HDJC4000","JC4000","Waring Heavy Duty Hi-Power Citrus Juicer W/Splash Guard","","","Equipment : Other Appliances","","636.97","","","","","","","","","","true"
"HDMAT-3512BK","MAT-3512BK","Black Anti Fatigue  Floor Mat ( 3' X 5' )","","","Institutional Supplies : Cleaning Supplies","","47.57","","","","","","","","","","true"
"HDMAT-3512TC","MAT-3512TC","Terracotta Anti Fatigue Floor Mat ( 3' X 5' )","","","Institutional Supplies : Cleaning Supplies","","66.01","","","","","","","","","","true"
"HDPDM21E","PDM21E","Waring Heavy Duty Single Spindle Drink Mixer   220V","","","Equipment : Other Appliances","","27.6","","","","","","","","","","true"
"HDSBC-49","SBC-49","50"" Black Bottle Cooler (220/50/1)","","","Equipment : Refrigeration","","1185.94","","","","","","","","","","true"
"HDSC10","SC10","Rheninghaus 10"" Manual Food / Meat Slicer (115/60/1)","","","Equipment : Other Appliances","","587.78","","","","","","","","","","true"
"HDSC12","SC12","Rheninghaus 12"" Manual Food / Meat Slicer (115/60/1)","","","Equipment : Other Appliances","","825.73","","","","","","","","","","true"
"HDSC9","SC9","Rheninghaus 9"" Manual Food / Meat Slicer (115/60/1)","","","Equipment : Other Appliances","","451.35","","","","","","","","","","true"
"HDSE1500","SE1500","Waring Sound Enclosure For Mx- Series Blenders","","","Equipment : Other Appliances","","116.48","","","","","","","","","","true"
"HDSH12","SH12","Rheninghaus 12"" Premium H/Duty Food / Meat Slicer (115/60/1)","","","Equipment : Other Appliances","","1145.07","","","","","","","","","","true"
"HDSP-60HA-B","SP-60HA-B","Spar 60Qt 3-Speed Planetary Mixer (Nsf, Etl, 220/50)","","","Equipment : Other Appliances","","4159","","","","","","","","","","true"
"HDSSP-2S-47-","SSP-2S-47-12-S4A","47"" Sandwich/Salad Prep Table 110/60 (1 Year Warranty)","","","Equipment : Refrigeration","","878.08","","","","","","","","","","true"
"HDSTKITCASTG","STKITCASTGCO","Convection Oven Caster Stack Kit For SGCO-1","","","Equipment : Parts","","84.59","","","","","","","","","","true"
"HDSUCR-2S-47","SUCR-2S-47-S4A","47"" Undercounter Refrigerator (120/60/1)","","","Equipment : Refrigeration","","1288.22","","","","","","","","","","true"
"HDTSG4-2424","TSG4-2424","Stainless Steel Work Table W/ Und. Shelf & Plas Feet (24X24)","","","Equipment","","66.74","","","","","","","","","","true"
"HDTSG4-2436","TSG4-2436","Stainless Steel Work Table W/ Und. Shelf & Plas Feet (24X36)","","","Equipment","","78.83","","","","","","","","","","true"
"HDTSG4-2448","TSG4-2448","Stainless Steel Work Table W/ Und. Shelf & Plas Feet (24X48)","","","Equipment","","96.93","","","","","","","","","","true"
"HDTSG4-2460","TSG4-2460","Stainless Steel Work Table W/ Und. Shelf & Plas Feet (24X60)","","","Equipment","","111.71","","","","","","","","","","true"
"HDTSG4-2472","TSG4-2472","Stainless Steel Work Table W/ Und. Shelf & Plas Feet (24X72)","","","Equipment","","126.8","","","","","","","","","","true"
"HDTSG4-3036","TSG4-3036","Stainless Steel Work Table W/ Und. Shelf & Plas Feet (30X36)","","","Equipment","","86.03","","","","","","","","","","true"
"HDTSG4-3048","TSG4-3048","Stainless Steel Work Table W/ Und. Shelf & Plas Feet (30X48)","","","Equipment","","109.02","","","","","","","","","","true"
"HDTSG4-3060","TSG4-3060","Stainless Steel Work Table W/ Und. Shelf & Plas Feet (30X60)","","","Equipment","","124.25","","","","","","","","","","true"
"HDTSG4-3072","TSG4-3072","Stainless Steel Work Table W/ Und. Shelf & Plas Feet (30X72)","","","Equipment","","141.64","","","","","","","","","","true"
"HDVAP-4025","VAP-4025","Clear Vinyl Reusuable Heavy Gauge Apron (38 X 25)  72/Cs","","","Institutional Supplies : Personal Protection","","6.75","","","","","","","","","","true"
"HDWARICB15","WARICB15","Waring Heavy Duty 1 Gal Food Blender W/Stainless Steel Cont","","","Equipment : Other Appliances","","1322.19","","","","","","","","","","true"
"HDWARIMX1050","WARIMX1050XTX","Waring 64oz Xtreme High Power Blender","","","Equipment : Other Appliances","","375.11","","","","","","","","","","true"
"HDWARISE1000","WARISE1000","Waring Sound Enclosure For Mx- Series Blenders W/ 64oz Conts.","","","Equipment : Other Appliances","","105","","","","","","","","","","true"
"HDWARIWCG75","WARIWCG75","Waring 3/4Qt Chopper Grinder","","","Equipment : Other Appliances","","212.32","","","","","","","","","","true"
"HDWARIWCIC20","WARIWCIC20","Waring 2Qt Ice Cream Maker 120/60","","","Equipment : Refrigeration","","572.89","","","","","","","","","","true"
"HDWARIWCIC25","WARIWCIC25","Waring 2.5Qt Ice Cream Maker 120/60","","","Equipment : Refrigeration","","754.16","","","","","","","","","","true"
"HDWARIWCO500","WARIWCO500X","Waring Commercial Convection Oven","","","Equipment : Heating","","515.58","","","","","","","","","","true"
"HDWARIWDH10","WARIWDH10","Waring Single Zone 10-Tray Food Dehydrator","","","Equipment : Other Appliances","","457.3","","","","","","","","","","true"
"HDWARIWMO120","WARIWMO120","Waring 22"" Microwave Oven (1800 Watts, 208/230V)","","","Equipment : Other Appliances","","780","","","","","","","","","","true"
"HDWARIWMO90","WARIWMO90","Waring 20"" Microwave Oven (1000 Watts, 120V/60/1-Ph)","","","Equipment : Heating","","341.21","","","","","","","","","","true"
"HDWARIWSB2W","WARIWSB2W","Waring Big Stix 10"" Immersion Blender With Whisk Attachment","","","Equipment : Other Appliances","","236.84","","","","","","","","","","true"
"HDWARIWSB60","WARIWSB60","Waring Big Stix 16"" Immersion Blender W/ S/Steel Fixed Shaft","","","Equipment : Other Appliances","","442.87","","","","","","","","","","true"
"HDWARIWSB65","WARIWSB65","Waring Big Stix 18"" Immersion Blender W/ S/Steel Fixed Shaft","","","Equipment : Other Appliances","","481.05","","","","","","","","","","true"
"HDWARIWSBBC","WARIWSBBC","Waring Big Stix Immersion Blender Bowl Clamp","","","Equipment : Parts","","75.42","","","","","","","","","","true"
"HDWB-2GC-LP","WB-2GC-LP","2 Well Steam Table 32"" Long LP Gas","","","Equipment : Heating","","606.67","","","","","","","","","","true"
"HDWB-3GC-LP","WB-3GC-LP","3 Well Steam Table 48"" Long LP Gas","","","Equipment : Heating","","818.67","","","","","","","","","","true"
"HDWB-4GC-LP","WB-4GC-LP","4  Well Steam Table 60"" Long LP Gas","","","Equipment : Heating","","790.3","","","","","","","","","","true"
"HDWB-5GC-LP","WB-5GC-LP","5 Well Steam Table 72"" Long LP Gas","","","Equipment : Heating","","884.45","","","","","","","","","","true"
"HDWCT708","WCT708","Waring 4-Slot Commercial Toaster 120/60","","","Equipment : Other Appliances","","173.8","","","","","","","","","","true"
"HDWDM240E","WDM240E","Waring Heavy Duty Double Spindle Drink Mixer 220V","","","Equipment : Other Appliances","","74.82","","","","","","","","","","true"
"HDWEST30-000","WEST30-0008-W","Weston 8"" X 50' Vacuum Sealer Bag Roll","","","Equipment","","12.86","","","","","","","","","","true"
"HDWEST30-001","WEST30-0011","Weston 11"" X 50' Vacuum Sealer Bag Roll","","","Equipment","","14.38","","","","","","","","","","true"
"HDWEST30-01","WEST30-0101-W","Weston 8"" X 12' Vacuum Sealer Bags  - Quart  100/Pk","","","Equipment","","21.98","","","","","","","","","","true"
"HDWEST30-010","WEST30-0105-W","Weston 15"" X 18' Vacuum Sealer Bags  - X Large  100/Cs","","","Equipment","","45.43","","","","","","","","","","true"
"HDWFP16SCD","WFP16SCD","Waring 4Qt. Combination Food Processor","","","Equipment : Other Appliances","","818.8","","","","","","","","","","true"
"HDWS4-1224","WS4-1224","Heavy Duty Stainless Steel Wall Shelf ( 24 X 12 X 12 )","","","Equipment","","23.58","","","","","","","","","","true"
"HDWS4-1236","WS4-1236","Heavy Duty Stainless Steel Wall Shelf ( 36 X 12 X 12 )","","","Equipment","","29.14","","","","","","","","","","true"
"HDWS4-1436","WS4-1436","Heavy Duty Stainless Steel Wall Shelf ( 36 X 14 X 12 )","","","Equipment","","32.12","","","","","","","","","","true"
"HDWS4-1448","WS4-1448","Heavy Duty Stainless Steel Wall Shelf ( 48 X 14 X 12 )","","","Equipment","","38.54","","","","","","","","","","true"
"HDWSB35","WSB35","Waring Quik Stik 7"" Immersion Blender W/ S/Steel Fixed Shaft","","","Equipment : Other Appliances","","77.2","","","","","","","","","","true"
"HDWSB50","WSB50","Waring Big Stix 12"" Immersion Blender W/ S/Steel Fixed Shaft","","","Equipment : Other Appliances","","268.8","","","","","","","","","","true"
"HDWSV25E","WARIWSV25E","Waring 25 Litre Sous Vide Circulating Water Bath 220V","","","Equipment : Heating","","86.47","","","","","","","","","","true"
"HDWSZAE-2436","WSZAE-2436","24"" X 36"" Green Epoxy Coated Wire Shelf","","","Equipment","","20.45","","","","","","","","","","true"
"HDWSZAE-2442","WSZAE-2442","24"" X 42"" Green Epoxy Coated Wire Shelf","","","Equipment","","22.84","","","","","","","","","","true"
"HDWSZAE-2448","WSZAE-2448","24"" X 48"" Green Epoxy Coated Wire Shelf","","","Equipment","","27.35","","","","","","","","","","true"
"HDWSZAE-2460","WSZAE-2460","24"" X 60"" Green Epoxy Coated Wire Shelf","","","Equipment","","33.68","","","","","","","","","","true"
"HDWW250BX","WW250BX","Waring Belgian Double Waffle Iron  (208V)","","","Equipment : Other Appliances","","383.25","","","","","","","","","","true"
"HDWWB3G","WWB3G","Waring 3Gal Hot Water Counter Dispenser","","","Equipment : Other Appliances","","637.71","","","","","","","","","","true"
"HH6544570","6544570","Hartley'S 1.5oz Premium Maple Pancake & Waffle Syrup 100/Cs","","","Food Products","","14.44","","","","","","","","","","true"
"HP55FSTC01_T","55FSTC01_TR1","Cove Bay 10 X 16 Clear LDPE Bag  100/Pk 10Pks/Cs","","","Disposables : Bags : Plastic","","7.68","","","","","","","","","","true"
"HP55FSTC03_T","55FSTC03_TR1","Cove Bay 7 X 11 Clear LDPE Bag 100/Pk 10Pks/Cs","","","Disposables : Bags : Plastic","","3.7","","","","","","","","","","true"
"HP55FSTC04_T","55FSTC04_TR1","Cove Bay 8 X 13 Clear LDPE Bag 100/Pk 10Pks/Cs","","","Disposables : Bags : Plastic","","4.99","","","","","","","","","","true"
"HP55FSTC05_T","55FSTC05_TR1","Cove Bay 9 X 14 Clear LDPE Bag 100/Pk 10Pks/Cs","","","Disposables : Bags : Plastic","","6.05","","","","","","","","","","true"
"HP55FSTC06_T","55FSTC06_TR1","Cove Bay 10 X 20 Clear LDPE Bag 100/Pk 10Pks/Cs","","","Disposables : Bags : Plastic","","11.87","","","","","","","","","","true"
"HP55FSTC07_T","55FSTC07_TR1","Cove Bay 4 X 7 Clear LDPE Bag 100/Pk 100Pks/Cs","","","Disposables : Bags : Plastic","","23.7","","","","","","","","","","true"
"HP55FSTC08_T","55FSTC08_TR1","Cove Bay 5 X 8 Clear LDPE Bag 100/Pk 100Pks/Cs","","","Disposables : Bags : Plastic","","33.9","","","","","","","","","","true"
"HP55FSTC09_T","55FSTC09_TR1","Cove Bay 18 X 22 Frosted Flat Bag  100/Pk 10Pks/Cs","","","Disposables : Bags : Plastic","","14.15","","","","","","","","","","true"
"HP55FSTC11_T","55FSTC11_TR1","Cove Bay 14 X 18 Clear LDPE Bag 100/Pk 10Pks/Cs","","","Disposables : Bags : Plastic","","14.03","","","","","","","","","","true"
"HP55FSTC12_T","55FSTC12_TR1","Cove Bay 10 X 16 Hd Clear LDPE Bag  100/Pk 10Pks/Cs","","","Disposables : Bags : Plastic","","13.56","","","","","","","","","","true"
"HP55FSTC18_T","55FSTC18_TR1","Cove Bay 30 X 36 Clear Garbage Bag - Simplex 50/Pk 10Pks/Cs","","","Disposables : Bags : Plastic","","23.56","","","","","","","","","","true"
"HP55FSTC19_X","55FSTC19_XD1","Cove Bay 11 X 16 Green Flat Bag   100/Pk 25Pks/Cs","","","Disposables : Bags : Plastic","","23.14","","","","","","","","","","true"
"HP55FSTC20_T","55FSTC20_TR1","Cove Bay 18 X 22 Hd Clear LDPE Bag 50/Pk 10Pks/Cs","","","Disposables : Bags : Plastic","","28.9","","","","","","","","","","true"
"HP55FSTC21_T","55FSTC21_TR1","Cove Bay Hd 20 X 24 LDPE Clear Bag 50/Pk 10Pks/Cs","","","Disposables : Bags : Plastic","","35.76","","","","","","","","","","true"
"HP55FSTC22_T","55FSTC22_TR1","Cove Bay 25 X 36 LDPE Clear Bag 25/Pk 10Pks/Cs","","","Disposables : Bags : Plastic","","36.1","","","","","","","","","","true"
"HP55FSTC23_T","55FSTC23_TR1","Cove Bay 20 X 30 LDPE Clear Bag (2.5Mil) 50/Pk 10Pks/Cs","","","Disposables : Bags : Plastic","","45.23","","","","","","","","","","true"
"HP55RSTC01_X","55RSTC01_XL1","Cove Bay 24 X 36 Green Garbage Bags - Med 15/Roll 25Rls/Case","","","Disposables : Bags : Plastic","","10.11","","","","","","","","","","true"
"HP55RSTCO2_X","55RSTC02_XL1","Cove Bay 30 X 36 Green Garbage Bags - Large 15/Roll 25Rl/Case","","","Disposables : Bags : Plastic","","14.13","","","","","","","","","","true"
"HP55RSTCO3_X","55RSTC03_XL1","Cove Bay 38 X 50 Green Garbage Bags - Jumbo10/Roll 20Rls/Case","","","Disposables : Bags : Plastic","","13.95","","","","","","","","","","true"
"HP55TSTC01_X","55TSTC01_XL1","Cove Bay 18 X 22 Handle Bag - Dark Red  100/Pk 10Pks/Cs","","","Disposables : Bags : Plastic","","16.24","","","","","","","","","","true"
"HP55TSTC02_X","55TSTC02_XL1","Cove Bay 18 X 22 Handle Bag - Dark Blue 100/Pk 10Pks/Cs","","","Disposables : Bags : Plastic","","16.24","","","","","","","","","","true"
"HP55TSTC03_X","55TSTC03_XL1","Cove Bay 18 X 22 Handle Bag - Dark Green 100/Pk 10Pks/Cs","","","Disposables : Bags : Plastic","","14.25","","","","","","","","","","true"
"HP55TSTC04_X","55TSTC04_XL1","Cove Bay 12 X 16 Dark Green Handle Bag 100/Pk 20Pks/Cs","","","Disposables : Bags : Plastic","","19.88","","","","","","","","","","true"
"HP55TSTC05_X","55TSTC05_XL1","Cove Bay 10 X 13 Dark Green Handle Bag 100/Pk 30Pks/Cs","","","Disposables : Bags : Plastic","","24.03","","","","","","","","","","true"
"HP56FR00STC0","56FR00STC020_TR1","Cove Bay 6 X 10 Clear Vented LDPE Bag 100/Pk 100Pks/Cs","","","Disposables : Bags : Plastic","","37.39","","","","","","","","","","true"
"HP56FR00STC1","56FR00STC021_TR1","Cove Bay 7 X 11 Clear Vented LDPE Bag 100/Pk 90Pks/Cs","","","Disposables : Bags : Plastic","","43.19","","","","","","","","","","true"
"HP56FR00STC2","56FR00STC022_TR1","Cove Bay 8 X 13 Clear Vented LDPE Bag 100/Pk 70Pks/Cs","","","Disposables : Bags : Plastic","","45.37","","","","","","","","","","true"
"HP56FR00STC3","56FR00STC023_TR1","Cove Bay 9 X 14 Clear Vented LDPE Bag 100/Pk 50Pks/Cs","","","Disposables : Bags : Plastic","","39.26","","","","","","","","","","true"
"HP56FR00STC4","56FR00STC024_TR1","Cove Bay 10 X 16 Clear Vented LDPE Bag 100/Pk 40Pks/Cs","","","Disposables : Bags : Plastic","","39.89","","","","","","","","","","true"
"HP56FR00STC5","56FR00STC025_TR1","Cove Bay 14 X 18 Clear Vented LDPE Bag 100/Pk 20Pks/Cs","","","Disposables : Bags : Plastic","","31.41","","","","","","","","","","true"
"HP56FSTC16_T","56FSTC16_TR1","Cove Bay 39 X 50 Clear HDPE Garbage Bag   50/Pk 5Pks/Cs","","","Disposables : Bags : Plastic","","20.32","","","","","","","","","","true"
"HP56FSTC17_T","56FSTC17_TR1","Cove Bay 30 X 36 Clear HDPE Garbage Bag   50/Pk 10Pks/Cs","","","Disposables : Bags : Plastic","","22.5","","","","","","","","","","true"
"HP56RSTC07_T","56RSTC07_TR1","10 X 15 HDPE Plain Produce Roll 1000-Bags/Roll 4-Rolls/Cs","","","Disposables : Bags : Plastic","","13.24","","","","","","","","","","true"
"HP56ZSTC01_T","56ZSTC01_TR1","Cove Bay Clear Ziplock Bag (Choice) (6.5 X 5 7/8) 50/Box 20-Bxs/Cs","","","Disposables : Bags : Plastic","","18.66","","","","","","","","","","true"
"ICCOCRM15","COCRM15","Island Choice 15oz Cream Of Coconut 24/Cs","","","Food Products","","28","","","","","","","","","","true"
"IRFOR2.3KG","21396","Fort3 2.3kg Laundry Detergent Powder - Conditioner  6/Bale","","","Institutional Supplies : Cleaning Supplies","","13","","","","","","","","","","true"
"IRFOR4.5KG","21397","Fort3 4.5kg Laundry Detergent Powder - Multicleaning  4/Bale","","","Institutional Supplies : Cleaning Supplies","","14","","","","","","","","","","true"
"IRORIX14B","20967","Orix 1.4kg Laundry Detergent Powder - Bouquet  10/Bale","","","Institutional Supplies : Cleaning Supplies","","12.2","","","","","","","","","","true"
"IRORIX14F","20672","Orix 1.4kg Laundry Detergent Powder - Floral  10/Bale","","","Institutional Supplies : Cleaning Supplies","","12.2","","","","","","","","","","true"
"IRORIX3KGF","21270","Orix 3kg Laundry Detergent Powder - Floral  6/Bale","","","Institutional Supplies : Cleaning Supplies","","14","","","","","","","","","","true"
"IRORIX450B","20965","Orix 450g Laundry Detergent Powder - Bouquet 30/Bale","","","Institutional Supplies : Cleaning Supplies","","13.5","","","","","","","","","","true"
"IRORIX450F","20135","Orix 450g Laundry Detergent Powder - Floral  30/Bale","","","Institutional Supplies : Cleaning Supplies","","13.5","","","","","","","","","","true"
"IRORIX5KGF","21271","Orix 5kg Laundry Detergent Powder - Floral  4/Bale","","","Institutional Supplies : Cleaning Supplies","","13.5","","","","","","","","","","true"
"IRORIX900B","20966","Orix 900g Laundry Detergent Powder - Bouquet  15/Bale","","","Institutional Supplies : Cleaning Supplies","","13","","","","","","","","","","true"
"IRORIX900F","ORIX900F","Orix 900g Laundry Detergent Powder -Floral Bouquet 15/Bale","","","Institutional Supplies : Cleaning Supplies","","13","","","","","","","","","","true"
"ISC56.00.21","56.00.210A","Rational 150-Pc Red Tablet Without Phosphorus For Ovens","","","Institutional Supplies : Cleaning Supplies","","118.71","","","","","","","","","","true"
"ISC56.00.562","56.00.562","Rational 150-Pc Care Cleaner Blue Tablet For Ovens","","","Institutional Supplies : Cleaning Supplies","","128.1","","","","","","","","","","true"
"ISZIP23","ZIP23","2 X 3 Clear LDPE Ziplock Bag 100/Pk  240 Pks/Cs","","","Disposables : Bags : Plastic","","47.52","","","","","","","","","","true"
"ISZIP34","ZIP34","3 X 4 Clear LDPE Ziplock Bag 100/Pk  140 Pks/Cs","","","Disposables : Bags : Plastic","","49","","","","","","","","","","true"
"ISZIP35","ZIP35","3 X 5 Clear LDPE Ziplock Bag 100/Pk  110 Pks/Cs","","","Disposables : Bags : Plastic","","44.11","","","","","","","","","","true"
"ISZIP46","ZIP46","4 X 6 Clear LDPE Ziplock Bag 100/Pk  70 Pks/Cs","","","Disposables : Bags : Plastic","","43.4","","","","","","","","","","true"
"JAN21341","21341","Ez Foam Antibacterial Hand Soap    6 X 1000ml","","","Institutional Supplies : Cleaning Supplies","","38.95","","","","","","","","","","true"
"JAN68341","68341","Ez Foam Bacteria Controlling Hand Sanitizer    6X1000ml","","","Institutional Supplies : Cleaning Supplies","","42.99","","","","","","","","","","true"
"JAN68841","68841","Ez Foam Instant Hand Sanitizer ( 62% Alcohol )  6 X 1000ml","","","Institutional Supplies : Cleaning Supplies","","60.25","","","","","","","","","","true"
"JAN69041","69041","Ez Foam Luxury Hand Soap 6 X 1000ml","","","Institutional Supplies : Cleaning Supplies","","39.35","","","","","","","","","","true"
"JAN7767","7767","Red Blast 2L Industrial Hd Hand Cleaner   4/Cs","","","Institutional Supplies : Cleaning Supplies","","65.67","","","","","","","","","","true"
"JAN77DV2","77DV2","Kutol Red Blast Promo Kit 2L + Dispenser","","","Institutional Supplies : Cleaning Supplies","","0","","","","","","","","","","true"
"JAN9909ZPL","9909ZPL","Kutol Duraview Dispenser For 2L & 4L Products","","","Institutional Supplies : Cleaning Supplies","","70.8","","","","","","","","","","true"
"JANFLIS450","FLIS450","Flamingo 450ml Aerosol Insecticide     28-Cans/Cs","","","Institutional Supplies : Cleaning Supplies","","49.45","","","","","","","","","","true"
"JANFLIS600","FLIS600","Flamingo 600ml Aerosol Insecticide  24-Cans/Cs","","","Institutional Supplies : Cleaning Supplies","","56.2","","","","","","","","","","true"
"KG101469","101469","1.5oz/45ml Flint Grey Hexagon Glass Jar (Use 43mm Cap) 24/Cs","","","Disposables : Bottles & Caps","","9.63","","","","","","","","","","true"
"KG101572","101572","20-400 White Lined Screw Cap (For 2oz Glass Bottle)12000/Cs","","","Disposables : Bottles & Caps","","219.24","","","","","","","","","","true"
"KG101573","101573","20-400 Black Lined Screw Cap (For 2oz Glass Bottle)12000/Cs","","","Disposables : Bottles & Caps","","219.24","","","","","","","","","","true"
"KG101600","101600","22-400 White Lined Screw Cap (For 4oz Glass Bottle)10000/Cs","","","Disposables : Bottles & Caps","","191.7","","","","","","","","","","true"
"KG101601","101601","22-400 Black Lined Screw Cap (For 4oz Glass Bottle)10000/Cs","","","Disposables : Bottles & Caps","","191.7","","","","","","","","","","true"
"KG101997","101997","4oz/120ml Flint Grey Hexagon Glass Jar (Use 58mm Cap) 12/Cs","","","Disposables : Bottles & Caps","","5.82","","","","","","","","","","true"
"KG102150","102150","6.4oz/190ml Flint Grey Hexagon Glass Jar (Use 58mm Cap) 12/Cs","","","Disposables : Bottles & Caps","","5.51","","","","","","","","","","true"
"KG104869","104869","58mm White Twist Off Cap (For 4oz & 6.4oz Jars) 1600/Cs","","","Disposables : Bottles & Caps","","87.47","","","","","","","","","","true"
"KG105816","105816","20-400 Black Dropper Pipette (For 2oz Glass Bottle) 1000/Cs","","","Disposables : Bottles & Caps","","412.28","","","","","","","","","","true"
"KG105852","105852","58mm Gold Twist Off Cap (For 4oz & 6.4oz Jars) 1600/Cs","","","Disposables : Bottles & Caps","","83.53","","","","","","","","","","true"
"KG105891","105891","4oz/120ml Amber Round Glass Bottle ( Use Dropper ) 128/Cs","","","Disposables : Bottles & Caps","","25.25","","","","","","","","","","true"
"KG105892","109814","4oz/120ml Flint Round Glass Bottle ( Use Dropper ) 128/Cs","","","Disposables : Bottles & Caps","","22.72","","","","","","","","","","true"
"KG105894","109812","2oz/59ml Flint Round Glass Bottle ( Use Dropper ) 240/Cs","","","Disposables : Bottles & Caps","","28.84","","","","","","","","","","true"
"KG106563","106563","Pvc Heat Shrink Bands For Jars (.05mmx.95mmx.25mm) 20,000/Cs","","","Disposables : Bottles & Caps","","98.63","","","","","","","","","","true"
"KG107035","107035","43mm White Twist Off Cap (For 1.5oz Jar) 1,160/Cs","","","Disposables : Bottles & Caps","","141","","","","","","","","","","true"
"KG107036","107036","43mm Gold Twist Off Cap (For 1.5oz Jar) 3,000/Cs","","","Disposables : Bottles & Caps","","99.96","","","","","","","","","","true"
"KG108345","108345","22-400 Black Dropper Pipette (For 4oz Glass Bottle) 1200/Cs","","","Disposables : Bottles & Caps","","493.2","","","","","","","","","","true"
"KG109811","110263","2oz/59ml Amber Round Glass Bottle ( Use Dropper ) 240/Cs","","","Disposables : Bottles & Caps","","26.1","","","","","","","","","","true"
"KG110165","110165","UN2789 Glacial Acetic Acid (Class 8, Food Grade) - 210kg","","","Food Products","","392.7","","","","","","","","","","true"
"KPBEVNAP-IC","BEVNAP-IC","Kraft Beverage Napkin - Italia Coffee 500/Pk 8-Pks/Cs","","","Tissue Products","","8.6","","","","","","","","","","true"
"KS2017G","2017G","6"" Gold Party Sparklers 6/Pk  40-Pks/Cs","","","Equipment : Heating","","159","","","","","","","","","","true"
"KS2017S","2017S","6"" Silver Party Sparklers 6/Pk  40-Pks/Cs","","","Equipment : Heating","","159","","","","","","","","","","true"
"KSHS65SPARK","HS65SPARK","6.5"" Red Heart Shaped Sparkler 2/Bx 12-Bxs/Cs","","","Equipment : Heating","","35","","","","","","","","","","true"
"KSSS55SPARK","SS55SPARK","5.5"" Star Shaped Sparkler 6/Pk","","","Equipment : Heating","","4.17","","","","","","","","","","true"
"KSWSP10","WSP10","10"" Wedding Sparklers 6/Pk  24-Pks/Cs","","","Equipment : Heating","","35.98","","","","","","","","","","true"
"KSWSP20","WSP20","20"" Wedding Sparklers 8/Pk 18-Pks/Cs","","","Equipment : Heating","","2.22","","","","","","","","","","true"
"KYFKHC-881","CBC-881","Cove Bay 8"" PLA H-Lid Container 80/Pk   2Pks/Cs","","","Disposables : Containers","","28.68","","","","","","","","","","true"
"KYFKHD-08","KHD-08","Cove Bay 8oz PLA H-Lid Container  100/Pk 2Pks/Cs","","","Disposables : Containers","","17.94","","","","","","","","","","true"
"KYFKHD-16","KHD-16","Cove Bay 16oz PLA H-Lid Container  100/Pk 2Pks/Cs","","","Disposables : Containers","","23.78","","","","","","","","","","true"
"KYFKHD-24","KHD-24","Cove Bay 24oz PLA H-Lid Container  100/Pk 2Pks/Cs","","","Disposables : Containers","","35.33","","","","","","","","","","true"
"KYFKHD-32","KHD-32","Cove Bay 32oz PLA H-Lid Container  100/Pk 2Pks/Cs","","","Disposables : Containers","","41.17","","","","","","","","","","true"
"KYFKSD-16","CBCD-16","Cove Bay 16oz Square PLA Deli Container  50/Pk  12Pks/Cs","","","Disposables : Containers","","59","","","","","","","","","","true"
"KYFKSD-24","CBCD-24","Cove Bay 24oz Square PLA Deli Container  50/Pk  12Pks/Cs","","","Disposables : Containers","","71.33","","","","","","","","","","true"
"KYFKSD-32F","KSD-32F","Cove Bay 32oz Square Rpet Deli Container  50/Pk  12Pks/Cs","","","Disposables : Containers","","78.6","","","","","","","","","","true"
"KYFKSD-8","CBCD-8","Cove Bay 8oz Square PLA Deli Container   50/Pk 12Pks/Cs","","","Disposables : Containers","","28.53","","","","","","","","","","true"
"KYFKSD-NIL","CBCD-LID","Cove Bay Square PLA Deli Lid (For Ksd Cont) 50/Pk 12Pks/Cs","","","Disposables : Containers","","28.53","","","","","","","","","","true"
"KYFKSD-NILE","CBCD-LIDE","Cove Bay Square Rpet Deli Lid ( For KSD32F ) 50/Pk 12Pks/Cs","","","Disposables : Containers","","25.35","","","","","","","","","","true"
"LC052612","52612","Pony 12"" X 700' Dry Wax Roll 12-Rolls/Cs","","","Disposables","","151","","","","","","","","","","true"
"LC1/6HDLMP","GB-1/6HDLMP","Kraft Printed Paper Handle Bag ( 12 X 17 X 7 )  250/Bale","","","Disposables : Bags : Paper","","29","","","","","","","","","","true"
"LC10#NAT500","SAC-10#NAT500","10 lb Brown Paper Bags 500/Bale","","","Disposables : Bags : Paper","","13.25","","","","","","","","","","true"
"LC110NWI-21","KC-110NWI-21","21"" White Pleated Bouffant Cap 100/Pk   10-Pks/Cs","","","Institutional Supplies : Personal Protection","","19.25","","","","","","","","","","true"
"LC12#NAT500","SAC-12#NAT500","12 lb Brown Paper Bags 500/Bale","","","Disposables : Bags : Paper","","15.56","","","","","","","","","","true"
"LC18401","18401","Duro 1 lb 500-Pk Brown Paper Bags (3.5 X 2 X 6) 8Pks/Bale","","","Disposables : Bags : Paper","","46.82","","","","","","","","","","true"
"LC18402","18402","Duro 2 lb Brown Paper Bags (4 X 2 X 7) 500/Bale","","","Disposables : Bags : Paper","","8.45","","","","","","","","","","true"
"LC18402-6","18402-6","Duro 2 lb Brown Paper Bags (4 X 2 X 7) 6000/Bale","","","Disposables : Bags : Paper","","53.8","","","","","","","","","","true"
"LC18403","18403","Duro 3 lb Brown Paper Bags (4.75 X 2 X 8) 500/Bale","","","Disposables : Bags : Paper","","11.67","","","","","","","","","","true"
"LC18404","18404","Duro 4 lb Brown Paper Bags (5 X 3 X 9.75) 500/Bale","","","Disposables : Bags : Paper","","9.34","","","","","","","","","","true"
"LC18405","18405","Duro 5 lb Brown Paper Bags (5.25 X 3 X 10)  500/Bale","","","Disposables : Bags : Paper","","8.46","","","","","","","","","","true"
"LC18405-2","18405-2","Duro 5 lb Brown Paper Bags (5.25 X 3 X 10) 2000/Bale","","","Disposables : Bags : Paper","","28.18","","","","","","","","","","true"
"LC18406","18402","Duro 6 lb Brown Paper Bags (6 X 3 X 11)  500/Bale","","","Disposables : Bags : Paper","","6.85","","","","","","","","","","true"
"LC18408","18408","Duro 8 lb Brown Paper Bags (6 X 4 X 12)  500/Bale","","","Disposables : Bags : Paper","","17.23","","","","","","","","","","true"
"LC18410","18410","Duro 10 lb Brown Paper Bags (6 X 4 X 13) 500/Bale","","","Disposables : Bags : Paper","","18.17","","","","","","","","","","true"
"LC18412","18412","Duro 12 lb Brown Paper Bags (7 X 4.5 X 13)  500/Bale","","","Disposables : Bags : Paper","","21.51","","","","","","","","","","true"
"LC18420","18420","Duro 20 lb Brown Paper Bags (8.25 X 5 X 16) 500/Bale","","","Disposables : Bags : Paper","","18.75","","","","","","","","","","true"
"LC2#NAT500","SAC-2#NAT500","2 lb Brown Paper Bags (4.1 X 2.5 X 7.9) 500/Bale","","","Disposables : Bags : Paper","","8.16","","","","","","","","","","true"
"LC20#NAT500","20#NAT500","20 lb Brown Paper Bags (8.25 X 5.25 X 16)  500/Bale","","","Disposables : Bags : Paper","","18.86","","","","","","","","","","true"
"LC2XL400E","2XL400","Force Antibacterial Wipe Dispenser  ( Bucket & Wipes )","","","Institutional Supplies : Cleaning Supplies","","10","","","","","","","","","","true"
"LC2XL401E","2XL401","Force Antibacterial Wipe Refills  900/Roll  4-Rolls/Cs","","","Institutional Supplies : Cleaning Supplies","","96","","","","","","","","","","true"
"LC300010E","300010","1lb White Glassine Paper Bag ( 5.75 X 7.75 )  8000/Bale","","","Disposables","","252.67","","","","","","","","","","true"
"LC300043","300043","Kraft Grease Proof French Fry Bag ( 4.5 X 3.5 )  2000/Cs","","","Disposables","","13.9","","","","","","","","","","true"
"LC300091","300091","Dublview Natural Bag ( 3.5 X 2.25 X 7.25 ) 500/Bale","","","Disposables","","56.28","","","","","","","","","","true"
"LC300094","300094","Dublview Natural Bag ( 5.75 X 2.75 X 9.5 ) 500/Bale","","","Disposables","","108.05","","","","","","","","","","true"
"LC300114","300114","Eco Craft Grease Proof Kraft Window Bag (5 X 1.5 X 7)500/Cs","","","Disposables","","33.02","","","","","","","","","","true"
"LC300116","300116","Eco Craft Grease Proof Kraft Window Bag (6.5X2X8.5) 500/Cs","","","Disposables","","42.23","","","","","","","","","","true"
"LC300236","300236","1lb Stand Up Artisan Wind. Bag W/Ties (4.75X2.5X9.5) 500/Bale","","","Disposables","","117.94","","","","","","","","","","true"
"LC300238","300238","6lb Kraft C Thru Window Bag ( 6 X 3.5 X 11 )   500/Bale","","","Disposables","","128","","","","","","","","","","true"
"LC300239","300239","10lb Kraft C Thru Window Bag ( 7.25 X 4 X 13.5 )  500/Bale","","","Disposables","","95.1","","","","","","","","","","true"
"LC300247","300247","2lb Stand Up Artisan Wind. Bag W/Ties( 6 X 2.5 X 9.5)500/Bale","","","Disposables","","151.56","","","","","","","","","","true"
"LC300422","300422","Grease Proof Sandwhich Paper Bag ( 6.5 X 1 X 8 ) 2000/Bale","","","Disposables","","30.33","","","","","","","","","","true"
"LC300423","300423","White Grease Proof Cone Liner (9"" X 10"")   1000/Bale","","","Disposables","","37.5","","","","","","","","","","true"
"LC300505","300505","Foil Insulator To Go Bag ( 4 X 3 X 10.5 )   1000/Cs","","","Disposables","","137.5","","","","","","","","","","true"
"LC300794","300794","8 lb Fresh To Go Deli Bag (6 1/8 X 4 X 12 3/8) 500/Bale","","","Disposables","","46.89","","","","","","","","","","true"
"LC300815","300815","Honeycomb 14 X 10.5 Silver Check Foil Wrap 500/Pk 4Pks/Cs","","","Film & Foil : Foil","","92.4","","","","","","","","","","true"
"LC300827","300827","Honeycomb 13 X 10.5 Red Check Foil Wrap 500/Pk 4Pks/Cs","","","Film & Foil : Foil","","113.82","","","","","","","","","","true"
"LC300828","300828","Honeycomb 13 X 10.5 Yellow Check Foil Wrap 500/Pk 4Pk/Cs","","","Film & Foil : Foil","","113.82","","","","","","","","","","true"
"LC300829","300829","Honeycomb 13 X 10.5 Blue Check Foil Wrap 500/Pk 4Pks/Cs","","","Film & Foil : Foil","","113.82","","","","","","","","","","true"
"LC300830","300830","Honeycomb 13 X 10.5 Green Check Foil Wrap 500/Pk 4Pks/Cs","","","Film & Foil : Foil","","113.82","","","","","","","","","","true"
"LC300883","300883","Dubl-Panel 'Crispy Baguette' Bag ( 3.5 X 2 X 26 )  500/Bale","","","Disposables","","82.06","","","","","","","","","","true"
"LC300891","300891","Dubl-Panel Artisan Bread Bag ( 3.5 X 2 X 14 )    500/Bale","","","Disposables","","68","","","","","","","","","","true"
"LC300895","300895","Dubl-Panel Artisan Bread Bag ( 4.5 X 2.5 X 24 )   500/Bale","","","Disposables","","72.5","","","","","","","","","","true"
"LC301041","301041","Window Meal Bag W/Vents & Seal 6.12 X 4 .25 X 12.37) 250/Bale","","","Disposables","","75.17","","","","","","","","","","true"
"LC301043","301043","Window Meal Bag W/Vents & Seal (8.25 X 5 .25 X 8.75) 250/Bale","","","Disposables","","103","","","","","","","","","","true"
"LC450003","450003","White Grease Proof Fry Bag ( 4.5 X 3.5 ) 2000/Cs","","","Disposables","","13.9","","","","","","","","","","true"
"LC450010","450010","White Grease Proof Fry Bag ( 6 X 4.5 )  2000/Cs","","","Disposables","","28.8","","","","","","","","","","true"
"LC5#NAT500","SAC-5#NAT500","5 lb Brown Paper Bags 500/Bale","","","Disposables : Bags : Paper","","10.68","","","","","","","","","","true"
"LC610032","610032","4.5"" Paper Bake Cup - White 500/Pk   20-Pks/Cs","","","Disposables","","40.84","","","","","","","","","","true"
"LC8#NAT500","SAC-8#NAT500","8 lb Brown Paper Bags 500/Bale","","","Disposables : Bags : Paper","","10.95","","","","","","","","","","true"
"LC84641","84641","Missy White Paper Handle Bag ( 10 X 5 X 13 ) 250/Cs","","","Disposables : Bags : Paper","","41.61","","","","","","","","","","true"
"LC87129","87129","Tote Kraft Paper Handle Bag ( 16 X 6 X 12 ) 250/Cs","","","Disposables : Bags : Paper","","55.78","","","","","","","","","","true"
"LC87145","87145","Super Royal Kraft Paper Handle Bag ( 14 X 10 X 15.75 ) 200/Cs","","","Disposables : Bags : Paper","","44.45","","","","","","","","","","true"
"LC87281","87281","Jr Mart White Paper Handle Bag ( 13 X 7 X 13 ) 250/Cs","","","Disposables : Bags : Paper","","68.28","","","","","","","","","","true"
"LC87415","87415","Kraft Paper Handle Bag ( 12 X 9 X 15.75 )  200/Bale","","","Disposables : Bags : Paper","","38.06","","","","","","","","","","true"
"LC88206","SP10612-W","Bistro White Paper Handle Bag ( 10 X 6.75 X 12 ) 250/Cs","","","Disposables : Bags : Paper","","56.68","","","","","","","","","","true"
"LCCPRT-7200-","CPRT-7200-ECONO","2-Ply Center Pull Paper Towel 6 Rolls/Cs","","","Tissue Products : Institutional Paper","","20.8","","","","","","","","","","true"
"LCDFR-12","DFR-12","12oz Paper Food Container - Champagne Des.50/Pk 20Pks/Cs","","","Disposables : Containers","","63.02","","","","","","","","","","true"
"LCDFR-24","DFR-24","24oz Paper Food Container - White  25/Pk  20Pks/Cs","","","Disposables : Containers","","43.15","","","","","","","","","","true"
"LCDFR-32","DFR-32","32oz Paper Food Container - Champagne Des.25/Pk 20Pks/Cs","","","Disposables : Containers","","56.42","","","","","","","","","","true"
"LCDFR-4E","DFR-4","4oz Paper Food Container - Champagne Des.50/Pk 20Pks/Cs","","","Disposables : Containers","","42.73","","","","","","","","","","true"
"LCDFR-5","DFR-5","5oz Paper Food Container - Champagne Des.50/Pk 20Pks/Cs","","","Disposables : Containers","","39.39","","","","","","","","","","true"
"LCDFR-8","DFR-8","8oz Paper Food Container - Champagne Des.50/Pk 20Pks/Cs","","","Disposables : Containers","","53.4","","","","","","","","","","true"
"LCDFT-16","DFT-16","16oz Tall Double Poly Paper Cont - White 25/Pk 20Pks/Cs","","","Disposables : Containers","","40.75","","","","","","","","","","true"
"LCDFW-12","NIN-12FOZICECREAMWHT","12oz Paper Ice Cream Container - White 50/Pk 20Pks/Cs","","","Disposables : Containers","","24.5","","","","","","","","","","true"
"LCDLGC12/20","DLGC9/1214","Greenware Dome Lid With Hole GC90F & GC12S 100/Pk 10Pks/Cs","","","Disposables : Cups, Plates, Cutlery","","30.18","","","","","","","","","","true"
"LCDLGC1220N","DLGC9/1214NH","Greenware Dome Lid No Hole GC90F & GC12S 100/Pk 10Pks/Cs","","","Disposables : Cups, Plates, Cutlery","","30.18","","","","","","","","","","true"
"LCDLGC16/24","DLGC12-24","Greenware Dome Lid With Hole GC16S & GC20 100/Pk  10Pks/Cs","","","Disposables : Cups, Plates, Cutlery","","30.99","","","","","","","","","","true"
"LCDLGC1624N","DLGC16/24N","Greenware Dome Lid No Hole GC16S & GC20 100/Pk  10Pks/Cs","","","Disposables : Cups, Plates, Cutlery","","34.01","","","","","","","","","","true"
"LCDMM-12","DMM-12","12oz Tall Paper Cold Cup Champagne Des. 100/Pk 20Pks/Cs","","","Disposables : Cups, Plates, Cutlery","","66.72","","","","","","","","","","true"
"LCDMR-16","DMR-16","16oz Paper Cold Cup Champagne Design  50/Pk 20Pks/Cs","","","Disposables : Cups, Plates, Cutlery","","52.25","","","","","","","","","","true"
"LCDMR5","DMR-5","5oz Paper Cold Cup Champagne Design  100/Pk 25Pks/Cs","","","Disposables : Cups, Plates, Cutlery","","78.44","","","","","","","","","","true"
"LCDMR-9","DMR-9","9oz Paper Cold Cup Champagne Design 100/Pk 25Pks/Cs","","","Disposables : Cups, Plates, Cutlery","","92.66","","","","","","","","","","true"
"LCDMS-12","DMS-12","12oz Squat Paper Cold Cup Champagne Des. 100/Pk 20Pks/Cs","","","Disposables : Cups, Plates, Cutlery","","69.2","","","","","","","","","","true"
"LCFK-GC14","FK-GC14","Greenware 4oz Insert For 9, 12 16 & 20oz Cups 100/Pk 10Pks/Cs","","","Disposables : Cups, Plates, Cutlery","","47.7","","","","","","","","","","true"
"LCFK-GC90F","FK-GC90F","Greenware 9oz Squat Clear Cold Cup  50/Pk   20Pks/Cs","","","Disposables : Cups, Plates, Cutlery","","58.03","","","","","","","","","","true"
"LCGC10","GC10","Greenware 10oz Clear Cold Cup 50/Pk  20Pks/Cs","","","Disposables : Cups, Plates, Cutlery","","60.3","","","","","","","","","","true"
"LCGC12S","GC12S","Greenware 12oz Clear Cold Cup 50/Pk    20Pks/Cs","","","Disposables : Cups, Plates, Cutlery","","65.9","","","","","","","","","","true"
"LCGC16S","GC16S","Greenware 16oz Clear Cold Cup 50/Pk    20Pks/Cs","","","Disposables : Cups, Plates, Cutlery","","75.81","","","","","","","","","","true"
"LCGC20","GC20","Greenware 20oz Clear Cold Cup 50/Pk    20Pks/Cs","","","Disposables : Cups, Plates, Cutlery","","110.18","","","","","","","","","","true"
"LCGC7","GC7","Greenware 7oz Clear Cold Cup 50/Pk    20Pks/Cs","","","Disposables : Cups, Plates, Cutlery","","58.14","","","","","","","","","","true"
"LCGPC200","GPC200","Greenware 2oz Clear Portion Container    200/Pk 10Pks/Cs","","","Disposables : Cups, Plates, Cutlery","","32.97","","","","","","","","","","true"
"LCGPC400","GPC400","Greenware 4oz Clear Portion Container   100/Pk 20Pks/Cs","","","Disposables : Cups, Plates, Cutlery","","72.53","","","","","","","","","","true"
"LCGXL250PC","GXL250PC","Greenware Flat Lid For GPC200 134/Pk  15Pks/Cs","","","Disposables : Cups, Plates, Cutlery","","35.91","","","","","","","","","","true"
"LCGXL345PC","GXL345PC","Greenware Flat Lid For GPC400 125/Pk  16Pks/Cs","","","Disposables : Cups, Plates, Cutlery","","52.3","","","","","","","","","","true"
"LCJO-CH12B","NIN-CH12K","Kraft Hot Cup Sleeve / Jacket For 10-24oz Hot Cups 100/Pk 10Pks/Cs","","","Disposables : Cups, Plates, Cutlery","","13","","","","","","","","","","true"
"LCJO-CH8B","JO-CH8B","8oz Kraft Hot Cup Sleeve / Jacket    100/Pk 10Pks/Cs","","","Disposables : Cups, Plates, Cutlery","","24.25","","","","","","","","","","true"
"LCLFRFA-4","LFRFA-4","Clear Flat Lid For DFR-4 50/Pk  20-Pks/Cs","","","Disposables : Cups, Plates, Cutlery","","39.31","","","","","","","","","","true"
"LCLFRFA-5","LFRFA-5","Clear Flat Lid For DFR-5 100/Pk  10-Pks/Cs","","","Disposables : Cups, Plates, Cutlery","","41.3","","","","","","","","","","true"
"LCLFRFHE32","LFRFHE32","Flat Clear PLA Lid For DFR-32 & DFR-24   50/Pk  10Pks/Cs","","","Disposables : Cups, Plates, Cutlery","","24.38","","","","","","","","","","true"
"LCLFRHE-12","LFRFHE-12","PLA Flat Lid For DFR-12 50/Pk 20Pks/Cs","","","Disposables : Cups, Plates, Cutlery","","55.83","","","","","","","","","","true"
"LCLFTFHE-16","LFTFHE-16","PLA Flat Lid For DFR-8, DFT-16 50/Pk 20Pks/Cs","","","Disposables : Cups, Plates, Cutlery","","46.51","","","","","","","","","","true"
"LCLGC12/20","LGC9/1214","Greenware Flat Slot Lid GC90F & GC12S 100/Pk 10Pks/Cs","","","Disposables : Cups, Plates, Cutlery","","22.5","","","","","","","","","","true"
"LCLGC16/24","LGC16/24","Greenware Flat Slot Lid GC16S & GC20 100/Pk  10Pks/Cs","","","Disposables : Cups, Plates, Cutlery","","22.5","","","","","","","","","","true"
"LCMAX-BLUE-5","MAX-BLUE-50","Mighty Wipe 12"" Microfibre Roll Towel - Blue 50/Roll 6/Cs","","","Institutional Supplies : Cleaning Supplies","","60","","","","","","","","","","true"
"LCMAX-RED-50","MAX-RED-50","Mighty Wipe 12"" Microfibre Roll Towel - Red 50/Roll 6/Cs","","","Institutional Supplies : Cleaning Supplies","","60","","","","","","","","","","true"
"LCMT-25SR","MT-25SR","25S Rose Foam Tray ( 15 X 8 ) 250/Bale","","","Disposables","","30.15","","","","","","","","","","true"
"LCMW-60-CP-C","MW-60-CP-CHEMWIPE-18","Chemwipe 180Sht Wipe Dispenser ( 1 X Bucket & 6 X Wipes )","","","Institutional Supplies : Cleaning Supplies","","30","","","","","","","","","","true"
"LCMW-80B-CPJ","MW-80B-CPJ","Chemwipe 475Sht Disposable Wipe Roll - Blue","","","Institutional Supplies : Cleaning Supplies","","39.65","","","","","","","","","","true"
"LCMW-80R-CPJ","MW-80R-CPJ","Mightywipe 475Sht Disposable Wipe Roll - Red","","","Institutional Supplies : Cleaning Supplies","","42.78","","","","","","","","","","true"
"LCNR-FLOW10","NR-FLOW10","Logan 10"" Deli Paper 500-Sheets/Box    12-Bxs/Cs","","","Disposables","","45.39","","","","","","","","","","true"
"LCNR-FLOW12","NR-FLOW12","Logan 12"" Deli Paper 500-Sheets/Box    12-Bxs/Cs","","","Disposables","","55.38","","","","","","","","","","true"
"LCNR-FLOW15","NR-FLOW15","Logan 15"" Deli Paper 500-Sheets/Box    12-Bxs/Cs","","","Disposables","","56.95","","","","","","","","","","true"
"LCNR-FLOW6","NR-FLOW6","Logan 6"" Deli Paper 500-Sheets/Box    12-Bxs/Cs","","","Disposables","","29.62","","","","","","","","","","true"
"LCNR-FLOW8","NR-FLOW8","Logan 8"" Deli Paper 500-Sheets/Box    12-Bxs/Cs","","","Disposables","","33.28","","","","","","","","","","true"
"LCOZ-13717-N","87128","Kraft Paper Handle Bag ( 13 X 6.5 X 17 ) 250/Cs","","","Disposables : Bags : Paper","","65.33","","","","","","","","","","true"
"LCOZ-16612-N","OZ-16612-NK","Kraft Paper Handle Bag ( 16 X 6 X 12 ) 250/Cs","","","Disposables : Bags : Paper","","36.57","","","","","","","","","","true"
"LCPK-4CC","MPK-4CC","Sterling 4 Cup Fibre Drink Carrier 300/Cs","","","Disposables","","29.42","","","","","","","","","","true"
"LCRP-CHCL-8","RP-CHCL-8","8oz CPLA Sip Lid (For Out-Hc 8oz Cups )   50/Pk  20Pks/Cs","","","Disposables : Cups, Plates, Cutlery","","54.28","","","","","","","","","","true"
"LCSAC-PP1271","SAC-PP12717-K","1/6 Kraft Flat Handle Paper Bag ( 12 X 7 X 17 ) 300/Cs","","","Disposables : Bags : Paper","","37.65","","","","","","","","","","true"
"LCSHP145125","SHP145125","1oz Portion Container 125/Pk    20Pks/Cs","","","","","11.99","","","","","","","","","","true"
"LCSLGC16/24","SLGC12-24","Clear PLA Sip Thru Lid For GC16S - GC24  100/Pk 10-Pks/Cs","","","Disposables : Cups, Plates, Cutlery","","29.5","","","","","","","","","","true"
"LCSLP45","SLP45","Clear 4 Count H-Lid Cupcake Container    300/Cs","","","Disposables : Containers","","61.87","","","","","","","","","","true"
"LCSP10513-K","SP10513-K","Kraft Paper Handle Bag ( 10 X 5 X 13 ) 250/Cs","","","Disposables : Bags : Paper","","26.27","","","","","","","","","","true"
"LCSP10513-W","SP10513-W","White Paper Handle Bag ( 10 X 5 X 13 ) 250/Cs","","","Disposables : Bags : Paper","","39.25","","","","","","","","","","true"
"LCSP10612-K","SP10612-K","Kraft Paper Handle Bag ( 10 X 7 X 12 ) 250/Cs","","","Disposables : Bags : Paper","","28.12","","","","","","","","","","true"
"LCSP13915","SP13915-K","Kraft Paper Handle Bag ( 13 X 9 X 15.75 )  200/Cs","","","Disposables : Bags : Paper","","38.06","","","","","","","","","","true"
"LCSP141016-K","SP141016-K","Kraft Paper Handle Bag ( 14 X 10 X 16 ) 200/Cs","","","Disposables : Bags : Paper","","37.68","","","","","","","","","","true"
"LCW500F","W500F","Genpak 5oz White Paper Drinking Cup 100/Pk   25Pks/Cs","","","Disposables : Cups, Plates, Cutlery","","51.07","","","","","","","","","","true"
"LCWCC07","WCC07","7oz White Paper Cold Cup 50/Pk 20Pks/Cs","","","Disposables : Cups, Plates, Cutlery","","30.15","","","","","","","","","","true"
"LINNOODBEEF","NOODBEEF","Noody 70g Instant Noodles - Beef  5/Pk 8Pks/Cs","","","Food Products : Pasta/Noodles","","6.4","","","","","","","","","","true"
"LINNOODCHEE","NOODCHEE","Noody 70g Instant Noodles - Cheese 5/Pk 8Pks/Cs","","","Food Products : Pasta/Noodles","","6.4","","","","","","","","","","true"
"LINNOODCHIC","NOODCHIC","Noody 70g Instant Noodles - Chicken 5/Pk 8Pks/Cs","","","Food Products : Pasta/Noodles","","6.4","","","","","","","","","","true"
"LINNOODMUSH","NOODMUSH","Noody 70g Instant Noodles - Mushroom 5/Pk 8Pks/Cs","","","Food Products : Pasta/Noodles","","6.4","","","","","","","","","","true"
"LINNOODSHR","NOODSHR","Noody 70g Instant Noodles - Shrimp  5/Pk 8Pks/Cs","","","Food Products : Pasta/Noodles","","6.4","","","","","","","","","","true"
"LINNOODSPCH","NOODSPCH","Noody 70g Instant Noodles - Special Chicken 5/Pk 8Pks/Cs","","","Food Products : Pasta/Noodles","","6.4","","","","","","","","","","true"
"LINNOODSPICY","NOODSPICY","Noody 120g Instant Noodles Hot Spicy Chicken 5/Pk 8Pks/Cs","","","Food Products : Pasta/Noodles","","23.05","","","","","","","","","","true"
"LINNOODVEG","NOODVEG","Noody 70g Instant Noodles - Vegetables 5/Pk 8Pks/Cs","","","Food Products : Pasta/Noodles","","6.4","","","","","","","","","","true"
"LKRFCP-SNDWC","RFCP-SNDWCH","Compostable Kraft Sandwich Pack ( 6.85 X 2.85 X 4.85 ) 500/Cs","","","Disposables","","90.25","","","","","","","","","","true"
"LKRFCP-WRAP","RFCP-WRAP","Readyfresh Kraft Window Wrap Box (4.25 X 2.5 X 5.25) 500/Cs","","","Disposables","","141.41","","","","","","","","","","true"
"LKROT131065","ROT131065","Large Rotisserie Bag ( 12.75 X 9.75 X 6.5 ) 250/Cs","","","Disposables","","48.45","","","","","","","","","","true"
"LRBBMNT750","BBMNT750","Bright Bowl 750ml Mint Toilet Bowl Cleaner 18/Cs","","","Institutional Supplies : Cleaning Supplies","","28.31","","","","","","","","","","true"
"LRDISHDET","DISHDET","Bulk Liquid Dish Detergent 6L Bag   ( Lemon / Lime )","","","Institutional Supplies : Cleaning Supplies","","3.28","","","","","","","","","","true"
"LRLCDLV4L","LCDLV4L","Lanchem 4L Lavender Disinfectant 4Litre 4/Cs","","","Institutional Supplies : Cleaning Supplies","","14","","","","","","","","","","true"
"LRLCDSHLM4L","LCDSHLM4L","Lanchem 4L Lemon Dishwashing Liquid 4/Cs","","","Institutional Supplies : Cleaning Supplies","","14","","","","","","","","","","true"
"LRLCLQS4L","LCLQS4L","Lanchem 4L Pink Liquid Soap 4/Cs","","","Institutional Supplies : Cleaning Supplies","","14","","","","","","","","","","true"
"LRLCSANFL4L","LCSANFL4L","Lanchem 4L Floral Sanitizer Plus 4/Cs","","","Institutional Supplies : Cleaning Supplies","","14","","","","","","","","","","true"
"LRLHWC4L","LHWC4L","Lanher 4L Wonder Clean Cleaner / Degreaser  4/Cs","","","Institutional Supplies : Cleaning Supplies","","21.4","","","","","","","","","","true"
"LRSMDLCM828","SMDLCM828","Smart Choice 828ml Disinfectant  - Lilac Mist 18/Cs","","","Institutional Supplies : Cleaning Supplies","","14.4","","","","","","","","","","true"
"LRSMDLV55G","SMDLV55G","Smart Choice 55Gal Lavender Disinfectant","","","Institutional Supplies : Cleaning Supplies","","150","","","","","","","","","","true"
"LRSMDPN828","SMDPN828","Smart Choice 828ml Disinfectant - Pine 18/Cs","","","Institutional Supplies : Cleaning Supplies","","14.4","","","","","","","","","","true"
"LRSMDSBZ828","SMDSBZ828","Smart Choice 828ml Disinfectant - Sea Breeze   18/Cs","","","Institutional Supplies : Cleaning Supplies","","14.4","","","","","","","","","","true"
"LRSMDSHFL2L","SMDSHFL2L","Smart Choice 2 Litre Floral Dishwashing Liquid  6/Cs","","","Institutional Supplies : Cleaning Supplies","","10.5","","","","","","","","","","true"
"LRSMDSHFL725","SMDSHFL725","Smart Choice 725ml Lime Dishwashing Liquid  18/Cs","","","Institutional Supplies : Cleaning Supplies","","12.6","","","","","","","","","","true"
"LRSMDSHLM55G","SMDSHLM55G","Smart Choice 55Gal Lemon Dishwashing Liquid","","","Institutional Supplies : Cleaning Supplies","","105","","","","","","","","","","true"
"LRSMDSHLM725","SMDSHLM725","Smart Choice 725ml Lemon Dishwashing Liquid  18/Cs","","","Institutional Supplies : Cleaning Supplies","","11.7","","","","","","","","","","true"
"LRSMLLD2L","SMLLD2L","Smart Choice 2L Liquid Laundry Detergent   6/Cs","","","Institutional Supplies : Cleaning Supplies","","11.7","","","","","","","","","","true"
"LTPL1624","PL1624","White 16 X 24 Pan Liners 1000/Cs","","","Institutional Supplies : Foodservice","","36","","","","","","","","","","true"
"LTPL1826","PL1826","White 18 X 26 Pan Liners 1000/Cs","","","Institutional Supplies : Foodservice","","39","","","","","","","","","","true"
"MB05002","5002","Mr Bar-B-Q Natural Lava Rock","","","Equipment : Heating","","4.63","","","","","","","","","","true"
"MB05010ZB","05010ZB","Mr Bar-B-Q Smoking Chips - Mesquite 6/Cs","","","Equipment : Heating","","17.09","","","","","","","","","","true"
"MB05011ZB","05011ZB","Mr Bar-B-Q Smoking Chips - Hickory   6/Cs","","","Equipment : Heating","","17.09","","","","","","","","","","true"
"MB05012ZB","05012ZB","Mr Bar-B-Q Smoking Chips - Apple 6/Cs","","","Equipment : Heating","","20.4","","","","","","","","","","true"
"MB05042BC","05042BC","Mr Bar-B-Q Smoking Chips - Whiskey Barrel  6/Cs","","","Equipment : Heating","","29.58","","","","","","","","","","true"
"MB06127TK","06127TK","Mr Bar-B-Q Xl Vertical Griller With 3 Spikes  4/Cs","","","Equipment : Heating","","129.2","","","","","","","","","","true"
"MB11006E","11006","Chef Master 2-Pk Refillable Butane Lighter  72-Pks/Cs","","","Equipment : Heating","","186.6","","","","","","","","","","true"
"MB40111Y","40111Y","Mr Bar-B-Q Insulated Barbecue Gloves   6/Cs","","","Institutional Supplies : Personal Protection","","11.6","","","","","","","","","","true"
"MB40144Y","40144Y","Mr Bar-B-Q Remote Digital Thermometer (Up To 145F) 3/Cs","","","Institutional Supplies : Foodservice","","90.54","","","","","","","","","","true"
"MB40300Y","40300Y","Mr Bar-B-Q 12"" Bamboo Paddle Skewer 50/Pk 12-Pks/Cs","","","Disposables","","3.35","","","","","","","","","","true"
"MB90014","90014","Chef Master Professional Butane Torch 12/Cs","","","Equipment : Heating","","186.6","","","","","","","","","","true"
"MB90060","90060","Chef Master N20 10-Pk Chargers (For Whip Cream Disp) 36Pks/Cs","","","Institutional Supplies : Foodservice","","97.92","","","","","","","","","","true"
"MCPAYA001-01","PAYA001-02","Paya 1oz Conditioning Shampoo Bottle - Papaya 144/Cs","","","Institutional Supplies : Personal Protection","","33.84","","","","","","","","","","true"
"MCPAYA004-01","PAYA004-02","Paya 1oz Conditioner Bottle - Papaya 144/Cs","","","Institutional Supplies : Personal Protection","","33.84","","","","","","","","","","true"
"MCPAYA005-00","PAYA005-01","Paya 1oz Lotion Bottle - Papaya 144/Cs","","","Institutional Supplies : Personal Protection","","33.84","","","","","","","","","","true"
"MCPAYA006-00","PAYA006-01","Paya 1oz Shower Gel Bottle - Papaya 144/Cs","","","Institutional Supplies : Personal Protection","","33.84","","","","","","","","","","true"
"MCPAYA019-00","PAYA019-01","Paya 1.25oz Face & Body Bar Soap - Orange & Papaya 288/Cs","","","Institutional Supplies : Personal Protection","","74.88","","","","","","","","","","true"
"MCPAYA025-00","PAYA025-00","Paya 12oz Shampoo Dovelok - Papaya 20/Cs","","","Institutional Supplies : Personal Protection","","52","","","","","","","","","","true"
"MCPAYA026-00","PAYA026-00","Paya 12oz Conditioner Dovelok - Papaya 20/Cs","","","Institutional Supplies : Personal Protection","","52","","","","","","","","","","true"
"MCPAYA027-00","PAYA027-01","Paya 12oz Shower Gel Dovelok - Papaya 20/Cs","","","Institutional Supplies : Personal Protection","","52","","","","","","","","","","true"
"MCPROT019-00","PROT019-00","Proterra 1oz Face & Body Bar Soap  - Honey & Vanilla  288/Cs","","","Institutional Supplies : Personal Protection","","48.96","","","","","","","","","","true"
"MCPROT021-00","PROT021-00","Proterra 1oz Condi Shampoo Bottle - Honey & Vanilla 144/Cs","","","Institutional Supplies : Personal Protection","","31.68","","","","","","","","","","true"
"MCPROT022-00","PROT022-00","Proterra 1oz Conditioner Bottle - Honey & Vanilla 144/Cs","","","Institutional Supplies : Personal Protection","","31.68","","","","","","","","","","true"
"MCPROT024-00","PROT024-00","Proterra 1oz Body Wash Bottle -  Honey & Vanilla 144/Cs","","","Institutional Supplies : Personal Protection","","31.68","","","","","","","","","","true"
"MET150","X-150","Metric Stainless Steel Slushie Machine - 1 Section ( 220/50 )","","","Equipment : Refrigeration","","427","","","","","","","","","","true"
"GFAR17T1B","AR17T1B","Avanti 1.7Cb Ft Black Compact Refrigerator","","","Equipment : Refrigeration","","96","","","","","","","","","","true"
"MET23282","BD-232JA","Metric White Solid 8.2Cb Ft Chest Freezer (110/50)","","","Equipment : Refrigeration","","98","","","","","","","","","","true"
"MET2500","ET-2500","Metric Automatic Vacuum Sealer (110/60)","","","Equipment : Other Appliances","","46","","","","","","","","","","true"
"MET28210","BD-282JA","Metric White Solid 10Cb Ft Chest Freezer (110/50)","","","Equipment : Refrigeration","","112","","","","","","","","","","true"
"MET300","X-300","Metric Stainless Steel Slushie Machine - 2 Section ( 220/50 )","","","Equipment : Refrigeration","","592","","","","","","","","","","true"
"MET329F","LSD329","Metric 27"" Single Glass Door Freezer 220/50","","","Equipment : Refrigeration","","530","","","","","","","","","","true"
"MET412145","BD-412JA","Metric White Solid 14.5Cb Ft Chest Freezer (110/50)","","","Equipment : Refrigeration","","176","","","","","","","","","","true"
"MET420148","LSC-420W","Metric 14.8Cb Ft Single Glass Door Cooler (110/50)","","","Equipment : Refrigeration","","290","","","","","","","","","","true"
"MET420148B","LSC-420WB","Metric 14.8Cb Ft Single Glass Door Cooler 120/60","","","Equipment : Refrigeration","","304.5","","","","","","","","","","true"
"MET44CRB","BC-122B","Metric 4.4 Cb Ft Black Compact Refrigerator 120/60","","","Equipment : Refrigeration","","72","","","","","","","","","","true"
"MET44CRW","BC-122W","Metric 4.4 Cb Ft White Compact Refrigerator 120/60","","","Equipment : Refrigeration","","72","","","","","","","","","","true"
"MET450","X-450","Metric Stainless Steel Slushie Machine - 3 Section ( 220/50 )","","","Equipment : Refrigeration","","739","","","","","","","","","","true"
"MET485171","BD-485JA","Metric White Solid 17.1Cb Ft Chest Freezer (110/50)","","","Equipment : Refrigeration","","230","","","","","","","","","","true"
"MET600204","BD-600W","Metric White Solid 20.4Cb Ft 2 Door Chest Freezer (110/50)","","","Equipment : Refrigeration","","220","","","","","","","","","","true"
"MET600WD2","LSC-600WD2","Metric 21.1Cb Ft Double Glass Door Cooler (110/50)","","","Equipment : Refrigeration","","451.5","","","","","","","","","","true"
"MET700239","BD-700W","Metric White Solid 23.9Cb Ft 2 Door Chest Freezer (110/50)","","","Equipment : Refrigeration","","240","","","","","","","","","","true"
"METBC3100G","BC3100G","Metric 64"" S/Steel Back Bar Refrigerator (220/50)","","","Equipment : Refrigeration","","667","","","","","","","","","","true"
"METCGF-35","CGF-35","Metric 35lb Countertop Gas Fryer","","","Equipment : Heating","","638.4","","","","","","","","","","true"
"METCPBQ-30","CPBQ-30","Metric 30"" Outdoor Bbq Grill","","","Equipment : Heating","","605","","","","","","","","","","true"
"METCPBQ-36","CPBQ-36","Metric 36"" Outdoor Bbq Grill","","","Equipment : Heating","","678","","","","","","","","","","true"
"METCP-CB24-M","CP-CB24-M","Metric 24"" Lpg Gas 4 Burner Countertop Charbroiler","","","Equipment : Heating","","222","","","","","","","","","","true"
"METCP-F3-LP","CP-F3-LP","Metric 35/40lb LP Gas Fryer","","","Equipment : Heating","","341","","","","","","","","","","true"
"METCP-F3-NG","CP-F3-NG","Metric 35/40lb Natural Gas Fryer","","","Equipment : Heating","","341","","","","","","","","","","true"
"METCP-F4D-LP","CP-F4D-LP","Metric 4 Burner LP Gas Twin Well Fryer","","","Equipment : Heating","","594","","","","","","","","","","true"
"METCP-F4D-NG","CP-F4D-NG","Metric 4 Burner Natural Gas Twin Well Fryer","","","Equipment : Heating","","594","","","","","","","","","","true"
"METCP-F4-LP","CP-F4-LP","Metric 40/50lb LP Gas Fryer","","","Equipment : Heating","","363","","","","","","","","","","true"
"METCP-F4-NG","CP-F4-NG","Metric 40/50lb Natural Gas Fryer","","","Equipment : Heating","","363","","","","","","","","","","true"
"METCP-R24LP","CP-R24LP","Metric 24"" LP Gas 4 Burner Range (Standard Oven)","","","Equipment : Heating","","546","","","","","","","","","","true"
"METCP-R24NG","CP-R24NG","Metric 24"" Natural Gas 4 Burner Range (Standard Oven)","","","Equipment : Heating","","546","","","","","","","","","","true"
"METCP-R36LP","CP-R36LP","Metric 36"" LP Gas 6 Burner Range (Standard Oven)","","","Equipment : Heating","","629","","","","","","","","","","true"
"METCP-R36NG","CP-R36NG","Metric 36"" Natural Gas 6 Burner Range (Standard Oven)","","","Equipment : Heating","","629","","","","","","","","","","true"
"METCP-SM24","CP-SM24","Metric 24"" Natural Gas Salamander","","","Equipment : Heating","","378","","","","","","","","","","true"
"METCP-SM36","CP-SM36","Metric 36"" Natural Gas Salamander","","","Equipment : Heating","","450","","","","","","","","","","true"
"METCTC-24","CTC-24","Metric 24"" Natural Gas 4 Burner Countertop Charbroiler","","","Equipment : Heating","","622.1","","","","","","","","","","true"
"METCTC-36","CTC-36","Metric 36"" Natural Gas 6 Burner Countertop Charbroiler","","","Equipment : Heating","","603.86","","","","","","","","","","true"
"METCTG-24","CTG-24","Metric 24"" Natural Gas Countertop Griddle","","","Equipment : Heating","","358.92","","","","","","","","","","true"
"METD680","D680","Metric 27"" Single Glass Door Refrigerator (220/50)","","","Equipment : Refrigeration","","718","","","","","","","","","","true"
"METD930","D930","Metric 54"" Double Glass Door Refrigerator  (220/50)","","","Equipment : Refrigeration","","1071","","","","","","","","","","true"
"METDSL1200","G-DSL1200","Metric 48"" Refrigerated Curved Display Case (220/50)","","","Equipment : Refrigeration","","809","","","","","","","","","","true"
"METDSL1500","G-DSL1500","Metric 60"" Refrigerated Curved Display Case (220/50)","","","Equipment : Refrigeration","","893","","","","","","","","","","true"
"METDSL900","G-DSL900","Metric 36"" Refrigerated Curved Display Case (220/50)","","","Equipment : Refrigeration","","725","","","","","","","","","","true"
"METFE8L","ET-FE-8L","Metric Single Well Electric Fryer 110/60","","","Equipment : Heating","","51.5","","","","","","","","","","true"
"METFE8L2","ET-FE-8L-2","Metric Double Well Electric Fryer 110/60","","","Equipment : Heating","","99","","","","","","","","","","true"
"METGCO-1","GCO-1","Metric 29"" Natural Gas Convection Oven (220/50)","","","Equipment : Heating","","1705.86","","","","","","","","","","true"
"METGCO-1LP","GCO-1LP","Metric 29"" LP Gas Convection Oven (220/50)","","","Equipment : Heating","","1423.1","","","","","","","","","","true"
"METGPO-19","GPO-19","Metric 24"" Double Deck Natural Gas Pizza Oven ( 25,000 Btu )","","","Equipment : Heating","","422.94","","","","","","","","","","true"
"METGR-24","GR-24","Metric 24"" Natural Gas 4 Burner Range (Standard Oven)","","","Equipment : Heating","","769.59","","","","","","","","","","true"
"METGR-24LP","GR-24LP","Metric 24"" LP Gas 4 Burner Range (Standard Oven)","","","Equipment : Heating","","769.59","","","","","","","","","","true"
"METGR-36","GR-36","Metric 36"" Natural Gas 6 Burner Range (Standard Oven)","","","Equipment : Heating","","844.83","","","","","","","","","","true"
"METGR-36C","GR-36C","Metric 36"" Natural Gas 6 Burner Range (Convection Oven)","","","Equipment : Heating","","1537.72","","","","","","","","","","true"
"METGR-36LP","GR-36LP","Metric 36"" LP Gas 6 Burner Range (Standard Oven)","","","Equipment : Heating","","844.83","","","","","","","","","","true"
"METGROB-36","GROB-36","Metric 36"" Natural Gas 2 Burner Range","","","Equipment : Heating","","111.72","","","","","","","","","","true"
"METHC-27F","HC-27F","Metric 27"" 1-Door Solid Freezer 220V/50Hz","","","Equipment : Refrigeration","","660","","","","","","","","","","true"
"METHC-27R","HC-27R","Metric 27"" 1-Door Solid Refrigerator 220V/50Hz","","","Equipment : Refrigeration","","550","","","","","","","","","","true"
"METHC-54F","HC-54F","Metric 54"" 2-Door Solid Freezer 220V/50Hz","","","Equipment : Refrigeration","","910","","","","","","","","","","true"
"METHC-54R","HC-54R","Metric 54"" 2-Door Solid Refrigerator 220V/ 50Hz","","","Equipment : Refrigeration","","800","","","","","","","","","","true"
"METHC-B50","HC-B50","Metric 49"" Black 2-Door Bottle Cooler 220/50","","","Equipment : Refrigeration","","520","","","","","","","","","","true"
"METHC-B65","HC-B65","Metric 64"" Black 2-Door Bottle Cooler 220/50","","","Equipment : Refrigeration","","550","","","","","","","","","","true"
"METHC-BC3-24","HC-BC3-24G","Metric 61"" Black Back Bar 2-Door Refrigerator (220/50)","","","Equipment : Refrigeration","","640","","","","","","","","","","true"
"METHC-CBR36","HC-CBR36","Metric 38"" 2-Drawer Refrigerated Chef Base 220/50","","","Equipment : Refrigeration","","630","","","","","","","","","","true"
"METHC-CBR48","HC-CBR48","Metric 50"" 2-Drawer Refrigerated Chef Base 220/50","","","Equipment : Refrigeration","","670","","","","","","","","","","true"
"METHC-P44","HC-P44","Metric 47"" Pizza Prep Table 220/50","","","Equipment : Refrigeration","","660","","","","","","","","","","true"
"METHC-P44-2D","HC-P44-2D","Metric 47"" 2-Drawer Pizza Prep Table 220/50","","","Equipment : Refrigeration","","850","","","","","","","","","","true"
"METHC-P67","HC-P67","Metric 71"" Pizza Prep Table","","","Equipment : Refrigeration","","850","","","","","","","","","","true"
"METHC-S36","HC-S36","Metric 36"" Sandwich / Salad Prep Table 220/50","","","Equipment : Refrigeration","","550","","","","","","","","","","true"
"METHC-S48","HC-S48","Metric 48"" Sandwich / Salad Prep Table 220/50","","","Equipment : Refrigeration","","600","","","","","","","","","","true"
"METHC-S60","HC-S60","Metric 61"" Sandwich / Salad Prep Table 220/50","","","Equipment : Refrigeration","","660","","","","","","","","","","true"
"METHC-S72","HC-S72","Metric 72"" Sandwich / Salad Prep Table 220/50","","","Equipment : Refrigeration","","760","","","","","","","","","","true"
"METHC-UC27F","HC-UC27F","Metric 27"" Undercounter 1-Door Freezer 220/50","","","Equipment : Refrigeration","","460","","","","","","","","","","true"
"METHC-UC27R","HC-UC27R","Metric 27"" Undercounter 1-Door Refrigerator 220/50","","","Equipment : Refrigeration","","360","","","","","","","","","","true"
"METHC-UC48F","HC-UC48F","Metric 48"" Undercounter 2-Door Freezer 220/50","","","Equipment : Refrigeration","","580","","","","","","","","","","true"
"METHC-UC48R","HC-UC48R","Metric 48"" Undercounter 2-Door Refrigerator 220/50","","","Equipment : Refrigeration","","480","","","","","","","","","","true"
"METHC-UC60F","HC-UC60F","Metric 60"" Undercounter 2-Door Freezer 220/50","","","Equipment : Refrigeration","","640","","","","","","","","","","true"
"METHC-UC60R","HC-UC60R","Metric 60"" Undercounter 2-Door Refrigerator 220/50","","","Equipment : Refrigeration","","540","","","","","","","","","","true"
"METHC-UC72R","HC-UC72R","Metric 72"" Undercounter 3-Door Refrigerator 220/50","","","Equipment : Refrigeration","","630","","","","","","","","","","true"
"METHD-26","HD-26","Metric 26"" Electric Countertop Heated Display Case  (120/50)","","","Equipment : Heating","","201.6","","","","","","","","","","true"
"METHD-36","HD-36","Metric 36"" Electric Countertop Heated Display Case  (120/50)","","","Equipment : Heating","","239.67","","","","","","","","","","true"
"METHD-48","HD-48","Metric 48"" Electric Countertop Heated Display Case (120/50)","","","Equipment : Heating","","343.99","","","","","","","","","","true"
"METHDR-25","HDR-25","Metric 25"" Electric Heated Display Case   (120/50)","","","Equipment : Heating","","157.9","","","","","","","","","","true"
"METHDR-34","HDR-34","Metric 34"" Electric Heated Display Case    (120/50)","","","Equipment : Heating","","183.27","","","","","","","","","","true"
"METHP-424","HP-424","Metric 24"" Natural Gas Burner Countertop Hot Plate","","","Equipment : Heating","","282.4","","","","","","","","","","true"
"METJZ520","ET-MF-JZ-250","Metric Clear Dome Cover For Cotton Candy Machine","","","Equipment","","20.5","","","","","","","","","","true"
"METMF01","ET-MF01","Metric Electric Cotton Candy Machine 110/60","","","Equipment : Other Appliances","","91","","","","","","","","","","true"
"METPG-GG-16","PG-GG-16","Metric 16"" Electric Grooved Panini Grill (120/50)","","","Equipment : Other Appliances","","150.85","","","","","","","","","","true"
"METPOP6AR","ET-POP6A-R","Metric 8oz Popcorn Machine W/ Non-Stick Pot (220V, 50Hz)","","","Equipment : Other Appliances","","94.5","","","","","","","","","","true"
"METROG-3","ROG-3","Metric Ng Chicken Rotisserie Oven W/ 3 Skewers (120/50)","","","Equipment : Heating","","621.11","","","","","","","","","","true"
"METRTPU-4","RTPU-4","Metric Heavy Duty 4-Slice Electric Toaster 220/50","","","Equipment : Other Appliances","","77.54","","","","","","","","","","true"
"METSCT-300","SCT-300","Metric 10.55"" Electric Convey. Toaster (300 Slices/Hr) 220/50","","","Equipment : Other Appliances","","266.45","","","","","","","","","","true"
"METSPR-1","SPR-1","Metric 18"" 1 Burner Natural Gas Pot Range","","","Equipment : Heating","","210.09","","","","","","","","","","true"
"METSXZ81","ET-SXZ-81","Metric Electric Sugar Cane Presser    (120V, 60Hz)","","","Equipment : Other Appliances","","237","","","","","","","","","","true"
"METUGN2140","U-GN2140","Metric 53"" S/Steel 4-Drawer Undercount Refrigerator 220/50","","","Equipment : Refrigeration","","803","","","","","","","","","","true"
"METXCJ11","ET-XCJ-11/2.6","Metric Hot Dog Roller With Warming Case & Guard (220/50)","","","Equipment : Heating","","115","","","","","","","","","","true"
"MPFIBER12EGG","51000064","Eco Friendly 12 Egg Fiber Carton / Crate 180/Cs","","","Disposables","","19.95","","","","","","","","","","true"
"MPFIBER15EGG","21000015","Eco Friendly 15 Egg Fiber Carton / Crate 140/Cs","","","Disposables","","21.95","","","","","","","","","","true"
"MPFIBER18EGG","51000030","Eco Friendly 18 Egg Fiber Carton / Crate 100/Cs","","","Disposables","","20.95","","","","","","","","","","true"
"MPFIBER30EGG","51000043","Eco Friendly 30 Egg Fiber Carton / Crate 140/Cs","","","Disposables","","11.95","","","","","","","","","","true"
"MPFIBER4CUP","FIBER4CUP","4 Cup Fibre Drink Carrier 300/Cs","","","Disposables","","19.75","","","","","","","","","","true"
"MPFIBER6EGG","51000064","Eco Friendly 6 Egg Fiber Carton / Crate   360/Cs","","","Disposables","","19.95","","","","","","","","","","true"
"MYM001","M001","Multy 3-Pk Green Super Scouring Sponge  16-Pks/Cs","","","Institutional Supplies : Cleaning Supplies","","8.29","","","","","","","","","","true"
"MYM009","M009","Multy Synthetic Chamois 30-Pks/Cs","","","Institutional Supplies : Cleaning Supplies","","15.9","","","","","","","","","","true"
"MYM10","M10","Multy Super Window Cloth - Synthetic Leather   24/Cs","","","Institutional Supplies : Cleaning Supplies","","13.2","","","","","","","","","","true"
"MYM11","M11","Multy 3-Pk Sponge Cloths (Assorted Colours) 24-Pks/Cs","","","Institutional Supplies : Cleaning Supplies","","13.7","","","","","","","","","","true"
"MYM116","M116","Multy 10-Pk Scouring Sponge (Assorted Colours)  40-Pks/Cs","","","Institutional Supplies : Cleaning Supplies","","13.6","","","","","","","","","","true"
"MYM121","M121","Multy Heavy Duty Car Sponge 12/Cs","","","Institutional Supplies : Cleaning Supplies","","8.76","","","","","","","","","","true"
"MYM123","M123","Multy 2-Pk Yellow Dust Cloth 15-Pks/Cs","","","Institutional Supplies : Cleaning Supplies","","7.5","","","","","","","","","","true"
"MYM124","M124","Multy 2-Pk Cotton Dish Cloths (Assorted Colours) 12-Pks/Cs","","","Institutional Supplies : Cleaning Supplies","","8.16","","","","","","","","","","true"
"MYM134","M134","Multy 10-Pk Scouring Sponge (Assorted Colours) 24-Pks/Cs","","","Institutional Supplies : Cleaning Supplies","","18.19","","","","","","","","","","true"
"MYM138","M138","Multy Microfibre Cloth (In Box)    15/Cs","","","Institutional Supplies : Cleaning Supplies","","5.76","","","","","","","","","","true"
"MYM13A","M13A","Multy Small Household Gloves 96-Pairs/Cs","","","Institutional Supplies : Personal Protection","","36.87","","","","","","","","","","true"
"MYM13B","M13B","Multy Medium Household Gloves 96-Pairs/Cs","","","Institutional Supplies : Personal Protection","","36.87","","","","","","","","","","true"
"MYM13C","M13C","Multy Large Household Gloves 96-Pairs/Cs","","","Institutional Supplies : Personal Protection","","36.87","","","","","","","","","","true"
"MYM13D","M13D","Multy X-Large Household Gloves 96-Pairs/Cs","","","Institutional Supplies : Personal Protection","","31.68","","","","","","","","","","true"
"MYM141","M141","Multy Shoe Shine 24/Cs","","","Institutional Supplies : Cleaning Supplies","","9.38","","","","","","","","","","true"
"MYM149","M149","Multy Bath & Basin Sponge With Non-Scratch Fleece    18/Cs","","","Institutional Supplies : Cleaning Supplies","","7.13","","","","","","","","","","true"
"MYM14A","M14A","Multy 10-Pk Steel Wool Soap Pads 20-Pks/Cs","","","Institutional Supplies : Cleaning Supplies","","9","","","","","","","","","","true"
"MYM153","M153","Multy Heavy Duty Car Sponge 18/Cs","","","Institutional Supplies : Cleaning Supplies","","11.7","","","","","","","","","","true"
"MYM165","M165","Multy 10-Pk Perforated Cloths (Assorted Colours)  12-Pks/Cs","","","Institutional Supplies : Cleaning Supplies","","8.87","","","","","","","","","","true"
"MYM166","M166","Multy 2-Pk Stainless Steel Sponges 12-Pks/Box   12-Bxs/Cs","","","Institutional Supplies : Cleaning Supplies","","63.94","","","","","","","","","","true"
"MYM172","M172","Multy 5-Pk Sponge Cloths (Assorted Colours)   26-Pks/Cs","","","Institutional Supplies : Cleaning Supplies","","15.44","","","","","","","","","","true"
"MYM173","M173","Multy 2-Pk Stain Removal Sponge  20-Pks/Cs","","","Institutional Supplies : Cleaning Supplies","","10.6","","","","","","","","","","true"
"MYM174","M174","Multy Brown Heavy Duty Bone Shaped Sponge    20/Cs","","","Institutional Supplies : Cleaning Supplies","","7","","","","","","","","","","true"
"MYM175","M175","Multy 2-Pk Magic Wave Shaped Sponge    20-Pks/Cs","","","Institutional Supplies : Cleaning Supplies","","9.2","","","","","","","","","","true"
"MYM176","M176","Multy White Stitch Bonded Floor Cloth   12/Cs","","","Institutional Supplies : Cleaning Supplies","","4.44","","","","","","","","","","true"
"MYM185","M185","Multy 3-Pk Sponge Wipe 16-Pks/Cs","","","Institutional Supplies : Cleaning Supplies","","9.12","","","","","","","","","","true"
"MYM19","M19","Multy Oval Shaped Massage Bath Sponge (Asst Colours) 12/Cs","","","Institutional Supplies : Cleaning Supplies","","3.48","","","","","","","","","","true"
"MYM198","M198","Multy Microfibre Window Cloth 20/Cs","","","Institutional Supplies : Cleaning Supplies","","13.56","","","","","","","","","","true"
"MYM200","M200","Multy Yellow Floor Mop 24/Cs","","","Institutional Supplies : Cleaning Supplies","","13.2","","","","","","","","","","true"
"MYM201","M201","Multy Blue Squared Floor Mop 24/Cs","","","Institutional Supplies : Cleaning Supplies","","18.24","","","","","","","","","","true"
"MYM219","M219","Multy Bath Sponge Scrub Puffs ( Assorted Colours )  12/Cs","","","Institutional Supplies : Cleaning Supplies","","4.86","","","","","","","","","","true"
"MYM220","M220","Multy 2-Pk Synthetic Leather Chamois  15-Pks/Cs","","","Institutional Supplies : Cleaning Supplies","","15","","","","","","","","","","true"
"MYM225","M225","Multy 5-Pk Cloths (Assorted Colours) 12 Pks/Cs","","","Institutional Supplies : Cleaning Supplies","","5.64","","","","","","","","","","true"
"MYM237","M237","Multy Non-Abrasive Cleaning Pad    20/Cs","","","Institutional Supplies : Cleaning Supplies","","7.4","","","","","","","","","","true"
"MYM238","M238","Multy 5-Pk Cotton Dish Cloths 10 Pks/Cs","","","Institutional Supplies : Cleaning Supplies","","12.51","","","","","","","","","","true"
"MYM241","M241","Multy 2-Pk Blue Non Scratch Scouring Sponge  15-Pks/Cs","","","Institutional Supplies : Cleaning Supplies","","4.02","","","","","","","","","","true"
"MYM248","M248","Multy 3-Pk Microfibre Cloths (Assorted Colours) 12-Pks/Cs","","","Institutional Supplies : Cleaning Supplies","","12.8","","","","","","","","","","true"
"MYM25","M25","Multy Yellow Car Sponge 12/Cs","","","Institutional Supplies : Cleaning Supplies","","5.06","","","","","","","","","","true"
"MYM253","M253","Multy 12-Pk Scouring Sponge 20-Pks/Cs","","","Institutional Supplies : Cleaning Supplies","","13.2","","","","","","","","","","true"
"MYM259","M259","Multy 2-Pk Clean Glasses Microfibre Cloths   24 Pks/Cs","","","Institutional Supplies : Cleaning Supplies","","11.45","","","","","","","","","","true"
"MYM261","M261","Multy 3-Pk Sponge Scourers W/ Non Scratch Fleece  20-Pks/Cs","","","Institutional Supplies : Cleaning Supplies","","6.8","","","","","","","","","","true"
"MYM266","M266","Multy 8-Pk Nonscratch Scouring Sponge (Asst Colour) 30-Pks/Cs","","","Institutional Supplies : Cleaning Supplies","","10.68","","","","","","","","","","true"
"MYM267","M267","Multy 6-Pk Microfibre Cloths (Assorted Colours) 20-Pks/Cs","","","Institutional Supplies : Cleaning Supplies","","44.35","","","","","","","","","","true"
"MYM269","M269","Multy 2-Pk Microfibre Cloths 12 Pks/Cs","","","Institutional Supplies : Cleaning Supplies","","11.64","","","","","","","","","","true"
"MYM277","M277","Multy 24-Pk Plastic Clothes Peg  24-Pks/Cs","","","Institutional Supplies : Cleaning Supplies","","12.17","","","","","","","","","","true"
"MYM29","M29","Multy Yellow Bug & Tar Remover Sponge 18/Cs","","","Institutional Supplies : Cleaning Supplies","","4.2","","","","","","","","","","true"
"MYM321","M321","Multy 3-Pk Microfibre Cloths (Asst Col) 12-Pks/Bx 24-Bxs/Cs","","","Institutional Supplies : Cleaning Supplies","","186.54","","","","","","","","","","true"
"MYM326","M326","Multy 3-Pk White Magic Stain Removal Sponge   18 Pks/Cs","","","Institutional Supplies : Cleaning Supplies","","9.9","","","","","","","","","","true"
"MYM32A","M32A","Multy Twin Care Car Sponge 12/Cs","","","Institutional Supplies : Cleaning Supplies","","6.96","","","","","","","","","","true"
"MYM33","M33","Multy 3-Pk Yellow & Green Scouring Sponge 12-Pks/Cs","","","Institutional Supplies : Cleaning Supplies","","3.5","","","","","","","","","","true"
"MYM334","M334","Multy 3-Pk Blue Non Scratch Scouring Sponge  16 Pks/Cs","","","Institutional Supplies : Cleaning Supplies","","7.37","","","","","","","","","","true"
"MYM34","M34","Multy 5-Pk Sponge Cloths (Assorted Colours) 24-Pks/Cs","","","Institutional Supplies : Cleaning Supplies","","21.84","","","","","","","","","","true"
"MYM35","M35","Multy 5-Pk Yellow & Green Scouring Sponge 20-Pks/Cs","","","Institutional Supplies : Cleaning Supplies","","7.68","","","","","","","","","","true"
"MYM353","M353","Multy 2-Pk Yellow Cellulose Sponge   26Pks/Cs","","","Institutional Supplies : Cleaning Supplies","","5.44","","","","","","","","","","true"
"MYM36","M36","Multy 3-Pk Multiple Use Cloth (Assorted Colours) 50-Pks/Cs","","","Institutional Supplies : Cleaning Supplies","","18.31","","","","","","","","","","true"
"MYM364","M364","Multy 5-Pk White Stain Removal Sponge   12-Pks/Cs","","","Institutional Supplies : Cleaning Supplies","","8.04","","","","","","","","","","true"
"MYM374","M374","Multy 48-Pk Wooden Clothes Pegs 15-Pks/Cs","","","Institutional Supplies : Cleaning Supplies","","14.25","","","","","","","","","","true"
"MYM375","M375","Multy 36-Pk Green Plastic Clothes Pegs  45-Pks/Cs","","","Institutional Supplies : Cleaning Supplies","","32.4","","","","","","","","","","true"
"MYM39B","M39B","Multy 4-Pk Scouring Pads (Assorted Colours) 20-Pks/Cs","","","Institutional Supplies : Cleaning Supplies","","5.6","","","","","","","","","","true"
"MYM40","M40","Multy 3-Pk All Purpose Sponge 12-Pks/Cs","","","Institutional Supplies : Cleaning Supplies","","4.08","","","","","","","","","","true"
"MYM405","M405","Multy 10-Pk Scouring Sponges (Assorted Colours)   40-Pks/Cs","","","Institutional Supplies : Cleaning Supplies","","13.6","","","","","","","","","","true"
"MYM408","M408","Multy 10-Pk Non Scratch Red Grip Sponge  6-Pks/Cs","","","Institutional Supplies : Cleaning Supplies","","9.85","","","","","","","","","","true"
"MYM409","M409","Multy 10-Pk Heavy Duty Yellow Grip Sponge  6-Pks/Cs","","","Institutional Supplies : Cleaning Supplies","","9.85","","","","","","","","","","true"
"MYM41","M41","Multy 3-Pk Yellow & Green Scouring Sponge 12-Pks/Cs","","","Institutional Supplies : Cleaning Supplies","","3.89","","","","","","","","","","true"
"MYM44E","M44E","Multy 10-Pk Scouring Sponge (Assorted Colours) 24-Pks/Cs","","","Institutional Supplies : Cleaning Supplies","","9.51","","","","","","","","","","true"
"MYM45","M45","Multy 5-Pk Scouring Sponge (Assorted Colours) 24-Pks/Cs","","","Institutional Supplies : Cleaning Supplies","","6.72","","","","","","","","","","true"
"MYM54","M54","Multy 3-Pk Yellow Super Cloth 30-Pks/Cs","","","Institutional Supplies : Cleaning Supplies","","16.53","","","","","","","","","","true"
"MYM6","M6","Multy Yellow Hydrocel Sponge 18/Cs","","","Institutional Supplies : Cleaning Supplies","","5.87","","","","","","","","","","true"
"MYM71","M71","Multy 3-Pk Plastic Scourers (Assorted Colours) 120-Pks/Cs","","","Institutional Supplies : Cleaning Supplies","","40.44","","","","","","","","","","true"
"MYM72","M72","Multy 3-Pk Metal Mesh Scourers 120-Pks/Cs","","","Institutional Supplies : Cleaning Supplies","","41.76","","","","","","","","","","true"
"MYM8","M8","Multy Bath & Basin Cleaner With Chamois    12/Cs","","","Institutional Supplies : Cleaning Supplies","","4.75","","","","","","","","","","true"
"MYM82","M82","Multy 2-Pk Yellow Non Scratch Cellulose Sponge  22-Pks/Cs","","","Institutional Supplies : Cleaning Supplies","","11.88","","","","","","","","","","true"
"MYM83","M83","Multy Yellow Cellulose Sponge 18-Pks/Cs","","","Institutional Supplies : Cleaning Supplies","","9.87","","","","","","","","","","true"
"MYM84","M84","Multy 2-Pk Cellulose Household Sponge   10-Pks/Cs","","","Institutional Supplies : Cleaning Supplies","","11.02","","","","","","","","","","true"
"MYM87","M87","Multy 2-Pk Non Scratch Scouring Sponge  12-Pks/Cs","","","Institutional Supplies : Cleaning Supplies","","4.27","","","","","","","","","","true"
"MYM96","M96","Multy 10-Pk Easy Clean Cloth (Assorted Colours) 24-Pks/Cs","","","Institutional Supplies : Cleaning Supplies","","20.37","","","","","","","","","","true"
"NFBF100","BF100","National Bakers Flour 100lb","","","Food Products : Flour","","34.2","","","","","","","","","","true"
"NFBF10K","BF10K","National Lotus Bakers Flour 10kg/22lb","","","Food Products : Flour","","8.4","","","","","","","","","","true"
"NFHG100","HG100","National High Gluten Flour 100lb","","","Food Products : Flour","","35.15","","","","","","","","","","true"
"NFHG50","HG50","National High Gluten Flour 50lb","","","Food Products : Flour","","17.57","","","","","","","","","","true"
"NFIS10K","IS10K","Lotus 10kg Icing Sugar","","","Food Products","","19.62","","","","","","","","","","true"
"NFIS2KG","IS2KG","Lotus 2kg Icing Sugar 6/Cs","","","Food Products","","30.41","","","","","","","","","","true"
"NFIS340G","IS340G","Lotus 340g Icing Sugar 50/Cs","","","Food Products","","39.36","","","","","","","","","","true"
"NP10112","10112","Norpro 12"" Pure Lambswool Duster","","","Institutional Supplies : Cleaning Supplies","","7.14","","","","","","","","","","true"
"NP10124","10124","Norpro 24"" Pure Lambswool Duster","","","Institutional Supplies : Cleaning Supplies","","8.94","","","","","","","","","","true"
"NP1049R","1049R","Norpro Red Pasta Machine ( 5 X 8 X 5 )","","","Institutional Supplies : Foodservice","","23.96","","","","","","","","","","true"
"NP1070","1070","Norpro 10.5"" Dish Brush ( Assorted Colours )","","","Institutional Supplies : Cleaning Supplies","","2.45","","","","","","","","","","true"
"NP1218","1218","Norpro 2-Pc Grip Ez Paring & Utility Knife Set","","","Institutional Supplies : Foodservice","","7.45","","","","","","","","","","true"
"NP1401","1401","Norpro 9"" Round Cast Iron Grill Press","","","Institutional Supplies : Foodservice","","8.96","","","","","","","","","","true"
"NP1470","1470","Norpro 60-Minute White Timer","","","Institutional Supplies : Foodservice","","5.04","","","","","","","","","","true"
"NP1713","1713","Norpro 12"" Grip Ez Silicone Whisk","","","Institutional Supplies : Foodservice","","3.95","","","","","","","","","","true"
"NP1899","1899","Norpro 7"" Grip Ez Locking Spatula Tong","","","Institutional Supplies : Foodservice","","1.99","","","","","","","","","","true"
"NP193","193","Norpro 100-Pk Wooden Treat Sticks  ( Popsicle )","","","Institutional Supplies : Foodservice","","2.48","","","","","","","","","","true"
"NP1956","1956","Norpro 9"" Grip Ez Locking Spatula Tong","","","Institutional Supplies : Foodservice","","5.34","","","","","","","","","","true"
"NP1957","1957","Norpro 12"" Grip Ez Locking Spatula Tong","","","Institutional Supplies : Foodservice","","4.95","","","","","","","","","","true"
"NP1996","1996","Norpro Stainless Steel Knife Holder","","","Institutional Supplies : Foodservice","","10.95","","","","","","","","","","true"
"NP1999","1999","Norpro 3-Pc Paring Knives","","","Institutional Supplies : Foodservice","","8.94","","","","","","","","","","true"
"NP2018R","2018R","Norpro 9"" Silicone Brush - Red","","","Institutional Supplies : Foodservice","","2.45","","","","","","","","","","true"
"NP2123","2123","Norpro 3"" Stainless Steel Strainer","","","Institutional Supplies : Foodservice","","3.22","","","","","","","","","","true"
"NP2124","2124","Norpro 4"" Stainless Steel Strainer","","","Institutional Supplies : Foodservice","","4.18","","","","","","","","","","true"
"NP2126","2126","Norpro 6"" Stainless Steel Strainer","","","Institutional Supplies : Foodservice","","8.18","","","","","","","","","","true"
"NP2127","2127","Norpro 7"" Stainless Steel Strainer","","","Institutional Supplies : Foodservice","","8.94","","","","","","","","","","true"
"NP2128","2128","Norpro 8"" Stainless Steel Strainer","","","Institutional Supplies : Foodservice","","11.25","","","","","","","","","","true"
"NP2132","2132","Norpro 2.5"" Stainless Steel Mesh Strainer W/Plastic Handle","","","Institutional Supplies : Foodservice","","2.1","","","","","","","","","","true"
"NP2133","2133","Norpro 3.25"" Stainless Steel Mesh Strainer W/Plastic Handle","","","Institutional Supplies : Foodservice","","2.34","","","","","","","","","","true"
"NP2135","2135","Norpro 5"" Stainless Steel Mesh Strainer W/Plastic Handle","","","Institutional Supplies : Foodservice","","3.19","","","","","","","","","","true"
"NP2136","2136","Norpro 6"" Stainless Steel Mesh Strainer W/Plastic Handle","","","Institutional Supplies : Foodservice","","4.5","","","","","","","","","","true"
"NP2137","2137","Norpro 7"" Stainless Steel Mesh Strainer W/Plastic Handle","","","Institutional Supplies : Foodservice","","5.34","","","","","","","","","","true"
"NP2138","2138","Norpro 8.5"" Stainless Steel Mesh Strainer W/Plastic Handle","","","Institutional Supplies : Foodservice","","6.3","","","","","","","","","","true"
"NP2993","2993","Norpro 3-Pc Silicone/Stainless Spatulas","","","Institutional Supplies : Foodservice","","7.14","","","","","","","","","","true"
"NP2994","2994","Norpro Silicone Marble Spoon","","","Institutional Supplies : Foodservice","","2.65","","","","","","","","","","true"
"NP2995","2995","Norpro Silicone Marble Spatula","","","Institutional Supplies : Foodservice","","3.54","","","","","","","","","","true"
"NP329","329","Norpro Microfibre Grey Dish Drying Mat ( 18 X 12 )","","","Institutional Supplies : Foodservice","","2.03","","","","","","","","","","true"
"NP3392","3392","Norpro Grey Silicone Drain Mat ( 18.5 X 8 )","","","Institutional Supplies : Foodservice","","4.95","","","","","","","","","","true"
"NP3393","3393","Norpro 100-Pk Unbleached Pre Cut Sheets (16 X 12 )","","","Disposables","","6.47","","","","","","","","","","true"
"NP3395","3395","Norpro 9"" Round Parchment Pan Liners 25/Pk","","","Disposables","","2.16","","","","","","","","","","true"
"NP3399","3399","Norpro 73 Sq. Ft. Unbleached Baking Paper","","","Disposables","","3.24","","","","","","","","","","true"
"NP3400","3400","Norpro 23Ft Non Stick Baking Paper","","","Disposables","","1.62","","","","","","","","","","true"
"NP3404","3404","Norpro 6"" Square Wax Paper Sheets 250/Box","","","Disposables","","3.12","","","","","","","","","","true"
"NP3442","3442","Norpro Bake Cups - Gold Swirl 75/Pk","","","Disposables","","0.99","","","","","","","","","","true"
"NP3456","3456","Norpro Bake Cups - Hearts 75/Pk","","","Disposables","","0.88","","","","","","","","","","true"
"NP3460","3460","Norpro 2.5"" Bake Cups - White 75/Pk","","","Disposables","","0.99","","","","","","","","","","true"
"NP3460B","3460B","Norpro 2.5"" Bake Cups - White 500/Pk","","","Disposables","","4.99","","","","","","","","","","true"
"NP35","35","Norpro 4-Pc Gripping Cutting Mat Set ( 15 X 11 )","","","Institutional Supplies : Foodservice","","4.95","","","","","","","","","","true"
"NP357","357","Norpro 36"" Cotton Cheese Cloth 12/Cs","","","Institutional Supplies : Foodservice","","3.19","","","","","","","","","","true"
"NP358","358","Norpro 7"" 2-Pc Flour Sack Towels","","","Institutional Supplies : Foodservice","","5.94","","","","","","","","","","true"
"NP359","359","Norpro Cream Microfibre Dish Drying Mat (16 X 18 )","","","Institutional Supplies : Foodservice","","3.37","","","","","","","","","","true"
"NP359T","359T","Norpro Microfibre Grey Trellis Dish Drying Mat ( 16 X 18 )","","","Institutional Supplies : Foodservice","","3.75","","","","","","","","","","true"
"NP402","402","Norpro Grip Ez Black Can & Bottle Opener","","","Institutional Supplies : Foodservice","","4.14","","","","","","","","","","true"
"NP414","414","Norpro Silicone/Fabric Oven Glove - Black","","","Institutional Supplies : Foodservice","","8.34","","","","","","","","","","true"
"NP414C","414C","Norpro Silicone/Fabric Oven Glove - Blue","","","Institutional Supplies : Foodservice","","8.34","","","","","","","","","","true"
"NP414R","414R","Norpro Silicone/Fabric Oven Glove - Red","","","Institutional Supplies : Foodservice","","8.34","","","","","","","","","","true"
"NP583","583","Norpro Grip Ez Chopper / Scraper With Markings","","","Institutional Supplies : Foodservice","","3.6","","","","","","","","","","true"
"NP683","683","Norpro Non Stick Ice Cream Scoop 12/Cs","","","Institutional Supplies : Foodservice","","3.9","","","","","","","","","","true"
"NP7505","7505","Norpro Grey Silicone Sink Mat Mat ( 12.5 X 11 X 0.5 )","","","Institutional Supplies : Foodservice","","5.95","","","","","","","","","","true"
"NP8773","8773","Norpro Fine Poly. Fiber Mesh Square Food Tent ( 18 X 18 )","","","Institutional Supplies : Foodservice","","3.19","","","","","","","","","","true"
"NP8774","8774","Norpro Fine Poly. Fiber Mesh Rectangle Food Tent (46 X 24)","","","Institutional Supplies : Foodservice","","7.14","","","","","","","","","","true"
"NP942","942","Norpro 220'/67M Cotton Twine ( Singles )","","","Institutional Supplies : Foodservice","","2.58","","","","","","","","","","true"
"NPBRKWH45K","BRKWH45K","Broken White Rice - 45kg","","","Food Products : Rice : Bulk","","13.61","","","","","","","","","","true"
"NPPET1.2T","PET1.2T","Broken Parboiled Pet Rice - 1.2 Ton","","","Food Products : Rice : Bulk","","400","","","","","","","","","","true"
"NPPET45K","PET45K","Pet Rice - 45kg","","","Food Products : Rice : Bulk","","13.61","","","","","","","","","","true"
"NS32JAR","610","32oz Clear Mayo Jar (Use CAP704 )  70/Bale","","","Disposables : Bottles & Caps","","17.61","","","","","","","","","","true"
"NSCAP38400W","CAP38400W","38mm White Cap ( For Round Gallon Bottle)  2900/Cs","","","Disposables : Bottles & Caps","","0.02","","","","","","","","","","true"
"NSCAP70400W","CAP70444W","70mm White Superior Cap ( For 32oz Mayo Jar )   700/Cs","","","Disposables : Bottles & Caps","","0.08","","","","","","","","","","true"
"NSCAP70444","CAP70444","70mm Yellow Cap ( For 32oz Mayo Jar )  500/Cs","","","Disposables : Bottles & Caps","","0.08","","","","","","","","","","true"
"NSP10N","433","10oz Frosted Natural Bottle (Use Snap-On Cap)   300/Bale","","","Disposables : Bottles & Caps","","0.06","","","","","","","","","","true"
"NSP12C","772","12oz Clear Ribbed Wide Mouth Bottle (Use NSPCAP38) 248/Bale","","","Disposables : Bottles & Caps","","0.11","","","","","","","","","","true"
"NSP12CL","793","12oz Clear Cylindrical Bottle (Use NSPCAP38)  315/Bale","","","Disposables : Bottles & Caps","","0.1","","","","","","","","","","true"
"NSP12P","704","12oz Clear Long Neck PET Bottle(Use NSPCAP28) 190/Bale","","","Disposables : Bottles & Caps","","0.09","","","","","","","","","","true"
"NSP12SQ","7243","12oz Clear Square PET Bottle (Use NSPCAP38)  315/Bale","","","Disposables : Bottles & Caps","","0.1","","","","","","","","","","true"
"NSP14C","783","14oz Clear Jar (Use CAP83400W)  100/Bale","","","Disposables : Bottles & Caps","","0.14","","","","","","","","","","true"
"NSP16C","722","16.9oz Clear Ribbed Bottle (Use CAP28)   140/Bale","","","Disposables : Bottles & Caps","","0.06","","","","","","","","","","true"
"NSP16CL","774","16oz Square Clear PET Bottle (Use NSPCAP38)  248/Bale","","","Disposables : Bottles & Caps","","0.13","","","","","","","","","","true"
"NSP16JR","7209","16oz Clear Jar (Use 63mm Cap )  130/Bale","","","Disposables : Bottles & Caps","","0","","","","","","","","","","true"
"NSP16N","456","16oz Frosted Bottle (Use Snap-On Cap)   150/Bale","","","Disposables : Bottles & Caps","","0.1","","","","","","","","","","true"
"NSP1LRIB","771","1 Litre Clear Ribbed Bottle (Use NSPCAP28)  150/Bale","","","Disposables : Bottles & Caps","","0.14","","","","","","","","","","true"
"NSP28CL","785","28oz Clear Jar (Use CAP100400)  75/Bale","","","Disposables : Bottles & Caps","","0.27","","","","","","","","","","true"
"NSP2JC","778","2oz Clear Jar (Use CAP53400S)  1000/Bale","","","Disposables : Bottles & Caps","","80","","","","","","","","","","true"
"NSP2JN","467","2oz Frosted Jar (Use CAP53400W) 1000/Bale","","","Disposables : Bottles & Caps","","88.9","","","","","","","","","","true"
"NSP2N","434","2oz Frosted Bottle (Use CAP20412W) 1000/Bale","","","Disposables : Bottles & Caps","","72.1","","","","","","","","","","true"
"NSP32N","299","32oz Natural Cylindrical Bottle (Use CAP1810W) 100/Bale","","","Disposables : Bottles & Caps","","0.17","","","","","","","","","","true"
"NSP32NB","476","32oz Natural Water Bottle (Use NSPCAP28)   100/Bale","","","Disposables : Bottles & Caps","","0.13","","","","","","","","","","true"
"NSP32SP","258","32oz Frosted Spray Bottle (Use CAP28-410)","","","Disposables : Bottles & Caps","","0.21","","","","","","","","","","true"
"NSP36N","913","36oz HDPE White Bottle (Use CAP48444W)  70/Bale","","","Disposables : Bottles & Caps","","0.31","","","","","","","","","","true"
"NSP4C","766","4oz Clear Bottle (Use CAP24415P)   500/Bale","","","Disposables : Bottles & Caps","","36","","","","","","","","","","true"
"NSP4CL","775","4oz Tall Clear Bottle ( Use CAP38 )  500/Bale","","","Disposables : Bottles & Caps","","0.1","","","","","","","","","","true"
"NSP4CLR","7230","4oz Clear Cylindrical Bottle (Use CAP24410) 600/Bale","","","Disposables : Bottles & Caps","","0.08","","","","","","","","","","true"
"NSP4CLS","7218","4oz Round Clear Bottle ( Use CAP24410  )  350/Bale","","","Disposables : Bottles & Caps","","31.5","","","","","","","","","","true"
"NSP4JC","779","4oz Clear Jar (Use CAP70400SW)  500/Bale","","","Disposables : Bottles & Caps","","55.5","","","","","","","","","","true"
"NSP5.4SQ","7221","5.4oz Clear Square PET Bottle 550/Bale   (Use CAP24410 )","","","Disposables : Bottles & Caps","","38.65","","","","","","","","","","true"
"NSP64C","787","64oz Clear Jar (Use CAP100400)","","","Disposables : Bottles & Caps","","0.33","","","","","","","","","","true"
"NSP6CL","7206","6oz Clear Cylindrical Bottle (Use NSPCAP38)  400/Bale","","","Disposables : Bottles & Caps","","0.08","","","","","","","","","","true"
"NSP8.5CL","7223","8.5oz Clear Cylindrical Bottle (Use CAP24410) 220/Bale","","","Disposables : Bottles & Caps","","29.29","","","","","","","","","","true"
"NSP8C","767","8oz Clear Cylindrical Bottle (Use CAP24415W)  390/Bale","","","Disposables : Bottles & Caps","","0.12","","","","","","","","","","true"
"NSP8CL","7205","8oz Clear Square PET Bottle (Use NSPCAP38)  350/Bale","","","Disposables : Bottles & Caps","","0.08","","","","","","","","","","true"
"NSP8JC","780","8oz Clear Jar (Use CAP83)  180/Bale","","","Disposables : Bottles & Caps","","25.2","","","","","","","","","","true"
"NSP8JR","7267","8oz Clear Jar ( Use NSPCAP53444 )  200/Bale","","","Disposables : Bottles & Caps","","21.7","","","","","","","","","","true"
"NSPCAP100400","CAP100400W","Nesplas White Plastic Cap ( For 28oz & 64oz Jar ) 500/Cs","","","Disposables : Bottles & Caps","","0.11","","","","","","","","","","true"
"NSPCAP20400W","CAP20400W","White Cap With Liner (For 1oz Frosted Bottle)  8000/Case","","","Disposables : Bottles & Caps","","0.02","","","","","","","","","","true"
"NSPCAP20412W","CAP20412W","White Cap (For 2oz Frosted Bottle)   4000/Case","","","Disposables : Bottles & Caps","","0.02","","","","","","","","","","true"
"NSPCAP24410T","CAP24410T","Clear Twist Cap (For 4oz Bottle)","","","Disposables : Bottles & Caps","","0.05","","","","","","","","","","true"
"NSPCAP24410W","CAP24410W","White Fine Mist Spray Cap (For 5oz Bottles) 1500/Cs","","","Disposables : Bottles & Caps","","0.09","","","","","","","","","","true"
"NSPCAP24415P","CAP24415PW","White Disc Top Push Cap (For 4 & 8oz Clear Bottle) 1700/Cs","","","Disposables : Bottles & Caps","","0.03","","","","","","","","","","true"
"NSPCAP24415W","CAP24415","White Fine Mist Spray Cap (For 8oz Clear Bottle)   1000/Case","","","Disposables : Bottles & Caps","","0.12","","","","","","","","","","true"
"NSPCAP28410N","CAP28410N","Natural Press Top Cap (For 10oz Bottles)","","","Disposables : Bottles & Caps","","0.1","","","","","","","","","","true"
"NSPCAP33410N","CAP33410N","Natural Press Top Cap (For 16oz Bottles)","","","Disposables : Bottles & Caps","","0.1","","","","","","","","","","true"
"NSPCAP38B","NSPCAP38B","Nesplas Blue 38mm Cap 2150/Cs","","","Disposables : Bottles & Caps","","0.03","","","","","","","","","","true"
"NSPCAP38K","NSPCAP38K","Nesplas Black 38mm Cap 2150/Cs","","","Disposables : Bottles & Caps","","0.03","","","","","","","","","","true"
"NSPCAP38LG","NSPCAP38LG","Nesplas Light Green 38mm Cap 2150/Cs","","","Disposables : Bottles & Caps","","0.03","","","","","","","","","","true"
"NSPCAP38R","NSPCAP38R","Nesplas Red 38mm Cap 2150/Cs","","","Disposables : Bottles & Caps","","0.03","","","","","","","","","","true"
"NSPCAP38W","NSPCAP38W","Nesplas White 38mm Cap 2150/Cs","","","Disposables : Bottles & Caps","","0.03","","","","","","","","","","true"
"NSPCAP38Y","NSPCAP38L","Nesplas Lemon Yellow 38mm Cap 2150/Cs","","","Disposables : Bottles & Caps","","0.03","","","","","","","","","","true"
"NSPCAP48444W","CAP48444W","Nesplas White 48mm Cap (For 20 & 36oz White Bottle) 700/Cs","","","Disposables : Bottles & Caps","","0.06","","","","","","","","","","true"
"NSPCAP53400H","CAP53400SH","53mm White Cap W/ Secure Band & Liner(For Jerry Can) 400/Cs","","","Disposables : Bottles & Caps","","0.1","","","","","","","","","","true"
"NSPCAP53400S","CAP53400SW","53mm White Superior Cap (For 2oz Clear Jar)   1000/Case","","","Disposables : Bottles & Caps","","39.45","","","","","","","","","","true"
"NSPCAP53400W","CAP53400W","White Cap(For 2oz Natural Jar) 1000/Case","","","Disposables : Bottles & Caps","","0.05","","","","","","","","","","true"
"NSPCAP53444R","CAP53444R","53mm Red Perforated Flip Up Cap ( For 8oz Jar )","","","Disposables : Bottles & Caps","","0.06","","","","","","","","","","true"
"NSPCAP70400S","CAP70400SW","70mm White Superior Cap (For 4oz Clear Jar)   700/Case","","","Disposables : Bottles & Caps","","0.08","","","","","","","","","","true"
"NSPCAP83400W","CAP83400W","83mm White Superior Cap ( For 14oz Jar ) 450/Cs","","","Disposables : Bottles & Caps","","0.09","","","","","","","","","","true"
"NSPCAPSNAPB","CAPSNAPB","Blue Snap-On Cap (For 10oz &  16oz Frost. Bottle) 2500/Cs","","","Disposables : Bottles & Caps","","0.01","","","","","","","","","","true"
"NSPCAPSNAPF","CAPSNAPF","Frosted Snap-On Cap (For 10oz &  16oz Frost. Bottle) 2500/Cs","","","Disposables : Bottles & Caps","","0.01","","","","","","","","","","true"
"NSPCAPSNAPG","CAPSNAPG","Green Snap-On Cap (For 10oz & 16oz Frost. Bottle) 2500/Cs","","","Disposables : Bottles & Caps","","0.02","","","","","","","","","","true"
"NSPCAPSNAPO","CAPSNAPO","Orange Snap-On Cap (For 10oz & 16oz Frost. Bottle) 2500/Cs","","","Disposables : Bottles & Caps","","0.02","","","","","","","","","","true"
"NSPCAPSNAPR","CAPSNAPR","Red Snap-On Cap (For 10oz & 16oz Frost. Bottle) 2500/Cs","","","Disposables : Bottles & Caps","","0.02","","","","","","","","","","true"
"NSPCAPSNAPY","CAPSNAPY","Yellow Snap-On Cap (For 10oz & 16oz Frost. Bottle) 2500/Cs","","","Disposables : Bottles & Caps","","0.01","","","","","","","","","","true"
"OM10060","10060","Omcan 24"" Cheese Cutter Wires 12/Pk","","","Equipment : Parts","","8.81","","","","","","","","","","true"
"OM10157","10157","Omcan Stainless Steel Poly Bag Tape Sealer With Cutter Flyer","","","Equipment : Other Appliances","","24.73","","","","","","","","","","true"
"OM11400","11400","Omcan Stainless Steel Cheese Cutter ( 14 X 11 X 4 )","","","Equipment : Other Appliances","","126.35","","","","","","","","","","true"
"OM13023","13023","Omcan Blue Plastic / Steel Shopping Basket (19 X 13 X 11)","","","Institutional Supplies","","14.55","","","","","","","","","","true"
"OM13024","13024","Omcan Green Plastic / Steel Shopping Basket (19 X 13 X 11)","","","Institutional Supplies","","9.56","","","","","","","","","","true"
"OM13066","13066","Omcan 24 X 48 Blue Heavy Duty Platform Cart","","","Institutional Supplies","","210.86","","","","","","","","","","true"
"OM14436","14436","(KT01) Omcan Blue Poly Bag Tape Sealer With Cutter Flyer","","","Equipment","","9.55","","","","","","","","","","true"
"OM14446","14446","Omcan 8"" Impulse Sealer With 203mm Bar","","","Equipment : Other Appliances","","73.73","","","","","","","","","","true"
"OM14448","14448","Omcan 12"" Impulse Sealer With 203mm Bar","","","Equipment : Other Appliances","","93.48","","","","","","","","","","true"
"OM14791","14791","Omcan Cheese Cutter Springs","","","Equipment : Parts","","5.66","","","","","","","","","","true"
"OM16039","16039","Omcan Element Service Kit 8","","","Equipment : Parts","","1.18","","","","","","","","","","true"
"OM16040","16040","Omcan Element Service Kit 12","","","Equipment : Parts","","2.13","","","","","","","","","","true"
"OM16625","16625","Omcan 20"" X 18"" Heavy Duty Cheese Cutter","","","Equipment : Other Appliances","","358.53","","","","","","","","","","true"
"OM22056","22056","Omcan 30 X 18 Equipment Stand","","","Equipment","","128.98","","","","","","","","","","true"
"OM22057","22057","Omcan 30 X 24 Equipment Stand","","","Equipment","","135.07","","","","","","","","","","true"
"OM22059","22059","Omcan 30 X 36 Equipment Stand","","","Equipment","","180.94","","","","","","","","","","true"
"OM22065","22065","Omcan Stainless Steel Work Table ( 24 X 36 )","","","Equipment","","121.51","","","","","","","","","","true"
"OM22066","22066","Omcan Stainless Steel Work Table ( 24 X 48 )","","","Equipment","","135.21","","","","","","","","","","true"
"OM22072","22072","Omcan Stainless Steel Work Table ( 30 X 36 )","","","Equipment","","129.91","","","","","","","","","","true"
"OM22073","22073","Omcan Stainless Steel Work Table ( 30 X 48 )","","","Equipment","","145.63","","","","","","","","","","true"
"OM22074","22074","Omcan Stainless Steel Work Table ( 30 X 60 )","","","Equipment","","169.54","","","","","","","","","","true"
"OM22075","22075","Omcan Stainless Steel Work Table ( 30 X 72 )","","","Equipment","","210.58","","","","","","","","","","true"
"OM22081","22081","Omcan Stainless Steel Work Table W/ Backsplash ( 24X48 )","","","Equipment","","160.34","","","","","","","","","","true"
"OM22089","22089","Omcan Stainless Steel Work Table W/ Backsplash ( 30X60 )","","","Equipment","","212.95","","","","","","","","","","true"
"OM22095","22095","Omcan 24 X 36 Undershelf","","","Equipment","","36.96","","","","","","","","","","true"
"OM22109","22109","Omcan 12 X 36 Wall Shelf","","","Equipment","","51.55","","","","","","","","","","true"
"OM22114","22114","Omcan 3-Comp Sink Without Drain Boards ( 18 X 18 X 11 )","","","Equipment","","803.16","","","","","","","","","","true"
"OM22124","22124","Omcan Pre Rinse Assembly With 12.5"" Center Faucet","","","Equipment","","282.31","","","","","","","","","","true"
"OM23515","23515","Omcan 16 X 14 X 6 Pedestal Sink With Foot Valve & Faucet","","","Equipment","","376.78","","","","","","","","","","true"
"OM23516","23516","Omcan Splash Mounted Faucet W/ Swing Nozzle For 3Tub Sink","","","Equipment","","70.15","","","","","","","","","","true"
"OM23580","23580","Omcan #12 Stainless Steel Meat Grinder 110/60","","","Equipment : Other Appliances","","613.51","","","","","","","","","","true"
"OM25269","25269","Omcan 2-Comp Sink With 2 Drain Boards (18 X 21 X 14)","","","Equipment","","488.73","","","","","","","","","","true"
"OM31349","31349","Omcan 9mm X 216' Pvc Poly Bag Sealing Tape - Red  16/Pk","","","Equipment","","71.39","","","","","","","","","","true"
"OM31350","31350","Omcan 9mm X 216' Pvc Poly Bag Sealing Tape - Blue  16/Pk","","","Equipment","","71.39","","","","","","","","","","true"
"OM31351","31351","Omcan 9mm X 216' Pvc Poly Bag Sealing Tape - Green  16/Pk","","","Equipment","","71.39","","","","","","","","","","true"
"OM31352","31352","Omcan 9mm X 216' Pvc Poly Bag Sealing Tape - Yellow  16/Pk","","","Equipment","","71.39","","","","","","","","","","true"
"OM39256","39256","Omcan Splash Mounted Faucet W/ Swing Nozzle For Tub Sink","","","Equipment","","64.62","","","","","","","","","","true"
"OM42154","42154","Omcan 88"" Dough Sheeter - Countertop  (220V/60/1)","","","Equipment : Other Appliances","","3788.31","","","","","","","","","","true"
"OM43454","43454","Omcan Orange 5G Salad Spinner With Brake","","","Equipment : Other Appliances","","148.82","","","","","","","","","","true"
"OM43637","43637","Omcan Orange 2.5G Salad Spinner With Brake","","","Equipment : Other Appliances","","145.08","","","","","","","","","","true"
"OM43757","43757","Omcan 3-Comp Sink With Drain Board (10 X 14 X 10)","","","Equipment","","332.29","","","","","","","","","","true"
"OM43761","43761","Omcan 1-Comp Sink With Centre Drain (18 X 18 X 11)","","","Equipment","","197.94","","","","","","","","","","true"
"OM43763","43763","Omcan 3-Comp Sink With Drain & Drain Boards (18 X 18 X 11)","","","Equipment","","509.34","","","","","","","","","","true"
"OM43767","43767","Omcan 2-Comp Sink With Drain & Drain Boards (18 X 18 X 11)","","","Equipment","","390.47","","","","","","","","","","true"
"OM43769","43769","Omcan 2-Comp Sink Without Drain Board (18 X 18 X 11)","","","Equipment","","312.08","","","","","","","","","","true"
"OM43787","43787","Omcan 3-Comp Sink Without Drain Board (24 X 24 X 14)","","","Equipment","","616.06","","","","","","","","","","true"
"OM43789","43789","Omcan 3-Comp Sink With 2 Drain Boards (24 X 24 X 14)","","","Equipment","","720.94","","","","","","","","","","true"
"OM44135","BE-CN-2083-FSS","Omcan 107"" Dough Sheeter - Floor  (220V/60/1)","","","Equipment : Other Appliances","","5988.41","","","","","","","","","","true"
"OM44338","44338","Omcan Stainless Steel Work Table W/ Backsplash ( 24X48 )","","","Equipment","","210.01","","","","","","","","","","true"
"OM44346","44346","Omcan Stainless Steel Work Table W/ Backsplash ( 30X60 )","","","Equipment","","278.19","","","","","","","","","","true"
"OM44585","44585","Omcan Fabricated Hand Sink W/Backsplash (14.5 X 15 X 18)","","","Equipment","","125.28","","","","","","","","","","true"
"OM44588","44588","Omcan 49"" Ice Cream Dipping Freezer With Flat Sneeze Guard","","","Equipment : Refrigeration","","1443.54","","","","","","","","","","true"
"OM46319","46319","Omcan Hand Sink With Knee Valve (15.25 X 17 X 13)","","","Equipment","","308.55","","","","","","","","","","true"
"PAHRB350F","HRB350F","8"" Shallow Half Cake Dome With Black Base   100/Cs","","","Disposables : Containers","","54.6","","","","","","","","","","true"
"PBBG1/2-10","BG1/2-10","1/2 lb 100-Pk Brown Paper Bags ( 3 X 1 X 5 ) 100Pks/Bale","","","Disposables : Bags : Paper","","77.65","","","","","","","","","","true"
"PBBG10-2","BG10-2","10 lb 100-Pk Brown Paper Bags ( 6 X 4 X 13 ) 20Pks/Bale","","","Disposables : Bags : Paper","","101.65","","","","","","","","","","true"
"PBBG12","BG12","12 lb 100-Pk Brown Paper Bags ( 7 X 4.5 X 13) 10Pks/Bale","","","Disposables : Bags : Paper","","58.75","","","","","","","","","","true"
"PBBG14","BG14","14 lb 100-Pk Brown Paper Bags 10Pks//Bale","","","Disposables : Bags : Paper","","37","","","","","","","","","","true"
"PBBG16","BG16","16 lb 100-Pk Brown Paper Bags ( 7.75 X 4 X 16 ) 10Pks/Bale","","","Disposables : Bags : Paper","","68","","","","","","","","","","true"
"PBBG1-8","BG1-8","1 lb 100-Pk Brown Paper Bags ( 3.5 X 2 X 6 ) 80Pks/Bale","","","Disposables : Bags : Paper","","125","","","","","","","","","","true"
"PBBG25","BG25","25 lb 100-Pk Brown Paper Bags (8.25 X 5.25 X 18)  10Pks/Bale","","","Disposables : Bags : Paper","","92.6","","","","","","","","","","true"
"PBBG30","BG30","30 lb 100-Pk Brown Paper Bags 10Pks/Bale","","","Disposables : Bags : Paper","","61","","","","","","","","","","true"
"PBBGHB-NG","BGHB-NG","Hamburger Bags - Non Glazed 100/Pk  4000 Bags/Bale","","","Disposables : Bags : Paper","","120.9","","","","","","","","","","true"
"PBBGHD.5","BGHD.5","White Hot Dog / Popcorn Bag (100/Pk)    5000 Bags/Bale","","","Disposables : Bags : Paper","","120","","","","","","","","","","true"
"PC0.5GAL","PC0.5GAL","1/2 Gallon Bottle (Use Scap)   108/Bale","","","Disposables : Bottles & Caps","","59.4","","","","","","","","","","true"
"PC0.5GAL6PK","PC0.5GAL6PK","1/2 Gallon Bottle + Cap - 6 Pk","","","Disposables : Bottles & Caps","","0","","","","","","","","","","true"
"PCTHOCRY001","HOCRY001","Crystale 500ml Dishwasher Rinse Aid - Aqua Marine 8/Cs","","","Institutional Supplies : Cleaning Supplies","","0.95","","","","","","","","","","true"
"PCTHOCRY002","HOCRY002","Crystale 2kg Dishwasher Salt 6/Cs","","","Institutional Supplies : Cleaning Supplies","","1.2","","","","","","","","","","true"
"PCTHOCRY010","HOCRY010","Crystale Platinum 26Ct Dishwasher Tablets- Lemon 7/Cs","","","Institutional Supplies : Cleaning Supplies","","1.5","","","","","","","","","","true"
"PFP-T16J","P-T16J","Island Choice 102oz Whole Peeled Tomatoes 6/Cs","","","Food Products","","22.04","","","","","","","","","","true"
"PFP-T3","P-T3","Paradiso 102oz Tomato Sauce 6/Cs","","","Food Products","","23.04","","","","","","","","","","true"
"PFP-TD2J","P-TD2J","Island Choice 102oz Choice Lg Diced Tomatoes Juice  6/Cs","","","Food Products","","23.04","","","","","","","","","","true"
"PFP-TP1","P-TP1","Island Choice Fcy Tomato Paste 6/Cs","","","Food Products","","33.23","","","","","","","","","","true"
"PL876WT1.5","876WT1.5","876 Blue Mountain 1.5L Spring Water(Alkaline) 12-Btls/Cs","","","Food Products","","6.5","","","","","","","","","","true"
"PL876WT500","876WT500","876 Blue Mountain 500ml Spring Water(Alkaline) 24-Btls/Cs","","","Food Products","","6","","","","","","","","","","true"
"PLCAP38400WH","CAP38400WH","38mm Foam Lined White Cap For 1 Gal Bottle 3000/Cs","","","Disposables : Bottles & Caps","","168.6","","","","","","","","","","true"
"PLCLR12","CLR12","355ml 12oz  Clear PET Ribbed Bottle (Use CAP18-81) 305/Bale","","","Disposables : Bottles & Caps","","23.89","","","","","","","","","","true"
"PLFLCAP38B","FLCAP38B","38mm Foam Lined Blue Cap For 1 Gal Bottle   2000/Cs","","","Disposables : Bottles & Caps","","93.8","","","","","","","","","","true"
"PLFLCAP38R","FLCAP38R","38mm Foam Lined Red Cap For 1 Gal Bottle 3000/Cs","","","Disposables : Bottles & Caps","","168.6","","","","","","","","","","true"
"PLHDPE280","HDPE280","HDPE 280ml ( 10oz ) Frosted Bottle (Use Scap)  341/Bale","","","Disposables : Bottles & Caps","","46.8","","","","","","","","","","true"
"PLHDPE340-2","HDPE340-2","HDPE 340ml ( 12oz ) Frosted Bottle (Use Scap)  342/Bale","","","Disposables : Bottles & Caps","","39.4","","","","","","","","","","true"
"PLHDPE475-S","HDPE475-S","HDPE 475ml ( 16oz ) Frosted Squat Bottle(Use Scap)208/Bale","","","Disposables : Bottles & Caps","","35.66","","","","","","","","","","true"
"PLPET250E","PET250E","250ml Clear PET Bottle (Use CAP18-81) 341/Bale","","","Disposables : Bottles & Caps","","37.16","","","","","","","","","","true"
"PLPET475","PET475","475ml Clear PET Bottle (Use CAP18-81)   264/Bale","","","Disposables : Bottles & Caps","","27.96","","","","","","","","","","true"
"PLPET500PR","PET500PR","500ml Clear Proprietary Bottle ( Use CAP28 )   298/Bale","","","Disposables : Bottles & Caps","","0.27","","","","","","","","","","true"
"PLPET750-6PK","PET750-6PK","750ml Clear PET Bottle + Cap - 6 Pk","","","Disposables : Bottles & Caps","","1.92","","","","","","","","","","true"
"PLPET8","PET8","236ml (8oz) Clear PET Bottle 305/Bale","","","Disposables : Bottles & Caps","","24.35","","","","","","","","","","true"
"PLSCAPG-26","SCAPG-26","Green Screw Cap For 1/2 & 1 Gal. & Tall Qt Bottle  2600/Cs","","","Disposables : Bottles & Caps","","56.16","","","","","","","","","","true"
"PLSCAPMB-26","SCAPMB-26","Midn. Blue Screw Cap For 1/2 & 1 Gal & Tall Qt Bottle 2600/Cs","","","Disposables : Bottles & Caps","","56.42","","","","","","","","","","true"
"PLSCAPO-26","SCAPO-26","Orange Screw Cap For 1/2 & 1 Gal & Tall Qt Bottle 2600/Cs","","","Disposables : Bottles & Caps","","56.16","","","","","","","","","","true"
"PLSCAPR-26","SCAPR-26","Red Screw Cap For 1/2 & 1 Gal. & Tall Qt Bottle  2600/Cs","","","Disposables : Bottles & Caps","","56.16","","","","","","","","","","true"
"PLSCAPW-26","SCAPW-26","White Screw Cap For 1/2 & 1 Gal & Tall Qt Bottle 2600/Cs","","","Disposables : Bottles & Caps","","56.16","","","","","","","","","","true"
"PLSCAPY-26","SCAPY-26","Yellow Screw Cap For 1/2 & 1 Gal & Tall Qt Bottle 2600/Cs","","","Disposables : Bottles & Caps","","56.16","","","","","","","","","","true"
"PLSPRTCAPG22","CPSPORT 1881 GW","18-81 Green & White Sports Cap 2200/Cs","","","Disposables : Bottles & Caps","","93.3","","","","","","","","","","true"
"PLSPRTCAPR22","CPSPORT 1881 RW","18-81 Red & White Sports Cap 2200/Cs","","","Disposables : Bottles & Caps","","176","","","","","","","","","","true"
"PLSPRTCAPY22","CPSPORT 1881 YW","18-81 Yellow & White Sports Cap 2200/Cs","","","Disposables : Bottles & Caps","","93.3","","","","","","","","","","true"
"PM2734SSA","2734SSA","27.75 X 34 White Printed Bag - Sanitation Service 500/Cs","","","Disposables : Bags : Plastic","","44","","","","","","","","","","true"
"PM3037C","PM3037C","30 X 37 Clear Garbage Bag 300/Cs ( Can Liner )","","","Disposables : Bags : Plastic","","19.56","","","","","","","","","","true"
"PM3260SLBL","3260SLBL","32 X 60 Repel Plastic Bag - Blue     300/Cs","","","Disposables : Bags : Plastic","","46.5","","","","","","","","","","true"
"PM3260WH","3260WH","32 X 60 Repel Plastic Bag - White 500/Cs","","","Disposables : Bags : Plastic","","37.4","","","","","","","","","","true"
"PM38550C","38550C","38.5 X 50 Clear Box Liner With 4.5 Vent Holes  250/Cs","","","Disposables : Bags : Plastic","","28.88","","","","","","","","","","true"
"PM3950C","PM3950C","39 X 50 Clear Garbage Bag 250/Cs ( Can Liner )","","","Disposables : Bags : Plastic","","26.25","","","","","","","","","","true"
"PM44560C","44560C","44.5 X 60 Clear Bailer Bag For 1/2 Gallon Bottles      100/Pk","","","Packaging Supplies","","42.5","","","","","","","","","","true"
"PMBAIL95424","BAIL95424","9.5 X 4 X 24 Brown Rice Bailer Bags","","","Packaging Supplies","","0.12","","","","","","","","","","true"
"PMCF1750FM","CFR1750 FILM","Country Farm 1750g Rice Film","","","Packaging Supplies","","2.05","","","","","","","","","","true"
"PMCF20BAG250","C FARM 20LB 250","Country Farm 20lb Rice Bags 250/Cs","","","Packaging Supplies","","55.7","","","","","","","","","","true"
"PMCF2200FM","CFR2200 FILM","Country Farm 2200g Rice Film","","","Packaging Supplies","","2.5","","","","","","","","","","true"
"PMCF25BAG","C FARM 25LB","Country Farm 25lb Rice Bags 500/Case","","","Packaging Supplies","","114","","","","","","","","","","true"
"PMCF850FM","CFR850 FILM","Country Farm 850g Rice Film","","","Packaging Supplies","","1.6","","","","","","","","","","true"
"PMCF8BAG","C FARM 8LB","Country Farm 8lb Rice Bags 1000/Case","","","Packaging Supplies","","107.69","","","","","","","","","","true"
"PMCF8BAG-6","C FARM 8LB-6","Country Farm 8lb Rice Bags 600/Case","","","Packaging Supplies","","64.62","","","","","","","","","","true"
"PMCF8-ROLL","CF8-ROLL","Country Farm 8lb Film (275 Gauge)","","","Packaging Supplies","","2.25","","","","","","","","","","true"
"PMCFBARFM","PMCFBARFM","Country Farm Pearl Barley Film","","","Packaging Supplies","","3.21","","","","","","","","","","true"
"PMCFBBFM","PMCFBBFM","Country Farm Black Bean Film","","","Packaging Supplies","","3.21","","","","","","","","","","true"
"PMCFBEFM","PMCFBEFM","Country Farm Black Eye Film","","","Packaging Supplies","","2.5","","","","","","","","","","true"
"PMCFBRFM","CFRBROWN FILM","Country Farm Brown Rice Film","","","Packaging Supplies","","3.94","","","","","","","","","","true"
"PMCFCNFM","PMCFCNFM","Country Farm Channa Film","","","Packaging Supplies","","3.32","","","","","","","","","","true"
"PMCFFPFM","PMCFFPFM","Country Farm Field Pea Film","","","Packaging Supplies","","2","","","","","","","","","","true"
"PMCFGSBLRBAG","CFGSBLR BAG","Country Farm Green Split Bailer Bag    800/Case","","","Packaging Supplies","","0.08","","","","","","","","","","true"
"PMCFGSFM","PMCFGSFM","Country Farm Green Split Film","","","Packaging Supplies","","2","","","","","","","","","","true"
"PMCFLBFM","PMCFLBFM","Country Farm Lima Bean Film","","","Packaging Supplies","","3.21","","","","","","","","","","true"
"PMCFLINFM","PMCFLINFM","Country Farm Linseed Film","","","Packaging Supplies","","3.21","","","","","","","","","","true"
"PMCFLTFM","PMCFLTFM","Country Farm Lentil Film","","","Packaging Supplies","","2.5","","","","","","","","","","true"
"PMCFPCFM","PMCFPCFM","Country Farm Popcorn Film","","","Packaging Supplies","","1.7","","","","","","","","","","true"
"PMCFPCPPFM","PMCFPCPPFM","Country Farm Party Pack Popcorn Film","","","Packaging Supplies","","2.5","","","","","","","","","","true"
"PMCFPPFM","PMCFPPFM","Country Farm Pigeon Pea Film","","","Packaging Supplies","","3.32","","","","","","","","","","true"
"PMCFRBFM","PMCFRBFM","Country Farm Red Kidney Film","","","Packaging Supplies","","2","","","","","","","","","","true"
"PMCFSGFM","PMCFSGFM","Country Farm Sago Film","","","Packaging Supplies","","3.21","","","","","","","","","","true"
"PMCFSMFM","PMCFSMFM","Country Farm Soup Mix Film","","","Packaging Supplies","","2.5","","","","","","","","","","true"
"PMCFWHFM","CFRWHITE FILM","Country Farm White Rice Film","","","Packaging Supplies","","3.95","","","","","","","","","","true"
"PMCFYSFM","PMCFYSFM","Country Farm Yellow Split Film","","","Packaging Supplies","","2","","","","","","","","","","true"
"PMFILM1750G","1750GFILM","Baler Film For 1750g Rice","","","Packaging Supplies","","0.96","","","","","","","","","","true"
"PMFILM400G","400GFILM","Baler Film For 400g Peas/Beans","","","Packaging Supplies","","1.15","","","","","","","","","","true"
"PMFILM400GWH","400GFILMWH","White Baler Film For 400g Peas (For Green Split)","","","Packaging Supplies","","1.18","","","","","","","","","","true"
"PMFILM4LB","4LBFILM","Baler Film For 4lb Rice","","","Packaging Supplies","","1.15","","","","","","","","","","true"
"PMFILM850G","850GFILM","Baler Film For 850g Rice","","","Packaging Supplies","","1.15","","","","","","","","","","true"
"PMFILM8LB","8LBFILM","Baler Film For 8lb Rice","","","Packaging Supplies","","1.15","","","","","","","","","","true"
"PMPET45BAG","PET45BAG","4.5kg PET Rice Bags","","","Packaging Supplies","","132.18","","","","","","","","","","true"
"PMPET9BAG","PET9BAG","9kg PET Rice Bags","","","Packaging Supplies","","194.23","","","","","","","","","","true"
"PMRG15BAG-35","RG 15LB BAGS-350","Regale 15lb Rice Bags 350/Case","","","Packaging Supplies","","70","","","","","","","","","","true"
"PMRG1750FM","RG 1750 FILM","Regale 1750g Rice Film","","","Packaging Supplies","","2.05","","","","","","","","","","true"
"PMRG850FM","RG 850 FILM","Regale 850g Rice Film","","","Packaging Supplies","","3.95","","","","","","","","","","true"
"PMRG8BAG-6","RG 8LB BAGS","Regale 8lb Rice Bags 600/Case","","","Packaging Supplies","","74.28","","","","","","","","","","true"
"PMRG8-ROLL","RG8-ROLL","Regale 8lb Film (275 Gauge)","","","Packaging Supplies","","2.05","","","","","","","","","","true"
"PMRGBEFM","PMRGBEFM","Regale Black Eye Film","","","Packaging Supplies","","3.53","","","","","","","","","","true"
"PMRGBRFM","RG BRWNRICE FILM","Regale Brown Rice Film","","","Packaging Supplies","","2.05","","","","","","","","","","true"
"PMRGFPFM","PMRGFPFM","Regale Field Pea Film","","","Packaging Supplies","","2","","","","","","","","","","true"
"PMRGGSBLRBG","RGGSBLR BAG","Regale Green Split Bailer Bag 800/Case","","","Packaging Supplies","","117.92","","","","","","","","","","true"
"PMRGGSFM","PMRGGSFM","Regale Green Split Film","","","Packaging Supplies","","3.54","","","","","","","","","","true"
"PMRGLTFM","PMRGLTFM","Regale Lentil Film","","","Packaging Supplies","","2","","","","","","","","","","true"
"PMRGPPFM","PMRGPPFM","Regale Pigeon Pea Film","","","Packaging Supplies","","3.71","","","","","","","","","","true"
"PMRGWRFM","RGWR FILM","Regale White Rice Film","","","Packaging Supplies","","3.23","","","","","","","","","","true"
"PMRGYSFM","PMRGYSFM","Regale Yellow Split Film","","","Packaging Supplies","","2","","","","","","","","","","true"
"PPIHC12","NIN-HC12-2050","Cove Bay 12oz PLA Lined Paper Hot Cup W/Print 50/Pk 20Pks/Cs","","","Disposables : Cups, Plates, Cutlery","","28.7","","","","","","","","","","true"
"PPIHCLPLA90","NIN-1216CPLA","Cove Bay CPLA Lid For 12oz Paper Hot Cup  50/Pk  20Pks/Cs","","","Disposables : Cups, Plates, Cutlery","","30","","","","","","","","","","true"
"PPISC16","SC16","16oz Paper Food Container White     25/Pk    20Pks/Cs","","","Disposables : Containers","","23.5","","","","","","","","","","true"
"PPISC32","SC32","32oz Paper Food Container White       25/Pk    20Pks/Cs","","","Disposables : Containers","","35","","","","","","","","","","true"
"PPISC32LD","SC32","32oz Paper Food Container & Lid - White   25/Pk   20Pks/Cs","","","Disposables : Containers","","35","","","","","","","","","","true"
"PPISCLPLA115","SCLPLA115","CPLA Lid For 12-32oz Paper Food Container 25/Pk  20Pks/Cs","","","Disposables : Containers","","29","","","","","","","","","","true"
"PRBAR50","BAR50","Pearl Barley - 50 lb","","","Food Products : Peas/Beans : Bulk","","38","","","","","","","","","","true"
"PRBAR55","BAR55","Pearl Barley - 55 lb","","","Food Products : Peas/Beans : Bulk","","25","","","","","","","","","","true"
"PRBB100","BB100","Black Beans - 100 lb","","","Food Products : Peas/Beans : Bulk","","75.73","","","","","","","","","","true"
"PRBB25K","BB25K","Black Beans - 55lb","","","Food Products : Peas/Beans : Bulk","","34","","","","","","","","","","true"
"PRBE100","BE100","Black Eyes - 100 lb","","","Food Products : Peas/Beans : Bulk","","72","","","","","","","","","","true"
"PRBE50","BE50","Black Eyes - 50 lb","","","Food Products : Peas/Beans : Bulk","","35","","","","","","","","","","true"
"PRBE55","BE55","Black Eyes - 55 lb","","","Food Products : Peas/Beans : Bulk","","30","","","","","","","","","","true"
"PRBLB25K","BLB25K","Baby Lima Beans - 55lb","","","Food Products : Peas/Beans : Bulk","","39.25","","","","","","","","","","true"
"PRBLB50","BLB50","Baby Lima Beans - 50 lb","","","Food Products : Peas/Beans : Bulk","","46.92","","","","","","","","","","true"
"PRBR100","BR100","Parboiled Rice - 100lb","","","Food Products : Rice : Bulk","","52.77","","","","","","","","","","true"
"PRBR50","BR50","Parboiled Rice - 50lb","","","Food Products : Rice : Bulk","","26.14","","","","","","","","","","true"
"PRCAL44","CAL44","Sushi (Calrose) Rice - 44lb","","","Food Products : Rice : Bulk","","29.5","","","","","","","","","","true"
"PRCAM55","CAM55","Country Farm Parboiled Rice - 55 lb","","","Food Products : Rice : Bulk","","10.9","","","","","","","","","","true"
"PRCAMB55","CAMB55","Country Farm Brown Rice - 55 lb","","","Food Products : Rice : Bulk","","10.68","","","","","","","","","","true"
"PRCAMW55","CAMW55","Country Farm White Rice - 55 lb","","","Food Products : Rice : Bulk","","13.8","","","","","","","","","","true"
"PRCN100","CN100","Channa - 100 lb","","","Food Products : Peas/Beans : Bulk","","48.9","","","","","","","","","","true"
"PRCN50","CN50","Channa - 50 lb","","","Food Products : Peas/Beans : Bulk","","30.75","","","","","","","","","","true"
"PRCN55","CN55","Channa - 55 lb","","","Food Products : Peas/Beans : Bulk","","24.5","","","","","","","","","","true"
"PRFP50","FP50","Field Peas - 50 lb","","","Food Products : Peas/Beans : Bulk","","30","","","","","","","","","","true"
"PRGNB55","GNB55","Great Northern Bean - 55 lb","","","Food Products : Peas/Beans : Bulk","","46.9","","","","","","","","","","true"
"PRGS100","GS100","Canadian Green Split - 100 lb","","","Food Products : Peas/Beans : Bulk","","32","","","","","","","","","","true"
"PRGS50","GS50","Green Split - 50 lb","","","Food Products : Peas/Beans : Bulk","","23.5","","","","","","","","","","true"
"PRGYR100","GYR100","Regale Parboiled Rice - 100 lb","","","Food Products : Rice : Bulk","","29.71","","","","","","","","","","true"
"PRGYR50W","GYR50W","White Rice - 50 lb","","","Food Products : Rice : Bulk","","13.81","","","","","","","","","","true"
"PRKAR100","KAR100","Karibee Parboiled Rice 100 lb","","","Food Products : Rice : Bulk","","52.28","","","","","","","","","","true"
"PRKAR22K","KRP22","Karibee Parboiled Rice - 22kg","","","Food Products : Rice : Bulk","","26.14","","","","","","","","","","true"
"PRLB55","LB55","Large Lima Bean - 55 lb","","","Food Products : Peas/Beans : Bulk","","70","","","","","","","","","","true"
"PRLIN50","LIN50","Brown Flax Seed ( Linseed ) - 50lb","","","Food Products : Peas/Beans : Bulk","","25.5","","","","","","","","","","true"
"PRLT100","LT100","Lentils - 100 lb","","","Food Products : Peas/Beans : Bulk","","39","","","","","","","","","","true"
"PRLT50","LT50","Lentils - 50 lb","","","Food Products : Peas/Beans : Bulk","","46.85","","","","","","","","","","true"
"PRPC44","PC44","Butterfly Popcorn - 44 lb","","","Food Products : Peas/Beans : Bulk","","25.95","","","","","","","","","","true"
"PRPC50","PC50","Butterfly Popcorn - 50 lb","","","Food Products : Peas/Beans : Bulk","","22.25","","","","","","","","","","true"
"PRPINB55","PINB55","Pinto Bean - 55 lb","","","Food Products : Peas/Beans : Bulk","","43","","","","","","","","","","true"
"PRPKB55","PKB55","Pink Bean - 55 lb","","","Food Products : Peas/Beans : Bulk","","46","","","","","","","","","","true"
"PRPP50","PP50","Pigeon Peas - 50 lb","","","Food Products : Peas/Beans : Bulk","","52.5","","","","","","","","","","true"
"PRPP55","PP55","Pigeon Peas - 55 lb","","","Food Products : Peas/Beans : Bulk","","42.5","","","","","","","","","","true"
"PRRB100","RB100","Red Kidney Beans - 100 lb","","","Food Products : Peas/Beans : Bulk","","65.73","","","","","","","","","","true"
"PRRB50","RB50","Red Kidney Beans - 50 lb","","","Food Products : Peas/Beans : Bulk","","55","","","","","","","","","","true"
"PRSG100","SG100","Sago - 100 lb","","","Food Products : Peas/Beans : Bulk","","63","","","","","","","","","","true"
"PRSG44","SG44","Sago - 44 lb","","","Food Products : Peas/Beans : Bulk","","35","","","","","","","","","","true"
"PRSRB55","SRB55","Small Red Bean - 55 lb","","","Food Products : Peas/Beans : Bulk","","43","","","","","","","","","","true"
"PRSUGARBR50","SUGARBR50","Brown Sugar - 50lb","","","Food Products","","29.34","","","","","","","","","","true"
"PRSWB55","SWB55","Small White Bean - 55 lb","","","Food Products : Peas/Beans : Bulk","","45","","","","","","","","","","true"
"PRUSABB50","BB50","Black Beans - 50 lb","","","Food Products : Peas/Beans : Bulk","","25","","","","","","","","","","true"
"PRUSARB50","RB50","Red Kidney Beans - 50 lb","","","Food Products : Peas/Beans : Bulk","","44.5","","","","","","","","","","true"
"PRWHR50","WHR50","White Rice - 50 lb","","","Food Products : Rice : Bulk","","22.75","","","","","","","","","","true"
"PRWSS50","WSS50","White Hulled Sesame Seeds - 50 lb","","","Food Products : Peas/Beans : Bulk","","57.5","","","","","","","","","","true"
"PRYS100","YS100","Canadian Yellow Split - 100 lb","","","Food Products : Peas/Beans : Bulk","","27.5","","","","","","","","","","true"
"PRYS50","YS50","Us Yellow Split - 50 lb","","","Food Products : Peas/Beans : Bulk","","18","","","","","","","","","","true"
"PSF12471","12471","25S White Foam Tray ( 15 X 8 ) 250/Bale","","","Disposables","","23.27","","","","","","","","","","true"
"PSF12521","12521","25S Black Foam Tray ( 15 X 8 ) 250/Bale","","","Disposables","","25.72","","","","","","","","","","true"
"PST-0047E","T-0047","Frosted 1 Gallon Cylinder/Jar (Use Cap TA-087 )  30/Bale","","","Disposables : Bottles & Caps","","0.54","","","","","","","","","","true"
"PSTA-087","TA-087","100mm White Foam Lined Cap (For 1 Gal Cylinder)  1560/Cs","","","Disposables : Bottles & Caps","","0.23","","","","","","","","","","true"
"PSTASTMOLMIL","ASTMOLMIL","Astonish 750ml Mold & Mildew Remover 12/Pk","","","Institutional Supplies : Cleaning Supplies","","2.44","","","","","","","","","","true"
"PSTTRANS110","TRANS110","110V Transformer","","","Equipment","","89.8","","","","","","","","","","true"
"PYP900349","900349","14oz Clear Plastic Jar (Use CAP63)   200/Bale","","","Disposables : Bottles & Caps","","36.75","","","","","","","","","","true"
"PYPCAP28BE","CAP28BE","28mm Blue Cap For 1/2-Litre & 1-Litre Bottle   4400/Cs","","","Disposables : Bottles & Caps","","54.12","","","","","","","","","","true"
"PYPCAP28BK","CAP28BK","28mm Black Cap For 1/2 Litre & 1 Litre Bottle   4400/Cs","","","Disposables : Bottles & Caps","","54.12","","","","","","","","","","true"
"PYPCAP28GR","CAP28GR","28mm Green Cap For 1/2 Litre & 1 Litre Bottle   4400/Cs","","","Disposables : Bottles & Caps","","130.2","","","","","","","","","","true"
"PYPCAP28OR","CAP28O","28mm Orange Cap For 1/2 Litre & 1 Litre Bottle   4400/Cs","","","Disposables : Bottles & Caps","","54.12","","","","","","","","","","true"
"PYPCAP28RD","CAP28R","28mm Red Cap For 1/2 Litre & 1 Litre Bottle   4400/Cs","","","Disposables : Bottles & Caps","","130.2","","","","","","","","","","true"
"PYPCAP28WH","CAP28W","28mm White Cap For 1/2 Litre & 1 Litre Bottle   4400/Cs","","","Disposables : Bottles & Caps","","130.2","","","","","","","","","","true"
"PYPCAP28YL","CAP28Y","28mm Yellow Cap For 1/2 Litre & 1 Litre Bottle   4400/Cs","","","Disposables : Bottles & Caps","","54.12","","","","","","","","","","true"
"PYPCAP63G","900511","63mm Green Cap For Pyp Jars 1000/Cs","","","Disposables : Bottles & Caps","","58","","","","","","","","","","true"
"PYPCAP63R","900510","63mm Red Cap For Pyp Jars 1000/Cs","","","Disposables : Bottles & Caps","","58","","","","","","","","","","true"
"PYPCAP63Y","900509","63mm Yellow Cap For Pyp Jars 1000/Cs","","","Disposables : Bottles & Caps","","58","","","","","","","","","","true"
"PYPPET16-6PK","PET16-6PK","16oz Clear PET Bottle + Cap - 6 Pk","","","Disposables : Bottles & Caps","","0.91","","","","","","","","","","true"
"PYPPET2","PET2","2oz Clear Plastic Bottle ( Use CAP28 )  1000/Bale","","","Disposables : Bottles & Caps","","48.37","","","","","","","","","","true"
"PYPPET4","PET4","4oz Clear Plastic Bottle ( Use CAP28 ) 500/Bale","","","Disposables : Bottles & Caps","","50","","","","","","","","","","true"
"PYPPJ8-250","902489","8oz Clear Plastic Jar (Use CAP63)  250/Bale","","","Disposables : Bottles & Caps","","27","","","","","","","","","","true"
"PZ10ESC","10ESC","10"" Urban Kitchen Printed Pizza Box  50/Bale","","","Disposables","","10.7","","","","","","","","","","true"
"PZ14ESC","200202966","14"" Urban Kitchen Printed Pizza Box  50/Bale","","","Disposables","","9.95","","","","","","","","","","true"
"RAKAPCB20","APCB20","7.1 oz Porcelain Carved Bowl 2/Cs","","","Institutional Supplies : Foodservice","","18.96","","","","","","","","","","true"
"RAKAPRFP30","APRFP30","11.8"" Porcelain Flat Plate 6/Cs","","","Institutional Supplies : Foodservice","","39.6","","","","","","","","","","true"
"RAKASBW12","ASBW12","11.15oz Porcelain Bowl 12/Cs","","","Institutional Supplies : Foodservice","","21.3","","","","","","","","","","true"
"RAKASBW16","ASBW16","20.3oz Porcelain Bowl 12/Cs","","","Institutional Supplies : Foodservice","","24.62","","","","","","","","","","true"
"RAKASDP26","ASDP26","10.15"" Porcelain Deep Plate 12/Cs","","","Institutional Supplies : Foodservice","","33.66","","","","","","","","","","true"
"RAKASFP15","ASFP15","5.95"" Porcelain Flat Plate 24/Cs","","","Institutional Supplies : Foodservice","","34.98","","","","","","","","","","true"
"RAKASFP17","ASFP17","6.4"" Porcelain Flat Plate 24/Cs","","","Institutional Supplies : Foodservice","","36.88","","","","","","","","","","true"
"RAKASFP27","ASFP27","9.5"" Porcelain Flat Plate 12/Cs","","","Institutional Supplies : Foodservice","","34.38","","","","","","","","","","true"
"RAKASSC20","ASSC20","6.75oz Porcelain Stackable Coffee Cup 12/Cs","","","Institutional Supplies : Foodservice","","20.82","","","","","","","","","","true"
"RAKASSC23","ASSC23","7.8oz Porcelain Stackable Tea Cup 12/Cs","","","Institutional Supplies : Foodservice","","23.28","","","","","","","","","","true"
"RAKASSM36","ASSM36","12.15oz Porcelain Stackable Mug 12/Cs","","","Institutional Supplies : Foodservice","","31.32","","","","","","","","","","true"
"RAKCHPCLCS01","CHPCLCS01","10.14oz Porcelain Soup Cup 12/Cs","","","Institutional Supplies : Foodservice","","61.5","","","","","","","","","","true"
"RAKCHPCLFP15","CHPCLFP15","6"" Porcelain Flat Plate 24/Cs","","","Institutional Supplies : Foodservice","","73.21","","","","","","","","","","true"
"RAKCHPCLFP27","CHPCLFP27","10.65"" Porcelain Flat Plate 12/Cs","","","Institutional Supplies : Foodservice","","61.5","","","","","","","","","","true"
"RAKCHPCLFP31","CHPCLFP31","12"" Porcelain Flat Plate 6/Cs","","","Institutional Supplies : Foodservice","","52.62","","","","","","","","","","true"
"RAKCHPCLSA17","CHPCLSA17","6.7"" Porcelain Saucer 12/Cs","","","Institutional Supplies : Foodservice","","32.95","","","","","","","","","","true"
"RAKCHPCLXD26","CHPCLXD26","16.25oz Porcelain Bowl 6/Cs","","","Institutional Supplies : Foodservice","","38.76","","","","","","","","","","true"
"RAKCHPONDC26","CHPONDC26","10.25"" Porcelain Deep Coupe Plate 12/Cs","","","Institutional Supplies : Foodservice","","68.64","","","","","","","","","","true"
"RAKCHPONDC31","CHPONDC31","12"" Porcelain Deep Coupe Bowl 6/Cs","","","Institutional Supplies : Foodservice","","54.24","","","","","","","","","","true"
"RAKCHPONDP28","CHPONP28","11"" Porcelain Deep Coupe Plate 12/Cs","","","Institutional Supplies : Foodservice","","65.07","","","","","","","","","","true"
"RAKCHPONPR28","CHPONPR28","11"" Porcelain Flat Coupe Plate 12/Cs","","","Institutional Supplies : Foodservice","","65.07","","","","","","","","","","true"
"RAKSTEDP20","STEDP20","8.66"" Porcelain Embossed Deep Plate 6/Cs","","","Institutional Supplies : Foodservice","","59.88","","","","","","","","","","true"
"RB141424","141424","Heatmax 14"" X 14"" X 24"" Food Warmer","","","Equipment : Heating","","290","","","","","","","","","","true"
"RB141824","141824","Heatmax 14"" X 18"" X 24"" Food Warmer","","","Equipment : Heating","","307","","","","","","","","","","true"
"RB301520","301520","Heatmax 30"" X 15"" X 20"" Food Warmer","","","Equipment : Heating","","308","","","","","","","","","","true"
"RB301824","301824","Heatmax 30"" X 18"" X 24"" Food Warmer","","","Equipment : Heating","","360","","","","","","","","","","true"
"RBCABINET4","233148","Heatmax 23 X 31 X 48 1/2 Size Heated Rolling Tray Cabinet","","","Equipment : Heating","","795","","","","","","","","","","true"
"RG15","RG15","Regale 15lb Parboiled Rice","","","Food Products : Rice : Packaged","","6.3","","","","","","","","","","true"
"RG1750","RG1750","Regale 1750g Parboiled Rice 15Pks/Bale","","","Food Products : Rice : Packaged","","25.26","","","","","","","","","","true"
"RG8","RG8","Regale 8lb Parboiled Rice 7Pks/Bale","","","Food Products : Rice : Packaged","","25.42","","","","","","","","","","true"
"RG850","RG850","Regale 850g Parboiled Rice 30Pks/Bale","","","Food Products : Rice : Packaged","","26.63","","","","","","","","","","true"
"RGB2","RGB2","Regale 2lb Brown Rice 12Pks/Bale","","","Food Products : Rice : Packaged","","10.7","","","","","","","","","","true"
"RGBE","RGBE","Regale Black Eyes 400g/Pk  24Pks/Bale","","","Food Products : Peas/Beans : Packaged","","14.55","","","","","","","","","","true"
"RGFP","RGFP","Regale Field Peas 400g/Pk  24Pks/Bale","","","Food Products : Peas/Beans : Packaged","","14.54","","","","","","","","","","true"
"RGGS","RGGS","Regale Green Splits 400g/Pk  24Pks/Bale","","","Food Products : Peas/Beans : Packaged","","9.5","","","","","","","","","","true"
"RGLT","RGLT","Regale Lentils 400g/Pk  24Pks/Bale","","","Food Products : Peas/Beans : Packaged","","7.75","","","","","","","","","","true"
"RGPP","RGPP","Regale Pigeon Peas 400g/Pk  24Pks/Bale","","","Food Products : Peas/Beans : Packaged","","17.27","","","","","","","","","","true"
"RGYS","RGYS","Regale Yellow Splits 400g/Pk  24Pks/Bale","","","Food Products : Peas/Beans : Packaged","","8.63","","","","","","","","","","true"
"RPBG1/4","BG1/4","1/4 lb 100-Pk Brown Paper Bags 150Pks/Bale","","","Disposables : Bags : Paper","","77.65","","","","","","","","","","true"
"RPBG12W","BG12W","12 lb 100-Pk White Paper Bags ( 7 X 4.5 X 13 ) 10Pks/Bale","","","Disposables : Bags : Paper","","56.5","","","","","","","","","","true"
"RPBG2","BG2RP","2 lb 100-Pk Brown Paper Bags ( 4 X 2 X 7 ) 60Pks/Bale","","","Disposables : Bags : Paper","","125","","","","","","","","","","true"
"RPBG20","BG20","20 lb 100-Pk Brown Paper Bags 10Pks/Bale","","","Disposables : Bags : Paper","","91.5","","","","","","","","","","true"
"RPBG3","BG3RP","3 lb 100-Pk Brown Paper Bag ( 4.75 X 2 X 8 ) 50Pks/Bale","","","Disposables : Bags : Paper","","120.25","","","","","","","","","","true"
"RPBG4","BG4RP","4 lb 100-Pk Brown Paper Bags ( 5 X 3 X 9.75 ) 40Pks/Bale","","","Disposables : Bags : Paper","","112","","","","","","","","","","true"
"RPBG40","BG40","40 lb 100-Pk Brown Paper Bags 500 Bags/Bale","","","Disposables : Bags : Paper","","69","","","","","","","","","","true"
"RPBG4W","BG4W","4 lb 100-Pk White Paper Bags ( 5 X 3 X 9.75 ) 40Pks/Bale","","","Disposables : Bags : Paper","","152.25","","","","","","","","","","true"
"RPBG5","BG5RP","5 lb 100-Pk Brown Paper Bags ( 5.25 X 3 X 10 ) 30Pks/Bale","","","Disposables : Bags : Paper","","92.5","","","","","","","","","","true"
"RPBG6","BG6RP","6 lb 100-Pk Brown Paper Bags ( 6 X 3 X 11 ) 30Pks/Bale","","","Disposables : Bags : Paper","","112","","","","","","","","","","true"
"RPBG60","BG60","60 lb 100-Pk Brown Paper Bags ( 17 X 11 X 6 ) 5Pks/Bale","","","Disposables : Bags : Paper","","58","","","","","","","","","","true"
"RPBG8","BG8RP","8 lb 100-Pk Brown Paper Bags ( 6 X 4 X 12 ) 20Pks/Bale","","","Disposables : Bags : Paper","","150","","","","","","","","","","true"
"RPBG8W","BG8W","8 lb 100-Pk White Paper Bags ( 6 X 4 X 12 ) 20Pks/Bale","","","Disposables : Bags : Paper","","125","","","","","","","","","","true"
"RPCBUTTPOP50","BUTTPOP50","Country Farm Butterfly Popcorn - 50lb","","","Food Products : Peas/Beans : Bulk","","14.75","","","","","","","","","","true"
"RPCMUSHPOP50","MUSHPOP50","Country Farm Mushroom Popcorn - 50lb","","","Food Products : Peas/Beans : Bulk","","16.5","","","","","","","","","","true"
"RPFCB2022","FCB2022","First Choice Black Garbage Bags - Small 20 X 22    24/30","","","Disposables : Bags : Plastic","","16.5","","","","","","","","","","true"
"RPFCB2436","FCB2436","First Choice Black Garbage Bags - Medium 24 X 36    24/20","","","Disposables : Bags : Plastic","","26.5","","","","","","","","","","true"
"RPFCB3036","FCB3036","First Choice Black Garbage Bags - Large  30 X 36    24/20","","","Disposables : Bags : Plastic","","32.5","","","","","","","","","","true"
"RPFCB3850","FCB3850","First Choice Black Garbage Bags - Jumbo 38 X 50    24/10","","","Disposables : Bags : Plastic","","48.5","","","","","","","","","","true"
"RPFCB3850-25","FCB3850-25","First Choice Black Garbage Bags - Jumbo 38 X 50    4/25","","","Disposables : Bags : Plastic","","19.95","","","","","","","","","","true"
"RPFCF2022","FCF2022","First Choice Frosted Garbage Bags - Small 20 X 22   24/30","","","Disposables : Bags : Plastic","","16.5","","","","","","","","","","true"
"RPFCF2436","FCF2436","First Choice Frosted Garbage Bags - Med 24 X 36    24/20","","","Disposables : Bags : Plastic","","26.5","","","","","","","","","","true"
"RPFCF3036","FCF3036","First Choice Frosted Garbage Bags - Large 30 X 36    24/20","","","Disposables : Bags : Plastic","","32.5","","","","","","","","","","true"
"RPFCF3850","FCF3850","First Choice Frosted Garbage Bags - Jumbo 38 X 50    24/10","","","Disposables : Bags : Plastic","","48.5","","","","","","","","","","true"
"RPFCF3850-25","FCF3850-25","First Choice Frosted Garbage Bag Jumbo 38 X 50 (1G) 4/25","","","Disposables : Bags : Plastic","","19.95","","","","","","","","","","true"
"RPFCG2022","FCG2022","First Choice Green Garbage Bags - Small 20 X 22    24/30","","","Disposables : Bags : Plastic","","20.95","","","","","","","","","","true"
"RPFCG2436","FCG2436","First Choice Green Garbage Bags - Medium 24 X 36   24/20","","","Disposables : Bags : Plastic","","31.75","","","","","","","","","","true"
"RPFCG3036","FCG3036","First Choice Green Garbage Bags - Large 30 X 36    24/20","","","Disposables : Bags : Plastic","","39.25","","","","","","","","","","true"
"RPFCG3850","FCG3850","First Choice Green Garbage Bags - Jumbo 38 X 50  24/10","","","Disposables : Bags : Plastic","","56.95","","","","","","","","","","true"
"RPJJCLOTH24","JJCLOTH24","Jj Ultra Cloths (Assorted Colours)  100/Roll 24-Rolls/Cs","","","Institutional Supplies : Cleaning Supplies","","115","","","","","","","","","","true"
"RPSALT50","SALT50","Salt - 50lb","","","Food Products","","5","","","","","","","","","","true"
"RPWG5312","WG5312RP","5 X 3 X 12 White Paper Bag (100/Pk)    3000 Bags/Bale","","","Disposables : Bags : Paper","","135","","","","","","","","","","true"
"RPWV4L","WV4L","Chef Mate 4L White Distilled Vinegar (5%) 4/Cs","","","Food Products","","12","","","","","","","","","","true"
"RSAG102","AG 102","18"" Kraft Paper","","","Disposables","","23.11","","","","","","","","","","true"
"RVCAP18-81B","CAP18-81B","18-81 Short Blue Cap 5500/Cs","","","Disposables : Bottles & Caps","","57.49","","","","","","","","","","true"
"RVCAP18-81R","CAP18-81R","18-81 Short Red Cap 5500/Cs","","","Disposables : Bottles & Caps","","57.47","","","","","","","","","","true"
"RVCAP18-81W","CAP18-81W","18-81 Short White Cap 5500/Cs","","","Disposables : Bottles & Caps","","57.47","","","","","","","","","","true"
"RVCAP18-81Y","CAP18-81Y","18-81 Short Yellow Cap 5500/Cs","","","Disposables : Bottles & Caps","","57.47","","","","","","","","","","true"
"RX016112","16112","Tonkita Hygiene+ Blue Indoor Broom - Blue Bristles  12/Cs","","","Institutional Supplies : Cleaning Supplies","","13.17","","","","","","","","","","true"
"RX016212","16212","Tonkita Hygiene+ Red Indoor Broom - Blue Bristles  12/Cs","","","Institutional Supplies : Cleaning Supplies","","12.42","","","","","","","","","","true"
"RX016312","16312","Tonkita Hygiene+ Yellow Indoor Broom - Blue Bristles  12/Cs","","","Institutional Supplies : Cleaning Supplies","","13.17","","","","","","","","","","true"
"RX016412","16412","Tonkita Hygiene+ Green Indoor Broom - Blue Bristles  12/Cs","","","Institutional Supplies : Cleaning Supplies","","13.17","","","","","","","","","","true"
"RX085412","85412","Tonkita 13 Litre Red Mop Bucket With Wringer  12/Cs","","","Institutional Supplies : Cleaning Supplies","","27.52","","","","","","","","","","true"
"RX1210","1210","Tonkita Green Heavy Duty Scouring Pads   10/Pk 8-Pks/Cs","","","Institutional Supplies : Cleaning Supplies","","20.96","","","","","","","","","","true"
"RX1214","1214","Tonkita Green Medium Scouring Pads   10/Pk 8-Pks/Cs","","","Institutional Supplies : Cleaning Supplies","","9.92","","","","","","","","","","true"
"RX7751","7751","Tonkita 14 Litre Red Duplex Mop Bucket W/Wringer     10/Cs","","","Institutional Supplies : Cleaning Supplies","","35.21","","","","","","","","","","true"
"RX7753","7753","Tonkita Hygiene Non Woven Mop - Blue  12/Cs","","","Institutional Supplies : Cleaning Supplies","","14.4","","","","","","","","","","true"
"RX7754","7754","Tonkita Hygiene Non Woven Mop - Red  12/Cs","","","Institutional Supplies : Cleaning Supplies","","15.27","","","","","","","","","","true"
"RX7755","7755","Tonkita Hygiene Non Woven Mop - Yellow  12/Cs","","","Institutional Supplies : Cleaning Supplies","","15.27","","","","","","","","","","true"
"RX7756","7756","Tonkita Hygiene Non Woven Mop - Green  12/Cs","","","Institutional Supplies : Cleaning Supplies","","15.27","","","","","","","","","","true"
"RXTK004","TK004","Tonkita Practica Indoor Broom Head - Grey Bristles   6/Cs","","","Institutional Supplies : Cleaning Supplies","","5.88","","","","","","","","","","true"
"RXTK018R","TK018R","Tonkita Dual Microfibre/Cotton Mop Head              12/Cs","","","Institutional Supplies : Cleaning Supplies","","19.66","","","","","","","","","","true"
"RXTK051","TK051","Tonkita Red & Grey Dustpan & Handbroom Set       12/Cs","","","Institutional Supplies : Cleaning Supplies","","10.85","","","","","","","","","","true"
"RXTK066","TK066","Tonkita Adhesive Lint Roller 12/Cs","","","Institutional Supplies : Cleaning Supplies","","13.17","","","","","","","","","","true"
"RXTK072E","TK072E","Tonkita 17.5"" Rubber Floor Squeegee (44Cm) 24/Cs","","","Institutional Supplies : Cleaning Supplies","","22.32","","","","","","","","","","true"
"RXTK073","TK073","Tonkita 10.5"" Window Squeegee 18/Cs","","","Institutional Supplies : Cleaning Supplies","","14.94","","","","","","","","","","true"
"RXTK081","TK081","Tonkita Red/White Washing ( Scrubbing ) Brush    10/Cs","","","Institutional Supplies : Cleaning Supplies","","6.3","","","","","","","","","","true"
"RXTK084","TK084","Tonkita Toilet Brush & Holder Set - White 8/Cs","","","Institutional Supplies : Cleaning Supplies","","8.72","","","","","","","","","","true"
"RXTK09","TK09","Tonkita 52"" Varnished Wooden Broom Stick    12/Bale","","","Institutional Supplies : Cleaning Supplies","","0","","","","","","","","","","true"
"RXTK266","TK266","Tonkita Triangular Cobweb Duster W/ Adj Handle  6/Cs","","","Institutional Supplies : Cleaning Supplies","","13.41","","","","","","","","","","true"
"RXTK270","TK270","Tonkita Window Squeegee With Sponge   12/Cs","","","Institutional Supplies : Cleaning Supplies","","10.82","","","","","","","","","","true"
"RXTK321","TK321","Tonkita Flex Bottle Brush 12/Cs","","","Institutional Supplies : Cleaning Supplies","","7.97","","","","","","","","","","true"
"RXTK326","TK326","Tonkita Laundry Brush W/ White Bristles & Red Handle    12/Cs","","","Institutional Supplies : Cleaning Supplies","","8.76","","","","","","","","","","true"
"RXTK424","TK424","Tonkita Multi-Coloured Duster 12/Cs","","","Institutional Supplies : Cleaning Supplies","","20.43","","","","","","","","","","true"
"RXTK430","TK430","Tonkita Dust Trapper Starter Kit + 10 Refills  6/Cs","","","Institutional Supplies : Cleaning Supplies","","10.2","","","","","","","","","","true"
"RXTK430R","TK430R","Tonkita Dust Trapper Refills 10/Cs","","","Institutional Supplies : Cleaning Supplies","","9.53","","","","","","","","","","true"
"RXTK45","TK45","Tonkita Plastic Clothes Pegs 20/Pk    20-Pks/Cs","","","Institutional Supplies : Cleaning Supplies","","10.85","","","","","","","","","","true"
"RXTK518","TK518","Tonkita Red & Black Lobby Dust Pan With Lid     6/Cs","","","Institutional Supplies : Cleaning Supplies","","21.66","","","","","","","","","","true"
"RXTK60370","TK60370","Tonkita Washing Bag 12/Cs","","","Institutional Supplies : Cleaning Supplies","","8.09","","","","","","","","","","true"
"RXTK6256","TK6256","Tonkita Dual Indoor Grey Broom Head    6/Cs","","","Institutional Supplies : Cleaning Supplies","","7.45","","","","","","","","","","true"
"RXTK63668R","TK63668R","Tonkita Cotton Mop With Plastic Screw Head  16/Cs","","","Institutional Supplies : Cleaning Supplies","","13.25","","","","","","","","","","true"
"RXTK650","TK650","Tonkita Magnum Scrubbing Brush   6/Cs","","","Institutional Supplies : Cleaning Supplies","","7.14","","","","","","","","","","true"
"RXTK650M","TK650M","Tonkita Magnum Scrubbing Brush W/Adj Steel Handle  6/Cs","","","Institutional Supplies : Cleaning Supplies","","15.53","","","","","","","","","","true"
"RXTK672","TK672","Tonkita Ecologica Outdoor Broom Head       6/Cs","","","Institutional Supplies : Cleaning Supplies","","8.52","","","","","","","","","","true"
"RXTK675R","TK675R","Tonkita Eco Mopy Floor Mop Head - Natural        16/Cs","","","Institutional Supplies : Cleaning Supplies","","20.94","","","","","","","","","","true"
"RXTK676","TK676","Tonkita 13Litre Green Eco Oval Mop Bucket W/ Squeezer  6/Cs","","","Institutional Supplies : Cleaning Supplies","","12.35","","","","","","","","","","true"
"RXTK677","TK677","Tonkita Green Large Dust Pan & Brush Set   12/Cs","","","Institutional Supplies : Cleaning Supplies","","9.6","","","","","","","","","","true"
"RXTK679","TK679","Tonkita Green Eco Dish Brush 12/Cs","","","Institutional Supplies : Cleaning Supplies","","6.61","","","","","","","","","","true"
"RXTK683","TK683","Tonkita Green Lobby Dustpan & Handbroom Set  6/Cs","","","Institutional Supplies : Cleaning Supplies","","13.82","","","","","","","","","","true"
"RXTK688","TK688","Tonkita Toilet Brush & Holder Set - Assorted Colours  12/Cs","","","Institutional Supplies : Cleaning Supplies","","13.01","","","","","","","","","","true"
"RXTK840","TK840","Tonkita Saggina Extra Corn Broom Head  6/Cs","","","Institutional Supplies : Cleaning Supplies","","17.86","","","","","","","","","","true"
"RXTK855","TK855","Tonkita 22"" Rubber Floor Squeegee (55Cm)   12/Cs","","","Institutional Supplies : Cleaning Supplies","","17.4","","","","","","","","","","true"
"RYPDA2442","DA2442","Royal 24 X 42 White Poly Aprons 100/Bx   10-Bxs/Cs","","","Institutional Supplies : Personal Protection","","43.44","","","","","","","","","","true"
"RYPES1000N","ES1000N","Envirolines Kraft Hot Cup Sleeve / Jacket 100/Pk 10Pk/Cs","","","Disposables","","29.78","","","","","","","","","","true"
"RYPHCL-1220","HCL-1220","Royal 10oz - 200Z Fiber Sip Thru Lids  50/Pk 20Pks/Cs","","","Disposables : Cups, Plates, Cutlery","","30.24","","","","","","","","","","true"
"RYPR798E","R798","Royal 3.5"" Bamboo Knot Picks 100/Pk   10 Pks/Cs","","","Disposables","","24.59","","","","","","","","","","true"
"RYPR800","R800","Royal 6"" Bamboo Paddle Picks 100/Pk   10 Pks/Cs","","","Disposables","","31.79","","","","","","","","","","true"
"RYPR801","R801","Royal 3.5"" Bamboo Paddle Picks 100/Pk   10 Pks/Cs","","","Disposables","","15.12","","","","","","","","","","true"
"RYPR805E","R805","Royal 4.5"" Bamboo Knot Picks 100/Pk    10 Pks/Cs","","","Disposables","","26.88","","","","","","","","","","true"
"RYPR809","R809","Royal 9"" Bamboo Chopsticks In Sleeve 100/Box 10-Boxes/Cs","","","Disposables","","46.13","","","","","","","","","","true"
"RYPR809TW","R809TW","Royal 9"" Twin Bamboo Chopstick In Sleeve 100/Box  10Boxes/Cs","","","Disposables","","32.34","","","","","","","","","","true"
"RYPR810","R810","Royal 5.5"" Wooden Stirrer 1000/Box  10 Box/Cs","","","Disposables","","26.88","","","","","","","","","","true"
"RYPR811B-R","R811B-R","Royal 3"" Red Frill Toothpicks 1000/Box  10-Bxs/Cs","","","Disposables","","52.33","","","","","","","","","","true"
"RYPR812B","R812B","Royal 4.5"" Frill Toothpicks 1000/Box  10-Boxs/Cs","","","Disposables","","19.6","","","","","","","","","","true"
"RYPR813","R813","Royal 10"" Bamboo Skewers 100/Pk 10-Pks/Box 12-Bxs/Cs","","","Disposables","","95.3","","","","","","","","","","true"
"RYPR820","R820","Royal Round Toothpicks 800/Pk  24-Pks/Box  5-Bxs/Cs","","","Disposables","","105.33","","","","","","","","","","true"
"RYPR824","R824","Royal 12"" Bamboo Skewers 100/Pk 8-Pks/Box 12-Bxs/Cs","","","Disposables","","89.32","","","","","","","","","","true"
"RYPR832","R832","Royal 3.5"" Wooden Taster Spoon 100/Pk  10-Pks/Box  10-Boxs/Cs","","","Disposables","","78.75","","","","","","","","","","true"
"RYPRCH10","RCH10","Royal 10"" White Pleated Chef Hat With Comfort Band  24/Cs","","","Institutional Supplies : Personal Protection","","31.86","","","","","","","","","","true"
"RYPRF1MB","RF1MB","Royal Moist Towelette - Lemon 1000/Cs","","","Disposables","","21.09","","","","","","","","","","true"
"RYPRHM1","RHM1","Royal Water Glass Bag 1000/Pk  10 Pks/Cs","","","Disposables","","14.8","","","","","","","","","","true"
"RYPRHM2","RHM2","Royal Printed Sani Paper Bag 1000/Cs","","","Disposables","","21.61","","","","","","","","","","true"
"RYPRP144","RP144","Royal Cocktail Parasol Picks 144/Bx   50-Bxs/Cs","","","Disposables","","210.33","","","","","","","","","","true"
"RYPRP147","RP147","Royal Plastic Sword Picks 1000/Box  10-Boxes/Cs","","","Disposables","","67.6","","","","","","","","","","true"
"RYPRPH144HDB","RPH144HDBK","Royal 20"" Heavy Weight Hairnet - Black 144/Bx  10-Bxs/Cs","","","Institutional Supplies : Personal Protection","","273.13","","","","","","","","","","true"
"RYPRPH144TB","RPH144LTBK","Royal 24"" Light Weight Hairnet - Black 144/Bx   20-Bxs/Cs","","","Institutional Supplies : Personal Protection","","247.21","","","","","","","","","","true"
"RYPRS775","S775","Royal Stainless Steel 50g Sponge 12/Pk   12Pks/Cs","","","Institutional Supplies : Cleaning Supplies","","112.47","","","","","","","","","","true"
"RYPTRAY-17S","TRAY-17S-NPFA","17S Tan Fiber Tray (8.3X4.5X0.6) 125/Pk 4 Pks/Cs","","","Disposables","","78.93","","","","","","","","","","true"
"RYPTRAY-2S","TRAY-2S-NPFA","2S Tan Fiber Tray (8X5.75X0.6) 125/Pk 4 Pks/Cs","","","Disposables","","70.64","","","","","","","","","","true"
"SCOST2795","2795","2 Cup Kraft Drink Carrier With Handle  250/Cs","","","Disposables","","39.8","","","","","","","","","","true"
"SCOST525","525","(0525) #300 3lb Kraft Eco Tray (7 X 4.9 X 2.1) 500/Cs","","","Disposables","","16.63","","","","","","","","","","true"
"SCOST529","529","(0529) #500 5lb Kraft Eco Tray (8.7 X 5.5 X 2.3) 500/Cs","","","Disposables","","22.1","","","","","","","","","","true"
"SCOST7196","ST7196","Printed Pizza Slice Clamshell ( 9.25 X 9 X 1 11/16 ) 400/Cs","","","Disposables","","79.12","","","","","","","","","","true"
"SCT0117","117","4 Cup Fibre Drink Carrier 300/Cs","","","Disposables","","38.41","","","","","","","","","","true"
"SCT0409","409","#50 1/2 lb Red Check Food Tray (4.58 X 3.2 X 1.25) 250/Pk 4Pks/Cs","","","Disposables","","19.73","","","","","","","","","","true"
"SCT0417","417","#200 2lb Red Check Food Trays (5.8 X 3.9 X 1.5) 250/Pk  4/Cs","","","Disposables","","30.94","","","","","","","","","","true"
"SCT0425","425","#300 3lb Red Check Food Trays (7 X 4.9 X 2.1) 250/Pk 2Pks/Cs","","","Disposables","","23.2","","","","","","","","","","true"
"SCT0429","429","#500 5lb Red Check Food Trays (8.7 X 5.5 X 2.3)250/Pk 2Pk/Cs","","","Disposables","","27.26","","","","","","","","","","true"
"SCT07091","7091","Red Check Hot Dog Tray ( 7 X 2.75 X 1.5 ) 1000/Cs","","","Disposables","","30.66","","","","","","","","","","true"
"SCT0904","904","White Bakery / Cake Box ( 5.5 X 2.75 X 4) 250/Cs","","","Disposables","","22.66","","","","","","","","","","true"
"SCT0911","911","White Bakery / Cake Box ( 6.25 X 3.75 X 2 1/8 ) 250/Cs","","","Disposables","","25.02","","","","","","","","","","true"
"SCT0924","924","White Bakery / Cake Box ( 8 X 4 X 4 ) 250/Cs","","","Disposables","","34","","","","","","","","","","true"
"SCT0925","925","White Bakery / Cake Box ( 8 X 5 X 3 ) 250/Cs","","","Disposables","","40.51","","","","","","","","","","true"
"SCT0929","929","White Bakery / Cake Box ( 8 X 5.5 X 4 ) 250/Cs","","","Disposables","","54.36","","","","","","","","","","true"
"SCT0933K","0933K","Kraft Bakery / Cake Box ( 8 X 8 X 2.5 ) 250/Cs","","","Disposables","","35.85","","","","","","","","","","true"
"SCT09455","9455","White Bakery / Cake Box With Tuck Top ( 8 X 8 X 5 )  100/Cs","","","Disposables","","25.56","","","","","","","","","","true"
"SCT0969","969","White Bakery / Cake Box ( 10 X 10 X 2.5 ) 250/Cs","","","Disposables","","50.82","","","","","","","","","","true"
"SCT0973","1037","White Cake Box With Tuck Top ( 10 X 10 X 4 ) 100/Cs","","","Disposables","","35.12","","","","","","","","","","true"
"SCT0977","977","White Bakery / Cake Box ( 10 X 10 X 5.5 )  100/Cs","","","Disposables","","47.28","","","","","","","","","","true"
"SCT0987","987","White Bakery / Cake Box ( 12 X 12 X 5 ) 100/Cs","","","Disposables","","54.81","","","","","","","","","","true"
"SCT0989","989","White Cake Box ( 12 X 12 X 6 )  50/Bale","","","Disposables","","29.05","","","","","","","","","","true"
"SCT0991","991","White Cake Box ( 14 X 14 X 5 )  50/Bale","","","Disposables","","31.84","","","","","","","","","","true"
"SCT0993","993","White Cake Box ( 14 X 14 X 6 )  50/Bale","","","Disposables","","44.32","","","","","","","","","","true"
"SCT0995","995","White Cake Box ( 16 X 16 X 5 )  50/Bale","","","Disposables","","36.93","","","","","","","","","","true"
"SCT10002","10002","1 Count Jumbo Cupcake Insert ( 4 3/8 X 4 3/8 X 5/8 ) 200/Cs","","","Disposables","","9.3","","","","","","","","","","true"
"SCT10003","10003","1 Count Cupcake Insert ( 4 3/8 X 4 3/8 X 7/8 ) 200/Cs","","","Disposables","","10.05","","","","","","","","","","true"
"SCT10004","10004","2 Count Cupcake Insert ( 7 7/8 X 3 7/8 X 7/8 ) 200/Cs","","","Disposables","","13.28","","","","","","","","","","true"
"SCT10007","10007","4 Count Cupcake Insert ( 7 7/8 X 7 7/8 X 7/8 ) 200/Cs","","","Disposables","","19.45","","","","","","","","","","true"
"SCT10013","10013","6 Count Cupcake Insert ( 9 1/8 X 9 7/8 X 7/8 ) 200/Cs","","","Disposables","","22.43","","","","","","","","","","true"
"SCT10016","10016","12 Count Cupcake Insert (13 7/8 X 9 7/8 X 7/8)  200/Cs","","","Disposables","","30.39","","","","","","","","","","true"
"SCT10018","10018","12 Count Mini Cupcake Insert ( 8 7/8 X 8 7/8 X 0.75) 200/Cs","","","Disposables","","23.17","","","","","","","","","","true"
"SCT1005","1005","White Cake Box ( 14.5 X 10.5 X 5 ) 100/Bale","","","Disposables","","56.36","","","","","","","","","","true"
"SCT1010","1010","6 Count Cupcake Insert ( 8 7/8 X 6 7/8 X 3/4 ) 200/Cs","","","Disposables","","13.63","","","","","","","","","","true"
"SCT1013","1013","White Cake Box ( 18.5 X 14.5 X 5  )   50/Cs","","","Disposables","","45.55","","","","","","","","","","true"
"SCT1037","1037","White Donut Box ( 2 Dozen ) ( 16 X 11 X 3.5 ) 200/Cs","","","Disposables","","53.85","","","","","","","","","","true"
"SCT11203","11203","6"" Grease Proof Corrugat. Cake Circle - Bright White  100/Cs","","","Disposables","","9.31","","","","","","","","","","true"
"SCT11205","11205","7"" Grease Proof Corrugat. Cake Circle - Bright White 100/Cs","","","Disposables","","12.41","","","","","","","","","","true"
"SCT11209","11209","8"" Grease Proof Corrugat. Cake Circle - Bright White 100/Cs","","","Disposables","","9.02","","","","","","","","","","true"
"SCT11213","11213","9"" Grease Proof Corrugat. Cake Circle - Bright White 100/Cs","","","Disposables","","10.8","","","","","","","","","","true"
"SCT11217","11217","10"" Grease Proof Corrugat Cake Circle - Bright White 100/Cs","","","Disposables","","28.03","","","","","","","","","","true"
"SCT11221","11221","12"" Grease Proof Corrugat Cake Circle - Bright White 100/Cs","","","Disposables","","18.81","","","","","","","","","","true"
"SCT11309","11309","8"" Mottled Cake Circle - White 100/Cs","","","Disposables","","12.13","","","","","","","","","","true"
"SCT11313","11313","9"" Mottled Cake Circle - White 100/Cs","","","Disposables","","11.09","","","","","","","","","","true"
"SCT11449","11449","Grease Proof Single Wall Cake Board - White (14 X 10) 50/Cs","","","Disposables","","21.95","","","","","","","","","","true"
"SCT11453","11453","Grease Proof Single Wall Cake Board - White (19 X 14) 50/Cs","","","Disposables","","19.79","","","","","","","","","","true"
"SCT1409E","1409","White Pizza Box ( 10 X 10 X 1.5 ) 100/Cs","","","Disposables","","16.2","","","","","","","","","","true"
"SCT1509","1509","White Bakery / Cake Box ( 6 X 6 X 4 ) 250/Cs","","","Disposables","","35.92","","","","","","","","","","true"
"SCT1541","1541","White Bakery / Cake Box ( 8 X 8 X 4 ) 250/Cs","","","Disposables","","58.24","","","","","","","","","","true"
"SCT1579","1579","White Bakery / Cake Box ( 10 X 10 X 6 )  100/Bale","","","Disposables","","37.61","","","","","","","","","","true"
"SCT1601","1601","6"" Corrugated Cake Circle - Gold   200/Cs","","","Disposables","","14.22","","","","","","","","","","true"
"SCT1605","1605","8"" Corrugated Cake Circle - Gold 200/Cs","","","Disposables","","28.98","","","","","","","","","","true"
"SCT1610","1610","9"" Corrugated Cake Circle - Gold  200/Cs","","","Disposables","","34.96","","","","","","","","","","true"
"SCT1615","1615","10"" Corrugated Cake Circle - Gold  200/Cs","","","Disposables","","47.54","","","","","","","","","","true"
"SCT1620","1620","12"" Corrugated Cake Circle - Gold  100/Cs","","","Disposables","","36.02","","","","","","","","","","true"
"SCT1625","1625","14"" Corrugated Cake Circle - Gold   100/Cs","","","Disposables","","41.23","","","","","","","","","","true"
"SCT1645","1645","Corrugated Single Wall Cake Board - Gold (14 X 10) 100/Cs","","","Disposables","","29.99","","","","","","","","","","true"
"SCT1660","1660","Corrugated Double Wall Cake Board - Gold ( 14 X 10 ) 50/Cs","","","Disposables","","22.78","","","","","","","","","","true"
"SCT1665","1665","Corrugated Double Wall Cake Board - Gold ( 19 X 14 ) 25/Cs","","","Disposables","","14.33","","","","","","","","","","true"
"SCT1925","1925","White Bakery / Cake Box ( 14 X 10 X 4 ) 100/Cs","","","Disposables","","25.62","","","","","","","","","","true"
"SCT1929","1929","White Bakery / Cake Box ( 19 X 14 X 4 )   50/Cs","","","Disposables","","22.31","","","","","","","","","","true"
"SCT23053","23053","White Window Bakery / Cake Box ( 10 X 10 X 5 ) 150/Cs","","","Disposables","","76.87","","","","","","","","","","true"
"SCT23053K","23053K","Kraft Window Bakery / Cake Box ( 10 X 10 X 5 ) 150/Cs","","","Disposables","","68.51","","","","","","","","","","true"
"SCT23073","23073","White Window Bakery / Cake Box ( 12 X 12 X 5 )  100/Cs","","","Disposables","","75.01","","","","","","","","","","true"
"SCT23093","23093","White Window Bakery / Cake Box Tuck Top ( 14 X 10 X 4 )100/Cs","","","Disposables","","53.03","","","","","","","","","","true"
"SCT23103","23103","White Window Cake / Bakery Box ( 14 X 10 X 6.5 ) 100/Cs","","","Disposables","","84.02","","","","","","","","","","true"
"SCT23133","23133","White Window Cake / Bakery Box ( 19 X 14 X 4 )  50/Cs","","","Disposables","","43.56","","","","","","","","","","true"
"SCT23133K","23133K","Kraft Window Cake / Bakery Box ( 19 X 14 X 4 )  50/Cs","","","Disposables","","40.5","","","","","","","","","","true"
"SCT2350","2350","White Window Cookie / Pizza Box ( 14 X 14 X 1.75 ) 100/Cs","","","Disposables","","60.84","","","","","","","","","","true"
"SCT24003","24003","White Window Bakery Box ( 8 X 5.75 X 2.5 )  200/Cs","","","Disposables","","46.42","","","","","","","","","","true"
"SCT24013","24013","White Window Bakery Box ( 8 X 8 X 2.5 )  200/Cs","","","Disposables","","54.6","","","","","","","","","","true"
"SCT24013K","24013K","Kraft Window Bakery Box ( 8 X 8 X 2.5 )  200/Cs","","","Disposables","","49.77","","","","","","","","","","true"
"SCT24023","24023","White Window Bakery Box ( 6 X 6 X 3 )  200/Cs","","","Disposables","","44.8","","","","","","","","","","true"
"SCT24033","24033","White Window Bakery Box ( 4.5 X 4.5 X 4.5 )   200/Cs","","","Disposables","","54.11","","","","","","","","","","true"
"SCT24053","24053","White Window Bakery Box ( 8 X 8 X 4 ) 150/Cs","","","Disposables","","69.78","","","","","","","","","","true"
"SCT24053K","24053K","Kraft Window Bakery Box ( 8 X 8 X 4 )  150/Cs","","","Disposables","","71.79","","","","","","","","","","true"
"SCT24103","24103","Kraft Window Sandwich Wedge ( 2.5 X 4.75 X 4.75 ) 300/Cs","","","Disposables","","48.04","","","","","","","","","","true"
"SCT24133","24133","White Window Bakery Box ( 9 X 9 X 2.5 )  200/Cs","","","Disposables","","62.4","","","","","","","","","","true"
"SCT24213","24213","White Window Cake Box ( 9 X 9 X 5 ) 100/Cs","","","Disposables","","77.46","","","","","","","","","","true"
"SCT24223","24223","White Window Cake / Bakery Box ( 10.25 X 8 X 4 ) 200/Cs","","","Disposables","","98.83","","","","","","","","","","true"
"SCT24233","24233","White Window Cake / Bakery Box ( 10 X 10 X 2.5 )  200/Cs","","","Disposables","","64.89","","","","","","","","","","true"
"SCT24243","24243","White Window Bakery Box ( 12.5 X 5.5 X 2.25 )  200/Cs","","","Disposables","","65.67","","","","","","","","","","true"
"SCT24263","24263","White Window Cake / Bakery Box Overlap ( 14 X 10 X 4 ) 100/Cs","","","Disposables","","64.83","","","","","","","","","","true"
"SCT24263K","24263K","Kraft Window Cake / Bakery Box Overlap ( 14 X 10 X 4 ) 100/Cs","","","Disposables","","64.73","","","","","","","","","","true"
"SCT24293","24293","White Window Cake / Bakery Box ( 9 X 9 X 4 ) 150/Cs","","","Disposables","","69.11","","","","","","","","","","true"
"SCT24293K","24293K","Kraft Window Cake / Bakery Box ( 9 X 9 X 4 )   150/Cs","","","Disposables","","52.41","","","","","","","","","","true"
"SCT24303","24303","White Window Donut Box ( 9 X 4 X 3.5 )  200/Cs","","","Disposables","","50.09","","","","","","","","","","true"
"SCT24313","24313","White Window Bakery Box ( 9 X 7 X 3.5 )  200/Cs","","","Disposables","","68.37","","","","","","","","","","true"
"SCT24323","24323","White Window Donut Box ( 18 X 4 X 3.5 )   200/Cs","","","Disposables","","114.8","","","","","","","","","","true"
"SCT24343","24343","White Window Bakery Box ( 12 X 8 X 2.25 ) 200/Cs","","","Disposables","","63.24","","","","","","","","","","true"
"SCT24543","24543","White Window Bakery Box ( 16 X 12 X 2.25 ) 100/Cs","","","Disposables","","58.17","","","","","","","","","","true"
"SCT2707","2707","White Carry Out Barn Box With Handle ( 9.5 X 5 X 5 ) 125/Cs","","","Disposables","","40.39","","","","","","","","","","true"
"SCT2717","ST2717","White Snack Box ( 7 X 4.5 X 2.75 )   500/Cs","","","Disposables","","63.54","","","","","","","","","","true"
"SCT2797","2797","4 Cup Kraft Drink Carrier With Handle  250/Cs","","","Disposables","","45.16","","","","","","","","","","true"
"SEF24CRN-25","F24CRN-25","25lb Jimmies Bulk Sprinkles - Rainbow","","","Food Products","","45.9","","","","","","","","","","true"
"SEF26MS-25","F26MD-25","Medium Coconut Flakes - 25lb","","","Food Products","","58","","","","","","","","","","true"
"SEF3-05","F3-05","Dutch Baking Cocoa - 5lb ( 10/12% )","","","Food Products","","31","","","","","","","","","","true"
"SEF32G-30","F32G-30","Ground Cinnamon - 5lb 6/Cs","","","Food Products","","125.71","","","","","","","","","","true"
"SEF36IW-50","F36IW-50","White Hulled Sesame Seeds - 50 lb","","","Food Products : Peas/Beans : Bulk","","59.85","","","","","","","","","","true"
"SEF39C-50","F39C-50","Poppy Seeds - 50lb","","","Food Products : Peas/Beans : Bulk","","73.9","","","","","","","","","","true"
"SEF42","F42","Brown Flax Seeds ( Linseed ) - 50lb","","","Food Products : Peas/Beans : Bulk","","27.06","","","","","","","","","","true"
"SEFA-BF-25","FA-BF-25","Blanched Almond Flour - 25lb","","","Food Products : Flour","","103.26","","","","","","","","","","true"
"SEFC-70963-","FC-70963-05","Semi Sweet Chocolate Chips - 5lb/80oz","","","Food Products","","29.6","","","","","","","","","","true"
"SFCP436","CP436","2-Ply Center Pull Paper Towel 6 Rolls/Case","","","Tissue Products : Institutional Paper","","20","","","","","","","","","","true"
"SFCP65002","CP65002","2-Ply Center Pull Paper Towel 6 Rolls/Case","","","Tissue Products : Institutional Paper","","21.05","","","","","","","","","","true"
"SFCP9000E","CP9000ELITE","Decorated Center Pull Paper Towel    6-Rolls/Case","","","Tissue Products : Institutional Paper","","20.75","","","","","","","","","","true"
"SFFT10030","FT10030","Elite Facial Tissues - Flat  100/Box 30-Boxes/Cs","","","Tissue Products : Household","","14.25","","","","","","","","","","true"
"SFFT8536","FT8536","Elite Facial Tissues - Cube  85/Box 36-Boxes/Cs","","","Tissue Products : Household","","16.85","","","","","","","","","","true"
"SFJRT427013","JRT427013STC","8.5"" Decorated Jrt Tissue 12-Rolls/Cs","","","Tissue Products : Institutional Paper","","18.5","","","","","","","","","","true"
"SFLWSS44","WSS44","White Hulled Sesame Seeds - 44 lb","","","Food Products : Peas/Beans : Bulk","","42.6","","","","","","","","","","true"
"SFMT212COMFO","MT212COMFORT","Comfort 212 White Multifold Towel  250/Pk  16-Pks/Cs","","","Tissue Products : Institutional Paper","","19","","","","","","","","","","true"
"SFTW6000","TW6000DOT","600' White Hardwound Roll Towel   12-Rolls/Cs","","","Tissue Products : Institutional Paper","","34","","","","","","","","","","true"
"SFTW9000E","TW9000ELITE","800' White Hardwound Roll Towel   6 Rolls/Cs","","","Tissue Products : Institutional Paper","","25.3","","","","","","","","","","true"
"SFUCTAD6507","UC32.85TAD6507","Excellence Tad Towel (1.7) 6-Rolls/Cs","","","Tissue Products : Institutional Paper","","31","","","","","","","","","","true"
"SJSCD30LFT","SCDG30LFT","San Jamar Legal For Trade 30lb Lcd Platform Scale","","","Equipment","","278.55","","","","","","","","","","true"
"SJSCDG264","SCDG264","Industrial Digital Platform Scale With Remote Display","","","Equipment","","113.22","","","","","","","","","","true"
"SJSCDG33BK","SCDG33BK","San Jamar Square Professional 33lb Digital Platform Scale","","","Equipment","","92.54","","","","","","","","","","true"
"SJSCDGM66","SCDGM66","San Jamar M-Series Digital 66lb Multi Functional Scale","","","Equipment","","97.26","","","","","","","","","","true"
"SJSN30TBL","SN30TBL","San Jamar 30oz Blue Dispenser ( Liquid, Lotion )","","","Institutional Supplies : Cleaning Supplies","","27.94","","","","","","","","","","true"
"SJT1790TBK","T1790TBK","San Jamar Large Multifold Dispenser - Black","","","Institutional Supplies : Cleaning Supplies","","24.86","","","","","","","","","","true"
"SJT420TBK","T420TBK","San Jamar Center Pull Paper Towel Dispenser - Black","","","Institutional Supplies : Cleaning Supplies","","28.09","","","","","","","","","","true"
"SJT7490TBK","T7490TBK","San Jamar Hardwound Mechanical Paper Towel Dispenser - Black","","","Institutional Supplies : Cleaning Supplies","","50","","","","","","","","","","true"
"SJT8490TBK","T8490TBK","San Jamar Hardwound Electronic Paper Towel Dispenser - Black","","","Institutional Supplies : Cleaning Supplies","","94.16","","","","","","","","","","true"
"SK131312","200202738","White Carton Box ( 13 X 13 X 12.75 ) 25/Bale","","","Disposables","","0.88","","","","","","","","","","true"
"SK15107","200101025","Brown Carton Box ( 24 X 375ml Bottles ) 25/Bale","","","Disposables","","0.58","","","","","","","","","","true"
"SK16118","200103925","Brown Carton Box ( 16 X 11.7 X 8 )   25/Bale","","","Disposables","","0.58","","","","","","","","","","true"
"SK161212","200101325","Brown Carton Box ( 16 X 12 X 12 ) 25/Bale","","","Disposables","","0.82","","","","","","","","","","true"
"SK181212","200093105","Brown Carton Box ( 18 X 12 X 12 ) 25/Bale","","","Disposables","","0.99","","","","","","","","","","true"
"SK191312","200094495","Brown Carton Box ( 19.75 X 13.25 X 12.25 ) 25/Bale","","","Disposables","","1.25","","","","","","","","","","true"
"SK19145","200096255","White 2 lb Bakery Box ( 19 X 14 X 5 )   25/Bale","","","Disposables","","13.17","","","","","","","","","","true"
"SK200084501","200084501","10"" White Corrugated Pizza Box 50/Bale","","","Disposables","","19.22","","","","","","","","","","true"
"SK200084502","200084502","14"" White Pizza Box 50/Bale","","","Disposables","","17.15","","","","","","","","","","true"
"SK6700","200102155","( 6700 ) Brown Carton Box ( 15.5 X 13.75 X 8) 25/Bale","","","Disposables","","0.93","","","","","","","","","","true"
"SK6800","200102156","( 6800 ) Brown Carton Box ( 19.75 X 15.25 X 8 ) 25/Bale","","","Disposables","","1.18","","","","","","","","","","true"
"SK6883","200102157","( 6883 ) Brown Carton Box ( 21 X 14.75 X 9 ) 25/Bale","","","Disposables","","1.23","","","","","","","","","","true"
"SKBOX12750","200092457","Brown Carton Box ( 12 X 750ml Bottles ) 25/Bale","","","Disposables","","0.42","","","","","","","","","","true"
"SKBOX24500","200092097","Brown Carton Box ( 24 X 500ml Bottles ) 25/Bale","","","Disposables","","0.73","","","","","","","","","","true"
"SKPIZ13MM","200093095","13"" Mama Mia Printed Pizza Box 50/Bale","","","Disposables","","30.41","","","","","","","","","","true"
"SKPZ10MM","200093085","10"" Mama Mia Printed Pizza Box 50/Bale","","","Disposables","","10.7","","","","","","","","","","true"
"SKPZ16","200083815","16"" Printed Pizza Box 50/Bale","","","Disposables","","26.19","","","","","","","","","","true"
"SKSLP4048","200209860","40 X 48 Slip Sheet","","","Packaging Supplies","","0.9","","","","","","","","","","true"
"SMKING16-2","KING16-2","Kingsford 16lb 2-Pk Charcoal Briquets","","","Equipment : Heating","","19.98","","","","","","","","","","true"
"SPADM100","ET-DM-100","Metric Automatic Donut Machine","","","Equipment : Other Appliances","","1451.5","","","","","","","","","","true"
"SPB2000JE","ET-B2000","Metric Commercial Juicer (120V, 60Hz)","","","Equipment : Other Appliances","","234","","","","","","","","","","true"
"SPCOTCANE","ET-MF01","Metric Electric Cotton Candy Machine 110/60","","","Equipment : Other Appliances","","91","","","","","","","","","","true"
"SPPOT8","ET-POPPOT","Metric Non Stick Pot For 8oz Popcorn Machine ( POP6RM )","","","Equipment : Parts","","23","","","","","","","","","","true"
"SS68241","68241","Health Guard 1000ml Ez Foam Sanitizer ( No Alcohol ) 6/Cs","","","Institutional Supplies : Cleaning Supplies","","48.89","","","","","","","","","","true"
"SS68641","68641","Ez Foam Luxury Hand Soap Dye & Fragrance Free  6 X 1000ml","","","Institutional Supplies : Cleaning Supplies","","39.35","","","","","","","","","","true"
"SS71041","71041","Ez Foam Instant Hand Sanitizer ( 70% Alcohol )  6 X 1000ml","","","Institutional Supplies : Cleaning Supplies","","61.5","","","","","","","","","","true"
"SS7941","7941","Ez Moisturizing Body Wash & Shampoo Trop Lime 6/1000ml","","","Institutional Supplies : Cleaning Supplies","","32.5","","","","","","","","","","true"
"SSCL826","CL826","Claire 20oz Gel Grill & Oven Cleaner 12/Cs","","","Institutional Supplies : Cleaning Supplies","","45.05","","","","","","","","","","true"
"SSSS001BK31","SS001BK31","Kutol Manual Soap Dispenser Blk-Blk Trim & Push Pad   6/Cs","","","Institutional Supplies : Cleaning Supplies","","0.25","","","","","","","","","","true"
"SSSS001BK34","SS001BK34","Kutol Manual Soap Dispenser Blk-Chrome Trim&Push Pad  6/Cs","","","Institutional Supplies : Cleaning Supplies","","3.25","","","","","","","","","","true"
"SSSS001GR32","SS001GR32","Kutol Manual Soap Dispenser Gry-Gry Trim & Push Pad   6/Cs","","","Institutional Supplies : Cleaning Supplies","","0.25","","","","","","","","","","true"
"SSSS001WH32","SS001WH32","Kutol Manual Soap Dispenser Wht-Gry Trim & Push Pad   6/Cs","","","Institutional Supplies : Cleaning Supplies","","0.25","","","","","","","","","","true"
"ST3550B","3550B-5","Sanitisu 9"" Twin Jrt Toilet Tissue Dispenser - Black","","","Institutional Supplies : Cleaning Supplies","","15.79","","","","","","","","","","true"
"ST4100B","4100B-2","Sanitisu Center Pull Paper Towel Dispenser - Black","","","Institutional Supplies : Cleaning Supplies","","29.48","","","","","","","","","","true"
"STPET45","PET45","PET Rice - 4.5 kg","","","Food Products : Rice : Packaged","","0","","","","","","","","","","true"
"STPET9","PET9","PET Rice - 9 kg","","","Food Products : Rice : Packaged","","0","","","","","","","","","","true"
"SU1/6BBLKB","1/6BBLKB","1/6 Barrel Brown Paper Bag ( 12 X 17 X 7 )  500/Bale","","","Disposables : Bags : Paper","","40.2","","","","","","","","","","true"
"SUTP.GGS.22","TP.GGS.22","19 X 22 Light Green Printed Handle Bag 100/Pk 7Pks/Cs","","","Disposables : Bags : Plastic","","17","","","","","","","","","","true"
"SYR831266","831266","Kwiki 53"" Aluminum Mop Handle - Blue  10/Pk","","","Institutional Supplies : Cleaning Supplies","","4.36","","","","","","","","","","true"
"SYR841102","841102","Kwiki 53"" Aluminum Mop Handle - Yellow 10/Pk","","","Institutional Supplies : Cleaning Supplies","","4.36","","","","","","","","","","true"
"SYR841103","841103","Kwiki 53"" Aluminum Mop Handle - Green  10/Pk","","","Institutional Supplies : Cleaning Supplies","","4.36","","","","","","","","","","true"
"SYR920035","920035","Syr 9"" Deck Scrubber - Blue 5/Pk","","","Institutional Supplies : Cleaning Supplies","","4.59","","","","","","","","","","true"
"SYR920043","920043","54"" Heavy Duty Interchange Freedom Handle - Yellow 10/Pk","","","Institutional Supplies : Cleaning Supplies","","3.52","","","","","","","","","","true"
"SYR920044","920044","54"" Heavy Duty Interchange Freedom Handle - Red 10/Pk","","","Institutional Supplies : Cleaning Supplies","","3.52","","","","","","","","","","true"
"SYR920045","920045","54"" Heavy Duty Interchange Freedom Handle - Blue 10/Pk","","","Institutional Supplies : Cleaning Supplies","","3.52","","","","","","","","","","true"
"SYR920046","920046","54"" Heavy Duty Interchange Freedom Handle - Green 10/Pk","","","Institutional Supplies : Cleaning Supplies","","3.52","","","","","","","","","","true"
"SYR920047","920047","54"" Heavy Duty Interchange Freedom Handle - Black 10/Pk","","","Institutional Supplies : Cleaning Supplies","","3.52","","","","","","","","","","true"
"SYR920137","920137","Syrtex 8oz Looped End Yarn Mop - Green 20/Cs","","","Institutional Supplies : Cleaning Supplies","","2.19","","","","","","","","","","true"
"SYR920139","920139","Syrtex 8oz Looped End Yarn Mop - Blue 20/Cs","","","Institutional Supplies : Cleaning Supplies","","2.19","","","","","","","","","","true"
"SYR940164-FL","940164-FLGD","Interchange Angle Broom Head W/ Flagged Red Bristles 5/Pk","","","Institutional Supplies : Cleaning Supplies","","3.06","","","","","","","","","","true"
"SYR940165-FL","940165-FLGD","Interchange Angle Broom Head W/ Flagged Blue Bristles 5/Pk","","","Institutional Supplies : Cleaning Supplies","","2.85","","","","","","","","","","true"
"SYR940166-FL","940166-FLGD","Interchange Angle Broom Head W/Flagged Yellow Bristle 5/Pk","","","Institutional Supplies : Cleaning Supplies","","3.06","","","","","","","","","","true"
"SYR940899","940899","Syrtex 16oz Looped End Yarn Mop - Red 10/Cs","","","Institutional Supplies : Cleaning Supplies","","4.74","","","","","","","","","","true"
"SYR940903","940903","Syrtex 16oz Looped End Yarn Mop - Blue 10/Cs","","","Institutional Supplies : Cleaning Supplies","","4.86","","","","","","","","","","true"
"SYR940907","940907","Syrtex 16oz Looped End Yarn Mop - Yellow 10/Cs","","","Institutional Supplies : Cleaning Supplies","","4.86","","","","","","","","","","true"
"SYR940911","940911","Syrtex 16oz Looped End Yarn Mop - Green 10/Cs","","","Institutional Supplies : Cleaning Supplies","","4.74","","","","","","","","","","true"
"SYR950897","950897","Bulldog 6L Mop Bucket With Wringer - Green 5/Cs","","","Institutional Supplies : Cleaning Supplies","","5.78","","","","","","","","","","true"
"SYR950898","950898","Bulldog 6L Mop Bucket With Wringer - Yellow 5/Cs","","","Institutional Supplies : Cleaning Supplies","","5.93","","","","","","","","","","true"
"SYR990040","990040","16oz White Cotton Looped End Mop With Yellow Band 10/Cs","","","Institutional Supplies : Cleaning Supplies","","2.4","","","","","","","","","","true"
"SYR990041","990041","16oz White Cotton Looped End Mop With Blue Band 10/Cs","","","Institutional Supplies : Cleaning Supplies","","2.46","","","","","","","","","","true"
"SYR990042","990042","16oz White Cotton Looped End Mop With Green Band 10/Cs","","","Institutional Supplies : Cleaning Supplies","","2.4","","","","","","","","","","true"
"SYR990749","990749","Cobweb Static Duster Head - Blue","","","Institutional Supplies : Cleaning Supplies","","2.78","","","","","","","","","","true"
"SYR992296","992296","Syr 20"" Large Heavy Duty Soft Broom - Blue 5/Pk","","","Institutional Supplies : Cleaning Supplies","","9.58","","","","","","","","","","true"
"SYR992304","992304","Syr 20"" Large Heavy Duty Hard Broom - Blue 5/Pk","","","Institutional Supplies : Cleaning Supplies","","9.58","","","","","","","","","","true"
"SYR992665","992665","Multi Sectioned Utility Caddy - Yellow 12/Cs","","","Institutional Supplies : Cleaning Supplies","","2.33","","","","","","","","","","true"
"SYR992946","992946","13L Mop Bucket With Side Press Wringer - Blue","","","Institutional Supplies : Cleaning Supplies","","31.01","","","","","","","","","","true"
"SYR992948","992948","13L Mop Bucket With Side Press Wringer - Yellolw","","","Institutional Supplies : Cleaning Supplies","","30.43","","","","","","","","","","true"
"SYR993103","993103","16"" Microfibre Flat Mop Pad - Blue 10/Pk","","","Institutional Supplies : Cleaning Supplies","","16.09","","","","","","","","","","true"
"SYR993949","993949","16"" Microfibre Flat Mop - Blue 100/Cs","","","Institutional Supplies : Cleaning Supplies","","1.31","","","","","","","","","","true"
"SYR993951","993951","16"" Microfibre Flat Mop - Yellow 100/Cs","","","Institutional Supplies : Cleaning Supplies","","1.31","","","","","","","","","","true"
"SYR994167","994167","16"" Super Drying Microfibre Mop - Grey/White 100/Cs","","","Institutional Supplies : Cleaning Supplies","","1.98","","","","","","","","","","true"
"SYR994652","994652","Snapper Flat Mop Holder - Blue  20/Cs","","","Institutional Supplies : Cleaning Supplies","","5.37","","","","","","","","","","true"
"SYR994654","994654","Snapper Flatmop Holder - Yellow 20/Cs","","","Institutional Supplies : Cleaning Supplies","","5.37","","","","","","","","","","true"
"SYRS062000","S0620000","Syr 16"" Black Flat Mop Frame (For Microfibre Flat Mops)","","","Institutional Supplies : Cleaning Supplies","","5.33","","","","","","","","","","true"
"SYRX0011000","X0011000","16"" White Short Term Damp Flat Mop - Blue Stripes 10/Pk","","","Institutional Supplies : Cleaning Supplies","","14.1","","","","","","","","","","true"
"SYRX0013000","X0013000","16"" Grey Scrub Strip Flat Mop - Blue Stripes 10/Pk","","","Institutional Supplies : Cleaning Supplies","","29.14","","","","","","","","","","true"
"SYRX0039202","X0039202","White 7.5"" Trigger Sprayer For 600ml & 750ml Bottles 50/Cs","","","Institutional Supplies : Cleaning Supplies","","0.32","","","","","","","","","","true"
"SYRX0039291","X0039291","Red 7.5"" Trigger Sprayer For 600ml & 750ml Bottles 50/Cs","","","Institutional Supplies : Cleaning Supplies","","0.32","","","","","","","","","","true"
"SZC9WALLS","CPWALLS","Touch Point Large Wall Dispenser - Smoke","","","Institutional Supplies : Cleaning Supplies","","43","","","","","","","","","","true"
"SZDBWH-21-PL","MB-21-PLEATED","21"" White Pleated Bouffant Cap 100/Pk   10-Pks/Cs","","","Institutional Supplies : Personal Protection","","19.2","","","","","","","","","","true"
"SZDSCL-300MM","M2115-N","Blue Poly Non-Skid Shoe Cover - Large   100/Pk 3-Pks/Cs","","","Institutional Supplies : Personal Protection","","21.9","","","","","","","","","","true"
"SZGDPE-LRG","GDPE-LRG","Foodservice Gloves - Large 100/Pk  10Pks/Bx  10Bxs/Cs","","","Institutional Supplies : Personal Protection","","43","","","","","","","","","","true"
"SZGDPE-MED","GDPE-MED","Foodservice Gloves - Medium 100/Pk  10Pks/Bx  10Bxs/Cs","","","Institutional Supplies : Personal Protection","","40.96","","","","","","","","","","true"
"SZGDPE-XLRG","GDPE-XLRG","Foodservice Gloves - X-Large 100/Pk  10 Pk/Bx  10 Bxs/Cs","","","Institutional Supplies : Personal Protection","","40.96","","","","","","","","","","true"
"SZGDSH-LG-BL","GDSH-LG-BL","Blue Hybrid Micro Powder-Free Gloves Large 100/Box 10Bxs/Cs","","","Institutional Supplies : Personal Protection","","10.43","","","","","","","","","","true"
"SZGDSH-LRG","GDSH-LG","Hybrid Powder-Free Gloves - Large   100/Box  10Bxs/Cs","","","Institutional Supplies : Personal Protection","","10.64","","","","","","","","","","true"
"SZGDSH-MD-BL","GDSH-MD-BL","Blue Hybrid Micro Powder-Free Gloves Medium 100/Box 10Bxs/Cs","","","Institutional Supplies : Personal Protection","","10.43","","","","","","","","","","true"
"SZGDSH-MED","GDSH-MED","Hybrid Powder-Free Gloves - Medium   100/Box  10Bxs/Cs","","","Institutional Supplies : Personal Protection","","9.48","","","","","","","","","","true"
"SZGDSH-SML","GDSH-SML","Hybrid Powder-Free Gloves - Small   100/Box  10Bxs/Cs","","","Institutional Supplies : Personal Protection","","10.64","","","","","","","","","","true"
"SZGDSH-XL-BL","GDSH-XL-BL","Blue Hybrid Micro Powder-Free Gloves Xlarge 100/Box 10Bxs/Cs","","","Institutional Supplies : Personal Protection","","10.43","","","","","","","","","","true"
"SZGDSH-XLRG","GDSH-XLRG","Hybrid Powder-Free Gloves - X-Large   100/Box  10Bxs/Cs","","","Institutional Supplies : Personal Protection","","9.48","","","","","","","","","","true"
"SZGVP9-LG-1B","GVP9-LG-1-BL","Vinyl Blue Powder-Free Gloves - Large   10/100","","","Institutional Supplies : Personal Protection","","20.85","","","","","","","","","","true"
"SZGVP9-LG-2-","GVP9-LG-2-BL","Vinyl Blue Powder-Free Gloves - Large   10/200","","","Institutional Supplies : Personal Protection","","39.8","","","","","","","","","","true"
"SZGVP9-LRG","GVP9-LG-1","Vinyl Powder-Free Gloves - Large   10/100","","","Institutional Supplies : Personal Protection","","19","","","","","","","","","","true"
"SZGVP9-MD-1B","GVP9-MD-1-BL","Vinyl Blue Powder-Free Gloves - Medium   10/100","","","Institutional Supplies : Personal Protection","","20.85","","","","","","","","","","true"
"SZGVP9-MD-2-","GVP9-MD-2-BL","Vinyl Blue Powder-Free Gloves - Medium   10/200","","","Institutional Supplies : Personal Protection","","39.8","","","","","","","","","","true"
"SZGVP9-MED","GVP9-MD-1","Vinyl Powder-Free Gloves - Medium   10/100","","","Institutional Supplies : Personal Protection","","19","","","","","","","","","","true"
"SZGVP9-SML","GVP9-SM-1","Vinyl Powder-Free Gloves - Small   10/100","","","Institutional Supplies : Personal Protection","","18.14","","","","","","","","","","true"
"SZGVP9-XL-1B","GVP9-XL-1-BL","Vinyl Blue Powder-Free Gloves - X-Large   10/100","","","Institutional Supplies : Personal Protection","","20.85","","","","","","","","","","true"
"SZGVP9-XL-2-","GVP9-XL-2-BL","Vinyl Blue Powder-Free Gloves - X-Large   10/200","","","Institutional Supplies : Personal Protection","","39.8","","","","","","","","","","true"
"SZGVP9-XLRG","GVP9-XL-1","Vinyl Powder-Free Gloves - X-Lrg   10/100","","","Institutional Supplies : Personal Protection","","19","","","","","","","","","","true"
"SZM1014-L","M1014-L","Promax Coverall W/ Hood, White - Large       25/Cs","","","Institutional Supplies : Personal Protection","","47.37","","","","","","","","","","true"
"SZM1014-XL","M1014-XL","Promax Coverall W/ Hood, White - X-Large       25/Cs","","","Institutional Supplies : Personal Protection","","48.32","","","","","","","","","","true"
"SZM1017-XL","M1017-XL","Promax Coverall, White - X-Large       25/Cs","","","Institutional Supplies : Personal Protection","","48.32","","","","","","","","","","true"
"SZM1734-L-E/","M1734-L-E/W","White Lab Coat With Pockets & Elastic Wrists - Large 30/Cs","","","Institutional Supplies : Personal Protection","","22.8","","","","","","","","","","true"
"SZM1734-XL-E","M1734-XL-E/W","White Lab Coat With Pockets & Elastic Wrists -Xlarge 30/Cs","","","Institutional Supplies : Personal Protection","","23.6","","","","","","","","","","true"
"SZMB-24-PLW","MB-24-PLEATED/W","24"" White Pleated Bouffant Cap 100/Pk   10-Pks/Cs","","","Institutional Supplies : Personal Protection","","18.48","","","","","","","","","","true"
"SZMBC-1000W","MBC-1000/W","Impact White Synthetic Beard Cover 100/Pk   10-Pks/Cs","","","Institutional Supplies : Personal Protection","","19.7","","","","","","","","","","true"
"SZMPE-185-10","MPE-185-1000B","Blue 18"" Polyethylene Sleeve 1000/Cs","","","Institutional Supplies : Personal Protection","","35","","","","","","","","","","true"
"SZWE900TP","WE900TP","Touch Point Pro Premium Wipes 900/Roll  2-Rolls/Cs","","","Institutional Supplies : Cleaning Supplies","","40.9","","","","","","","","","","true"
"SZZ-8608L","Z-8608L","Proguard Vinyl Powder-Free Gloves - Large   10/100","","","Institutional Supplies : Personal Protection","","22.5","","","","","","","","","","true"
"SZZ-M1014-2X","Z-M1014-2X","Promax Coverall, White Xxl       25/Cs","","","Institutional Supplies : Personal Protection","","78.24","","","","","","","","","","true"
"SZZ-M1014-3X","Z-M1014-3X","Promax Coverall, White Xxxl       25/Cs","","","Institutional Supplies : Personal Protection","","78.24","","","","","","","","","","true"
"SZZ-M1014-4X","Z-M1014-4X","Promax Coverall, White 4Xl       25/Cs","","","Institutional Supplies : Personal Protection","","78.24","","","","","","","","","","true"
"TB100102","100102","Tablecraft 7.75"" 300-Pk 5mm Wrap. Natural PLA Straw 24/Cs","","","Disposables","","4.39","","","","","","","","","","true"
"TB100105","100105","Tablecraft 5.75"" 1000-Pk 5mm Black PLA Straw  20-Pks/Cs","","","Disposables","","9.18","","","","","","","","","","true"
"TB100117","100117","Tablecraft 7.75"" 500-Pk 5mm Green Stripe Pap Str 12Pks/Cs","","","Disposables","","7.03","","","","","","","","","","true"
"TB100121","100121","Tablecraft 7.75"" 500-Pk 6mm Wrap. Blu/Whi Paper Straw 6/Cs","","","Disposables","","7.4","","","","","","","","","","true"
"TB100131","100131","Tablecraft 10"" 500-Pk 6mm Wrap. White Paper Straw 6/Cs","","","Disposables","","7.2","","","","","","","","","","true"
"TB100133","100133","Tablecraft 7.75"" 500-Pk 6mm Wrap. Black Paper Straw 6/Cs","","","Disposables","","9.73","","","","","","","","","","true"
"TB10278BK","10278BK","Tablecraft Black Melamine 7"" Taco Taxi Server (Holds 2 -3)","","","Institutional Supplies : Foodservice","","0","","","","","","","","","","true"
"TB10298","10298","Tablecraft 50oz Stainless Steel Carafe With Push Button","","","Institutional Supplies : Foodservice","","18.94","","","","","","","","","","true"
"TB10317BK","10317BK","Tablecraft 1oz Black Mini Melamine Spoon 24/Cs","","","Institutional Supplies : Foodservice","","0.54","","","","","","","","","","true"
"TB10317W","10317W","Tablecraft 1oz White Mini Melamine Spoon 24/Cs","","","Institutional Supplies : Foodservice","","0.47","","","","","","","","","","true"
"TB10681","10681","Tablecraft 10oz Clear 100-Pk To Go Beverage / Drink Pouch","","","Disposables","","12.3","","","","","","","","","","true"
"TB10682","10682","Tablecraft 16oz Clear 100-Pk To Go Beverage / Drink Pouch","","","Disposables","","17.2","","","","","","","","","","true"
"TB10683","10683","Tablecraft 32oz Clear 100-Pk To Go Beverage / Drink Pouch","","","Disposables","","15.6","","","","","","","","","","true"
"TB10699","10699","Tablecraft 2 Gallon Decorative Glass Beverage Dispenser","","","Institutional Supplies : Foodservice","","32.66","","","","","","","","","","true"
"TB10993","10993","Tablecraft Perfect Grip Chrome Plated Steel Can Opener 12/Cs","","","Institutional Supplies : Foodservice","","7.32","","","","","","","","","","true"
"TB12001","12001","Tablecraft  2"" X 3.5"" Oval Chalkboard Plaque 6/Pk","","","Institutional Supplies : Foodservice","","3.6","","","","","","","","","","true"
"TB12005","12005","Tablecraft 2-Pk Wooden Card Holder Easel","","","Institutional Supplies : Foodservice","","4.99","","","","","","","","","","true"
"TB123456","123456","Tablecraft 5"" Square Bamboo Plate  25/Pk   12Pks/Cs","","","Disposables","","13.65","","","","","","","","","","true"
"TB163MPBK","163MPBK","Tablecraft 1.5oz Glass Shaker With Black Moisture Proof Top","","","Institutional Supplies : Foodservice","","1.78","","","","","","","","","","true"
"TB163MPW","163MPW","Tablecraft 1.5oz Glass Shaker With White Moisture Proof Top","","","Institutional Supplies : Foodservice","","1.16","","","","","","","","","","true"
"TB237","237","Tablecraft Two Sided Stainless Steel Straw Dispenser 8/Cs","","","Institutional Supplies : Foodservice","","30.44","","","","","","","","","","true"
"TB24SV","24SV","Tablecraft 24oz Clear Squeeze Bottle W/Universal Top 12/Pk","","","Institutional Supplies : Foodservice","","2.21","","","","","","","","","","true"
"TB306","306","Tablecraft 6"" Stainless Steel Skewer 60/Cs","","","Institutional Supplies : Foodservice","","0.25","","","","","","","","","","true"
"TB308","308","Tablecraft 8"" Stainless Steel Skewer 60/Cs","","","Institutional Supplies : Foodservice","","0.27","","","","","","","","","","true"
"TB310","310","Tablecraft 10"" Stainless Steel Skewer 60/Cs","","","Institutional Supplies : Foodservice","","0.33","","","","","","","","","","true"
"TB312","312","Tablecraft 12"" Stainless Steel Skewer 60/Cs","","","Institutional Supplies : Foodservice","","0.4","","","","","","","","","","true"
"TB6621","6621","Tablecraft 33oz Green Glass Bottle With Lid   6/Cs","","","Institutional Supplies : Foodservice","","7.41","","","","","","","","","","true"
"TB6631","6631","Tablecraft 34oz Green Glass Bottle With Cork 6/Cs","","","Institutional Supplies : Foodservice","","7.41","","","","","","","","","","true"
"TB70","70","Tablecraft 1.5Gal Double Beverage Dispenser","","","Institutional Supplies : Foodservice","","316.74","","","","","","","","","","true"
"TB700102","700102","Tablecraft 7.75"" 300-Pk 8mm Wrap. Natural PLA Straw 24/Cs","","","Disposables","","8.8","","","","","","","","","","true"
"TB700104","700104","Tablecraft 10"" 300-Pk 8mm Wrap. Natural PLA Straw 24/Cs","","","Disposables","","10.78","","","","","","","","","","true"
"TB700107","700107","Tablecraft 7.75"" 300-Pk 8mm Wrap. Black PLA Straw 24/Cs","","","Disposables","","7.58","","","","","","","","","","true"
"TB700109","700109","Tablecraft 10"" 300-Pk 8mm Wrap. Black PLA Straw 24/Cs","","","Disposables","","10.78","","","","","","","","","","true"
"TB700117","700117","Tablecraft 7.75"" 500-Pk 8mm Green Striped Pap Straw 6Pk/Cs","","","Disposables","","7.83","","","","","","","","","","true"
"TB700121","700121","Tablecraft 7.75"" 500-Pk 8mm Blue Striped Pap Straw 6Pks/Cs","","","Disposables","","10.44","","","","","","","","","","true"
"TB700133","700133","Tablecraft 7.75"" 500-Pk 8mm Wrap. Black Paper Straw 6/Cs","","","Disposables","","13.98","","","","","","","","","","true"
"TB85","85","Tablecraft 5G Stainless Steel Upscale Beverage Dispenser","","","Institutional Supplies : Foodservice","","120","","","","","","","","","","true"
"TBAS57","AS57","Tablecraft Acrylic Curved Menu Holder ( 5.5"" X 8.5"" Sheet )","","","Institutional Supplies : Foodservice","","6.4","","","","","","","","","","true"
"TBAS811","AS811","Tablecraft Acrylic Curved Menu Holder ( 8.5"" X 11"" Sheet )","","","Institutional Supplies : Foodservice","","10.4","","","","","","","","","","true"
"TBBAD1500","BAD1500","Tablecraft 1.5Gal Beverage Dispenser  4/Cs","","","Institutional Supplies : Foodservice","","24.18","","","","","","","","","","true"
"TBBAMF35","BAMF35","Tablecraft 3.5"" Bamboo Fork Pick 100/Pk  12Pks/Cs","","","Disposables","","0.87","","","","","","","","","","true"
"TBBAMK35","BAMK35","Tablecraft 3.5"" Bamboo Knot Picks  100/Pk  12Pks/Cs","","","Disposables","","1.94","","","","","","","","","","true"
"TBBAMK7","BAMK7","Tablecraft 7"" Bamboo Knot Picks 100/Pk  12Pks/Cs","","","Disposables","","2.53","","","","","","","","","","true"
"TBBAMP35G","BAMP35G","Tablecraft 3.5"" Paddle Picks - Gluten Free 100/Pk 12Pks/Cs","","","Disposables","","1.94","","","","","","","","","","true"
"TBBAMP35VG","BAMP35VG","Tablecraft 3.5"" Paddle Picks - Vegan 100/Pk  12Pks/Cs","","","Disposables","","1.98","","","","","","","","","","true"
"TBBAMP45A","BAMP45A","Tablecraft 4.5"" Paddle Picks - Allergy 100/Pk 12Pks/Cs","","","Disposables","","2.27","","","","","","","","","","true"
"TBBAMSP425","BAMSP425","Tablecraft 4.25"" Wooden Taster Spoon 100/Pk 12Pks/Cs","","","Disposables","","4.47","","","","","","","","","","true"
"TBBDG1000","BDG1000","Tablecraft 2.5 Gallon Beehive Beverage Dispenser W/Infuser","","","Institutional Supplies : Foodservice","","37.15","","","","","","","","","","true"
"TBBDG2000","BDG2000","Tablecraft 2.5 Gallon Rustic Country Beverage Dispenser","","","Institutional Supplies : Foodservice","","37.15","","","","","","","","","","true"
"TBBK45","BAMK45","Tablecraft 4.5"" Bamboo Knot Picks 100/Pk  12Pks/Cs","","","Disposables","","2.07","","","","","","","","","","true"
"TBBP35","BAMP35","Tablecraft 3.5""  Paddle Picks 100/Pk   12 Pks/Cs","","","Disposables","","1.27","","","","","","","","","","true"
"TBBP45","BAMP45","Tablecraft 4.5""  Paddle Picks 100/Pk   12 Pks/Cs","","","Disposables","","1.43","","","","","","","","","","true"
"TBBSC1216","BSC1216","Tablecraft 12-16oz Ice Scoop With Drain Holes  12/Cs","","","Institutional Supplies : Foodservice","","9.51","","","","","","","","","","true"
"TBC66238","C66238","Tablecraft White 1oz Syrup Pump   6/Pk","","","Institutional Supplies : Foodservice","","26.42","","","","","","","","","","true"
"TBDB3","BAMDB3","Tablecraft Mini 1oz Bamboo Boat 50/Pk 12Pks/Cs","","","Disposables","","4.08","","","","","","","","","","true"
"TBDB45","BAMDB45","Tablecraft Small 1.5oz Bamboo Boat 50/Pk  12Pks/Cs","","","Disposables","","4.81","","","","","","","","","","true"
"TBDB5","BAMDB5","Tablecraft Medium 3oz Bamboo Boat 50/Pk 12Pks/Cs","","","Disposables","","5.42","","","","","","","","","","true"
"TBDB65","BAMDB65","Tablecraft Large 5oz Bamboo Boat 50/Pk  12Pks/Cs","","","Disposables","","6.52","","","","","","","","","","true"
"TBDB8","BAMDB8","Tablecraft Extra Large 8oz Bamboo Boat   50/Pk  12Pks/Cs","","","Disposables","","8.66","","","","","","","","","","true"
"TBDCH27","DCH27","Tablecraft 27-Slot Holder For Pinewood Cones (16.75 X 7 X 7)","","","Institutional Supplies : Foodservice","","8.24","","","","","","","","","","true"
"TBDCN5","BAMDCN5","Tablecraft 1.5oz Mini Pinewood Serving Cone 50/Pk 12Pks/Cs","","","Disposables","","3.88","","","","","","","","","","true"
"TBDCN6","BAMDCN6","Tablecraft 3oz Mini Pinewood Serving Cone  50/Pk 12Pks/Cs","","","Disposables","","3.87","","","","","","","","","","true"
"TBDCN7","BAMDCN7","Tablecraft4.75oz Mini Pinewood Serving Cone  50/Pk 12Pks/Cs","","","Disposables","","6","","","","","","","","","","true"
"TBDCP1","BAMDCP1","Tablecraft 4oz Mini Pinewood Serving Cup  50/Pk  12Pks/Cs","","","Disposables","","6.2","","","","","","","","","","true"
"TBDCP2","BAMDCP2","Tablecraft 2oz Mini Pinewood Serving Cup  50/Pk  12Pks/Cs","","","Disposables","","7","","","","","","","","","","true"
"TBDF475","BAMDF475","Tablecraft 4.75"" Bamboo Fork 100/Pk  12Pks/Cs","","","Disposables","","13.38","","","","","","","","","","true"
"TBDF65","BAMDF65","Tablecraft 6.5"" Bamboo Fork 25/Pk  12Pks/Cs","","","Disposables","","1.7","","","","","","","","","","true"
"TBDRBK2","BAMDRBK2","Tablecraft 2.5"" Black Round Bamboo Plate 48/Pk 4Pks/Cs","","","Disposables","","17.5","","","","","","","","","","true"
"TBDSBAM2","BAMDSBAM2","Tablecraft 2.5"" Bamboo Square Plate  48/Pk  4Pks/Cs","","","Disposables","","17.5","","","","","","","","","","true"
"TBDSBK2","BAMDSBK2","Tablecraft 2.5"" Black Square Bamboo Plate  48/Pk  4Pks/Cs","","","Disposables","","14","","","","","","","","","","true"
"TBDSP35","BAMDSP35","Tablecraft 3.5"" Square Bamboo Plate Disposable   25/Pk","","","Disposables","","5.48","","","","","","","","","","true"
"TBDSP9","BAMDSP9","Tablecraft 9"" Square Bamboo Plate Disposable   25/Pk","","","Disposables","","20.8","","","","","","","","","","true"
"TBDSPN65","BAMDSPN65","Tablecraft 6.5"" Wooden Spoon 25/Pk  12Pks/Cs","","","Disposables","","1.6","","","","","","","","","","true"
"TBDT35","BAMDT35","Tablecraft 3.5"" Bamboo Tongs 12/Pk   12Pks/Cs","","","Disposables","","3.34","","","","","","","","","","true"
"TBDT6","BAMDT6","Tablecraft 6"" Bamboo Tongs 12/Pk   12Pks/Cs","","","Disposables","","3.85","","","","","","","","","","true"
"TBE5627","E5627","Tablecraft Stainless Steel Hand Can Opener 12/Cs","","","Institutional Supplies : Foodservice","","9.83","","","","","","","","","","true"
"TBM4092WH","M4092WH","Tablecraft 4Qt Sierra Melamine Bowl (12.5 X 12.5 X 5.5) 3/Cs","","","Institutional Supplies : Foodservice","","16.94","","","","","","","","","","true"
"TBM4094WH","M4094WH","Tablecraft 5Qt Sierra Melamine Bowl (13.6 X 13.6 X 5.5 ) 3/Cs","","","Institutional Supplies : Foodservice","","18.89","","","","","","","","","","true"
"TBMEDIUM","MEDIUM","Tablecraft 3.5"" Steak Markers - Medium 100/Pk 12Pks/Cs","","","Disposables","","1.81","","","","","","","","","","true"
"TBMEDRARE","MEDRARE","Tablecraft 3.5"" Steak Markers - Medium Rare 100/Pk 12Pks/Cs","","","Disposables","","1.81","","","","","","","","","","true"
"TBMEDWELL","MEDWELL","Tablecraft 3.5"" Steak Markers - Medium Well 100/Pk 12Pks/Cs","","","Disposables","","1.81","","","","","","","","","","true"
"TBMG16","MG16","Tablecraft 16"" Round Black Melamine Slate  8/Cs","","","Institutional Supplies : Foodservice","","16.38","","","","","","","","","","true"
"TBMG2","MG2","Tablecraft Black Display Slate ( 10.75 X 12.75 )","","","Institutional Supplies : Foodservice","","16.06","","","","","","","","","","true"
"TBMG3","MG3","Tablecraft Black Display Slate ( 12.75 X 6.75 )","","","Institutional Supplies : Foodservice","","11.24","","","","","","","","","","true"
"TBMGL2","MGL2","Tablecraft Black Display Slate ( 20.75 X 6.375 )","","","Institutional Supplies : Foodservice","","15.74","","","","","","","","","","true"
"TBR44","R44","Tablecraft 17oz Stainless Steel Sloped Appetizer Cup","","","Institutional Supplies : Foodservice","","9.46","","","","","","","","","","true"
"TBRAMS3BK","RAMS3BK","Tablecraft 3oz Black Ribbed Square Ramekin","","","Institutional Supplies : Foodservice","","1.3","","","","","","","","","","true"
"TBRAMS3W","RAMS3W","Tablecraft 3oz White Ribbed Square Ramekin","","","Institutional Supplies : Foodservice","","1.3","","","","","","","","","","true"
"TBRARE","RARE","Tablecraft 3.5"" Steak Markers - Rare 100/Pk 12Pks/Cs","","","Disposables","","1.81","","","","","","","","","","true"
"TBSG204BH","SG204BH","Tablecraft 6-Sided Grater","","","Institutional Supplies : Foodservice","","6.32","","","","","","","","","","true"
"TBSGJ4","SGJ4","Tablecraft 4oz Single Serve Jars & Lids 12/Pk","","","Institutional Supplies : Foodservice","","11.47","","","","","","","","","","true"
"TBSGJ4LID","SGJ4LID","Tablecraft 4oz Replacement Lid","","","Institutional Supplies : Foodservice","","0","","","","","","","","","","true"
"TBSGJ6","SGJ6","Tablecraft 6oz Single Serve Jars & Lids  12/Pk","","","Institutional Supplies : Foodservice","","14.67","","","","","","","","","","true"
"TBT150","T150","Tablecraft 2"" S/Steel Number Tents (#1 - #50) 50/Pk 4Pks/Cs","","","Institutional Supplies : Foodservice","","43.86","","","","","","","","","","true"
"TBWELLDONE","WELLDONE","Tablecraft 3.5"" Steak Markers - Well Done 100/Pk 12Pks/Cs","","","Disposables","","1.81","","","","","","","","","","true"
"TEF11836","11836","98"" White Supermarket Freezer W/ 2 Sliding Lids (230V/50Hz)","","","Equipment : Refrigeration","","2005.25","","","","","","","","","","true"
"TEF20269","20269","27"" White Single Glass Door Freezer (220V/50Hz)","","","Equipment : Refrigeration","","1137.5","","","","","","","","","","true"
"TEF20270","20270","54"" White Double Glass Door Freezer (220V/50Hz)","","","Equipment : Refrigeration","","1787.5","","","","","","","","","","true"
"TEF20271","20271","54"" Black Double Glass Door Freezer (220V/50Hz)","","","Equipment : Refrigeration","","1787.5","","","","","","","","","","true"
"TEF44087","44087","Walk-In Chiller Room ( 2400 X 2400mm )","","","Equipment : Refrigeration","","3041.35","","","","","","","","","","true"
"TEF44156","44156","Walk-In Freezer Room ( 2400 X 2400mm )","","","Equipment : Refrigeration","","4211.37","","","","","","","","","","true"
"TEF44316","44316","Strip Curtain For Walk-In Chiller Doors","","","Equipment : Parts","","199.02","","","","","","","","","","true"
"TEF46478","46478","52"" Black Open Air Refrigerator (230V/50Hz)","","","Equipment : Refrigeration","","2750","","","","","","","","","","true"
"TEF49768","49768","56"" White Chest Freezer W/ 2 Sliding Lids (230V/50Hz)","","","Equipment : Refrigeration","","586.95","","","","","","","","","","true"
"TEF52127","52127","(CRU1015P) Monoblock For Walk-In Chiller","","","Equipment : Refrigeration","","1535.3","","","","","","","","","","true"
"TEF53370","53370","27"" Black Single Glass Door Freezer (220V/50Hz)","","","Equipment : Refrigeration","","1137.5","","","","","","","","","","true"
"TEF54403","54403","(CRU7610N) Monoblock For Walk-In Freezer","","","Equipment : Refrigeration","","1868.1","","","","","","","","","","true"
"TEFLPD900C","LPD900C","53"" Refrigerated Curved Display Case (220/50)","","","Equipment : Refrigeration","","850","","","","","","","","","","true"
"TFAT-2X1000","AT-2X1000","2"" X 1000Y Clear Packaging Machine Tape ( 2.0Mil ) 6/Cs","","","Packaging Supplies","","23.86","","","","","","","","","","true"
"TFAT-2X110","AT-2X110","2"" X 110Yd Clear Sealing Tape 36/Cs","","","Packaging Supplies","","16.53","","","","","","","","","","true"
"TFEWRAP1815","EWRAP1815","Cove Bay Clear 18 X 1500 Pallet Wrap (70 Gauge) 4/Cs","","","Packaging Supplies","","31","","","","","","","","","","true"
"TFEWRAP18158","EWRAP181585","Cove Bay Clear 18 X 1500 Pallet Wrap (85 Gauge) 4/Cs","","","Packaging Supplies","","37.93","","","","","","","","","","true"
"TFEWRAP1815B","EWRAP1815B","Cove Bay Black 18 X 1500 Pallet Wrap ( Gauge) 4/Cs","","","Packaging Supplies","","25","","","","","","","","","","true"
"TFMSF205000","MSF205000","20"" X 5000' Clear Machine Strech Wrap   (80 Gauge)","","","Packaging Supplies","","45","","","","","","","","","","true"
"TMGDM-23F-HC","GDM-23F-HC-TSL01","True 27"" Single Glass Door Freezer  220V/50Hz","","","Equipment : Refrigeration","","3207.61","","","","","","","","","","true"
"TMGDM-23-HC","GDM-23-HC-TSL01","True 27"" Single Glass Door Refrigerator  220V/50Hz","","","Equipment : Refrigeration","","2363.49","","","","","","","","","","true"
"TMGDM-49F-HC","GDM-49F-HC-TL01","True 54"" Double Glass Door Freezer  220V/50Hz","","","Equipment : Refrigeration","","5830.31","","","","","","","","","","true"
"TMGDM-49-HC-","GDM-49-HC-TSL01","True 54"" Double Glass Door Refrigerator  220V/50Hz","","","Equipment : Refrigeration","","3442.37","","","","","","","","","","true"
"TMT-23F-HC","T-23F-HC","True 1-Door Solid Freezer 220V/50Hz","","","Equipment : Refrigeration","","3692.25","","","","","","","","","","true"
"TMT-23G-HC-F","T-23G-HC-FGD01","True 27"" Single Glass Door Refriger. (Left Hinge) 220/50","","","Equipment : Refrigeration","","3129.71","","","","","","","","","","true"
"TMT-23-HC","T-23-HC","True 1-Door Solid Refrigertaor 220V/50Hz","","","Equipment : Refrigeration","","2955.67","","","","","","","","","","true"
"TMT-49F-HC","T-49F-HC","True 54"" Double Solid Door Freezer  220V/50Hz","","","Equipment : Refrigeration","","5879.48","","","","","","","","","","true"
"TMT-49-HC","T-49-HC","True 54"" Double Solid Door Refrigerator 220V/50Hz","","","Equipment : Refrigeration","","3642.29","","","","","","","","","","true"
"TMTBB24-48-2","TBB24-48-2G-Z1-SFT-B","True 48"" S/Steel Back Bar 2-Door Refrigerator 220/50","","","Equipment : Refrigeration","","3254.35","","","","","","","","","","true"
"TMTCIM-530-H","TCIM-530-HA1-A-T-1","True 560lb Half Cube Ice Maker 110V/60Hz","","","Equipment : Refrigeration","","3604.06","","","","","","","","","","true"
"TMTIB-530-A-","TIB-530-A-T-1","True Ice Bin For 560lb Ice Maker","","","Equipment : Refrigeration","","1384.49","","","","","","","","","","true"
"TMTS-35F-HC","TS-35F-HC","True 2-Door Solid Freezer 220V/50Hz","","","Equipment : Refrigeration","","5766","","","","","","","","","","true"
"TMTS-72-HC","TS-72-HC","True 3-Door Solid Freezer 220V/50Hz","","","Equipment : Refrigeration","","6516.46","","","","","","","","","","true"
"TMTSSU-36-08","TSSU-36-08-HC","True 36"" Sandwich / Salad Prep Table (220/50)","","","Equipment : Refrigeration","","2616.59","","","","","","","","","","true"
"TMTUC-24-HC","TUC-24-HC","True 24"" Single Door Solid Undercount Refrigerator 220/50","","","Equipment : Refrigeration","","1565.79","","","","","","","","","","true"
"TMTUC-48-HC","TUC-48-HC","True 48"" Double Door Solid Undercount Refrigerator 220/50","","","Equipment : Refrigeration","","2957.75","","","","","","","","","","true"
"TOP790501","790501","Mustard - 450lb","","","Food Products","","205","","","","","","","","","","true"
"TP1.5G","901806","#1.5 Green Foam Trays ( 4.5 X 6 X 0.5 ) 1000/Bale","","","Disposables","","20.09","","","","","","","","","","true"
"TP1.5W","900786","#1.5 White Foam Tray ( 4.5 X 6 X 0.5 ) 1000/Bale","","","Disposables","","19.13","","","","","","","","","","true"
"TP10SB","900774","#10S Black Foam Tray ( 5.5 X 11 X .05 ) 500/Bale","","","Disposables","","15.26","","","","","","","","","","true"
"TP10SW","900002","#10S White Foam Tray ( 5.5 X 11 X .05 ) 500/Bale","","","Disposables","","15.45","","","","","","","","","","true"
"TP1W5","900017","#1 White Foam Trays ( 5.5 X 5.5 X 1 )  500/Bale","","","Disposables","","8.72","","","","","","","","","","true"
"TP2DB","900820","#2D Black Foam Tray ( 5.75 X 8.5 X 1.3 ) 500/Bale","","","Disposables","","13.04","","","","","","","","","","true"
"TP2DW","900787","#2D White Foam Trays ( 5.75 X 8.5 X 1.3 ) 500/Bale","","","Disposables","","11.05","","","","","","","","","","true"
"TP2DY","900788","#2D Yellow Foam Trays ( 5.75 X 8.5 X 1.3 ) 500/Bale","","","Disposables","","12.38","","","","","","","","","","true"
"TP2SB","900822","#2S Black Foam Tray ( 5.75 X 8.5 X 0.5 ) 500/Bale","","","Disposables","","12.01","","","","","","","","","","true"
"TP2SW","900790","#2S White Foam Trays ( 5.75 X 8.5 X 0.5 ) 500/Bale","","","Disposables","","11.16","","","","","","","","","","true"
"TP2SY","900791","#2S Yellow Foam Trays ( 5.75 X 8.5 X 0.5 ) 500/Bale","","","Disposables","","10.17","","","","","","","","","","true"
"TP4PB-3","900796","#4P Black Foam Trays ( 7.25 X 8.5 X 1.1 ) 300/Bale","","","Disposables","","15.57","","","","","","","","","","true"
"TP4PW","900026","#4P White Foam Trays ( 7.25 X 8.5 X 1.1 ) 500/Bale","","","Disposables","","20.69","","","","","","","","","","true"
"TP4PY","900027","#4P Yellow Foam Trays ( 7.25 X 8.5 X 1.1 ) 500/Bale","","","Disposables","","14.57","","","","","","","","","","true"
"TP4SB","900823","#4S Black Foam Trays ( 7.25 X 9.5 X 0.5 ) 500/Bale","","","Disposables","","18.76","","","","","","","","","","true"
"TP4SW","900012","#4S White Foam Trays ( 7.25 X 9.5 X 0.5 ) 500/Bale","","","Disposables","","15.11","","","","","","","","","","true"
"TP4SY","900013","#4S Yellow Foam Trays ( 7.25 X 9.5 X 0.5 ) 500/Bale","","","Disposables","","15.42","","","","","","","","","","true"
"TP8PW","900030","#8P White Foam Trays ( 10 X 8 X 1.02 ) 200/Bale","","","Disposables","","11.44","","","","","","","","","","true"
"TP903252","903252","Moldy Flat Lid For 8oz Paper Hot Cup 100/Pk 10 Pks/Cs","","","Disposables : Cups, Plates, Cutlery","","11.18","","","","","","","","","","true"
"TP903816","903816","Termopac 7.75"" White Wrapped Paper Straw 250/Box 24-Bxs/Cs","","","Disposables","","33","","","","","","","","","","true"
"TP903818","902186","Moldy 8oz Paper Hot Cups 25/Pk   40Pks/Cs","","","Disposables : Cups, Plates, Cutlery","","18","","","","","","","","","","true"
"TRBBK-125","BK-125","Insulated 125Lt Grey Ice Caddy With Lid","","","Institutional Supplies : Foodservice","","275","","","","","","","","","","true"
"TRBGCIB-01C","GCIB-01C","4L Plastic Ice Bucket - Clear 6/Cs","","","Institutional Supplies : Foodservice","","5.78","","","","","","","","","","true"
"TRBGCIB-01K","GCIB-01K","4L Plastic Ice Bucket - Black 6/Cs","","","Institutional Supplies : Foodservice","","5.78","","","","","","","","","","true"
"TRBGCIB-01W","GCIB-01W","4L Plastic Ice Bucket - White 6/Cs","","","Institutional Supplies : Foodservice","","5.78","","","","","","","","","","true"
"TRBGK-03","GK-03","Grey 3-Section Plastic Cutlery Bin  12/Cs","","","Institutional Supplies : Foodservice","","2.5","","","","","","","","","","true"
"TRBGK-04","GK-04","Grey -Section Plastic Cutlery Bin  12/Cs","","","Institutional Supplies : Foodservice","","3","","","","","","","","","","true"
"TRBGNP-11150","GNP-11150","Choice Full Size 6"" Deep Polycarbonate Food Pan 6/Cs","","","Institutional Supplies : Foodservice","","8.91","","","","","","","","","","true"
"TRBGNP-11200","GNP-11200","Choice Full Size 8"" Deep Polycarbonate Food Pan 6/Cs","","","Institutional Supplies : Foodservice","","11","","","","","","","","","","true"
"TRBGNPL-11","GNPL-11","Choice Clear Solid Cover For Full Size Food Pan 12/Cs","","","Institutional Supplies : Foodservice","","3.96","","","","","","","","","","true"
"TRBGPUS-102","GPUS-102","27 Gal Ingredient Bin W/Scoop","","","Institutional Supplies : Foodservice","","42","","","","","","","","","","true"
"TRBGPUS-82","GPUS-82","22 Gal Ingredient Bin W/Scoop","","","Institutional Supplies : Foodservice","","38","","","","","","","","","","true"
"TRBGSE-03","GSE-03","Black Plastic 3-Comp Bar Caddy With Plastic Cover    6/Cs","","","Institutional Supplies : Foodservice","","3.08","","","","","","","","","","true"
"TRBGSE-04","GSE-04","Black Plastic 4-Comp Bar Caddy With Plastic Cover    6/Cs","","","Institutional Supplies : Foodservice","","3.08","","","","","","","","","","true"
"TRBGSE-05","GSE-05","Black Plastic 5-Comp Bar Caddy With Plastic Cover    6/Cs","","","Institutional Supplies : Foodservice","","3.08","","","","","","","","","","true"
"TRBGSE-06","GSE-06","Black Plastic 6-Comp Bar Caddy With Plastic Cover    6/Cs","","","Institutional Supplies : Foodservice","","3.08","","","","","","","","","","true"
"TRBST-10G","ST-10G","Insulated 10L Beverage Dispenser W/Out Spout - Grey","","","Institutional Supplies : Foodservice","","70","","","","","","","","","","true"
"TRBST-10K","ST-10K","Insulated 10L Beverage Dispenser W/Out Spout - Black","","","Institutional Supplies : Foodservice","","70","","","","","","","","","","true"
"TRBST-20G","ST-20G","Insulated 20L Beverage Dispenser W/Out Spout - Grey","","","Institutional Supplies : Foodservice","","75","","","","","","","","","","true"
"TRBST-20K","ST-20K","Insulated 20L Beverage Dispenser W/Out Spout - Black","","","Institutional Supplies : Foodservice","","75","","","","","","","","","","true"
"TRBTCB-200B","TCB-200B","Thermobox Insulated Top Loading Food Carrier - Blue","","","Institutional Supplies : Foodservice","","75","","","","","","","","","","true"
"TRBTCB-200G","TCB-200G","Thermobox Insulated Top Loading Food Carrier - Grey","","","Institutional Supplies : Foodservice","","75","","","","","","","","","","true"
"TRBTCB-200K","TCB-200K","Thermobox Insulated Top Loading Food Carrier - Black","","","Institutional Supplies : Foodservice","","75","","","","","","","","","","true"
"TRBTCB-600B","TCB-600B","Thermobox Front Load Transport Food Hot Box / Carrier - Blue","","","Institutional Supplies : Foodservice","","90","","","","","","","","","","true"
"TRBTCB-600C","TCB-600C","Grey Dolly For Tcb Hot Boxes","","","Institutional Supplies : Foodservice","","55","","","","","","","","","","true"
"TRBTCB-600G","TCB-600G","Thermobox Front Load Transport Food Hot Box / Carrier - Grey","","","Institutional Supplies : Foodservice","","90","","","","","","","","","","true"
"TSDG16","DG16","Cove Bay 16"" X 4500' Meat Film (64 Gauge) Digi","","","Film & Foil : Film","","37.04","","","","","","","","","","true"
"TTAFH150","33PT070020","Sanitisu White Z Multifold Towels 150/Pk  24Pks/Cs","","","Tissue Products : Institutional Paper","","17.1","","","","","","","","","","true"
"TTJRT9650","33PT050017","Serviclass 9"" Jrt 2-Ply Tissue (Wrapped) -  12-Rls/Cs","","","Tissue Products : Institutional Paper","","14.5","","","","","","","","","","true"
"TTJRT9650-12","33PT050006","Tradepro 9"" Jrt 2-Ply Tissue (Boxed)   12-Rls/Cs","","","Tissue Products : Institutional Paper","","14","","","","","","","","","","true"
"TTSTCP400","33PT070006","Sanitisu Center Pull Roll 2Ply Towel    6-Rls/Cs","","","Tissue Products : Institutional Paper","","17","","","","","","","","","","true"
"TTSTHW600","33PT070011","Sanitisu 600' Hardwound Roll Towel    6-Rls/Cs","","","Tissue Products : Institutional Paper","","24","","","","","","","","","","true"
"TTSW280-24","33PT010084","Soft Weave 280-Sheet Bathroom Tissue 24-Rolls/Bale","","","Tissue Products : Household","","5.35","","","","","","","","","","true"
"TTSW280-24UB","33PT010013","Soft Weave 280-Sheet Bathroom Tissue (Unbranded) 24-Rls/Bale","","","Tissue Products : Household","","5.05","","","","","","","","","","true"
"TTSW280-4","33PT010082","Soft Weave 280-Sheet Bathroom Tissue 4-Rolls/Pk  12-Pks/Bale","","","Tissue Products : Household","","7.84","","","","","","","","","","true"
"TTSW280-6B5","33PT010076","Soft Weave 280-Sheet Bathroom T/Sue (B5G1F) 6Rls/Pk 8Pks/Ble","","","Tissue Products : Household","","9.02","","","","","","","","","","true"
"TTSW300-12","33PT010079","Soft Weave 280-Sheet Bathroom Tissue 12-Rolls/Pk  4-Pks/Bale","","","Tissue Products : Household","","9.45","","","","","","","","","","true"
"TTSW300-6","33PT010080","Soft Weave 280-Sheet Bathroom Tissue 6-Rolls/Pk  8-Pks/Bale","","","Tissue Products : Household","","10.82","","","","","","","","","","true"
"TTSWL100","33PT020018","Soft Weave 100-Pk Lunch Napkin 18-Pks/Bale","","","Tissue Products","","10.49","","","","","","","","","","true"
"TTSWL250","33PT020020","Soft Weave 250-Pk Lunch Napkin 6-Pks/Bale","","","Tissue Products","","8.51","","","","","","","","","","true"
"TTSWL500","33PT020019","Soft Weave 500-Pk Lunch Napkin 3-Pks/Bale","","","Tissue Products","","8.51","","","","","","","","","","true"
"TTSWT150-2","33PT030034","Soft Weave 2-Ply Roll Towel 75-Shts/Rl 2-Rls/Pk 12-Pks/Cs","","","Tissue Products : Household","","11.25","","","","","","","","","","true"
"TTSWT225-3","300620301","Soft Weave 2-Ply Roll Towel 75-Shts/Rl 3-Rls/Pk 8-Pks/Cs","","","Tissue Products : Household","","9.8","","","","","","","","","","true"
"TTWC315-12","33PT010131","White Cloud 315-Sheet Bathroom Tissue 12-Rolls/Pk  4-Pks/Bale","","","Tissue Products : Household","","16.61","","","","","","","","","","true"
"TTWC315-12BC","100820908","White Cloud 315-Sheet Bathroom Tissue 12-Pk (Breast Cancer)","","","Tissue Products : Household","","16.61","","","","","","","","","","true"
"TTWC315-4","33PT010128","White Cloud 315-Sheet Bathroom Tissue 4-Rolls/Pk  12-Pks/Bale","","","Tissue Products : Household","","18.02","","","","","","","","","","true"
"TTWCT200","33PT030054","White Cloud 2-Ply Roll Towel 200-Sht/Roll  20-Rl/Bale","","","Tissue Products : Household","","23.2","","","","","","","","","","true"
"UGGA0014","GA0014","Protect Hd Latex Extended Cuff Blue Latex Gloves - Lrg 10/50","","","Institutional Supplies : Personal Protection","","75","","","","","","","","","","true"
"UGGA0015","GA0015","Protect Hd Latex Extended Cuff Blue Latex Gloves - Xlrg 10/50","","","Institutional Supplies : Personal Protection","","75","","","","","","","","","","true"
"UGGA0043","GA0043","Protect Black Nitrile Powder Free Gloves - Medium  10/100","","","Institutional Supplies : Personal Protection","","42.35","","","","","","","","","","true"
"UGGA0044","GA0044","Protect Black Nitrile Powder Free Gloves - Large  10/100","","","Institutional Supplies : Personal Protection","","37","","","","","","","","","","true"
"UGGA0045","GA0045","Protect Black Nitrile Powder Free Gloves - X Large  10/100","","","Institutional Supplies : Personal Protection","","42.35","","","","","","","","","","true"
"UGGA0054","GA0054","Protect Orange Nitrile Powder Free Gloves - Large  10/100","","","Institutional Supplies : Personal Protection","","50.81","","","","","","","","","","true"
"UGGA0055","GA0055","Protect Orange Nitrile Powder Free Gloves - X-Large  10/100","","","Institutional Supplies : Personal Protection","","50.81","","","","","","","","","","true"
"UGGA0065","GA0065","Protect Black Nitrile Powder Free Hd Gloves - Xlarge 10/100","","","Institutional Supplies : Personal Protection","","69","","","","","","","","","","true"
"UGGA0084","GA0084","Protect Green Nitrile Powder Free Gloves - Large  10/100","","","Institutional Supplies : Personal Protection","","69","","","","","","","","","","true"
"UGGF0012","GF0012","Unicare Nitrile Powder Free Exam Gloves - Small  10/100","","","Institutional Supplies : Personal Protection","","18","","","","","","","","","","true"
"UGGF0015","GF0015","Unicare Nitrile Powder Free Exam Gloves - X Large  10/100","","","Institutional Supplies : Personal Protection","","18","","","","","","","","","","true"
"UGGM0025","GM0025","Supergrip Latex Powder Free Gloves - X-Large  10/100","","","Institutional Supplies : Personal Protection","","22.08","","","","","","","","","","true"
"UGGM0052","GM0052","Zero Nitrile Powder Free Glove Accelerator Free - Sml 10/100","","","Institutional Supplies : Personal Protection","","41.86","","","","","","","","","","true"
"UGGM0053","GM0053","Zero Nitrile Powder Free Glove Accelerator Free - Med 10/100","","","Institutional Supplies : Personal Protection","","38","","","","","","","","","","true"
"UGGM0054","GM0054","Zero Nitrile Powder Free Glove Accelerator Free - Lrg 10/100","","","Institutional Supplies : Personal Protection","","38","","","","","","","","","","true"
"UGGS0012","GS0012","Unicare Latex Powder Free Exam Gloves - Small  10/100","","","Institutional Supplies : Personal Protection","","25","","","","","","","","","","true"
"UGGS0013","NRL50N-08","Unicare Latex Powder Free Exam Gloves - Medium  10/100","","","Institutional Supplies : Personal Protection","","26.73","","","","","","","","","","true"
"UGGS0014","GS0014","Unicare Latex Powder Free Exam Gloves - Large  10/100","","","Institutional Supplies : Personal Protection","","22.08","","","","","","","","","","true"
"UGGS0015","GS0015","Unicare Latex Powder Free Exam Gloves - X-Large  10/100","","","Institutional Supplies : Personal Protection","","25","","","","","","","","","","true"
"UGGS0032","GS0032","Unicare Nitrile Powder Free Exam Gloves - Small  10/100","","","Institutional Supplies : Personal Protection","","14.56","","","","","","","","","","true"
"UGGS0033","GS0033","Unicare Nitrile Powder Free Exam Gloves - Medium  10/100","","","Institutional Supplies : Personal Protection","","14.56","","","","","","","","","","true"
"UGGS0034","GS0034","Unicare Nitrile Powder Free Exam Gloves - Large  10/100","","","Institutional Supplies : Personal Protection","","14.56","","","","","","","","","","true"
"UGGS0035","GS0035","Unicare Nitrile Powder Free Exam Gloves - X Large  10/100","","","Institutional Supplies : Personal Protection","","14.56","","","","","","","","","","true"
"UGGS0042","GS0042","Unicare Nitrile Powder Free Exam Gloves - Small  10/200","","","Institutional Supplies : Personal Protection","","26.63","","","","","","","","","","true"
"UGGS0045","GS0045","Unicare Nitrile Powder Free Exam Gloves - Xlarge  10/200","","","Institutional Supplies : Personal Protection","","26.63","","","","","","","","","","true"
"UGGS0062","GS0062","Unicare Vinyl Powder-Free Gloves - Small   10/100","","","Institutional Supplies : Personal Protection","","9.8","","","","","","","","","","true"
"UGGS0063","GS0063","Unicare Vinyl Powder-Free Gloves - Medium   10/100","","","Institutional Supplies : Personal Protection","","10.1","","","","","","","","","","true"
"UGGS0064","GS0064","Unicare Vinyl Powder-Free Gloves - Large   10/100","","","Institutional Supplies : Personal Protection","","9.8","","","","","","","","","","true"
"UGGS0065","GS0065","Unicare Vinyl Powder-Free Gloves - X-Large   10/100","","","Institutional Supplies : Personal Protection","","9.8","","","","","","","","","","true"
"UGGS0083","GS0083","Unicare Vinyl Blue Powder-Free Gloves - Medium   10/200","","","Institutional Supplies : Personal Protection","","10.1","","","","","","","","","","true"
"UGGS0085","GS0085","Unicare Vinyl Blue Powder-Free Gloves - X-Large   10/100","","","Institutional Supplies : Personal Protection","","10.1","","","","","","","","","","true"
"UGNRL50N-07","NRL50N-07","Unicare Latex Powder Free Gloves - Small  10/100","","","Institutional Supplies : Personal Protection","","25.5","","","","","","","","","","true"
"UGNRL50N-08","NRL50N-08","Unicare Latex Powder Free Gloves - Medium  10/100","","","Institutional Supplies : Personal Protection","","27","","","","","","","","","","true"
"UGNRL50N-09","NRL50N-09","Unicare Latex Powder Free Gloves - Large  10/100","","","Institutional Supplies : Personal Protection","","25.5","","","","","","","","","","true"
"UGNRL50N-10","NRL50N-10","Unicare Latex Powder Free Gloves - X-Large  10/100","","","Institutional Supplies : Personal Protection","","25.5","","","","","","","","","","true"
"URPS1012","S1012","6"" 2000-Pk 5.5mm Compostable White Straw  8-Boxes/Cs","","","Disposables","","122.9","","","","","","","","","","true"
"WB4558011320","4558011320","8oz Assorted 100-Pk Flower Sno Cone Cups 6-Pks/Cs","","","Disposables : Cups, Plates, Cutlery","","148.49","","","","","","","","","","true"
"WB485SS8NN","485SS8NN","8"" Assorted 6mm Spoon Straw (Unwrapped) 400/Box 25Bxscs","","","Disposables","","84.99","","","","","","","","","","true"
"WFI110-D-331","110-D-3315","Island Choice 0.5lb Lime Mix Powder   12Pks/Cs","","","Food Products","","31.3","","","","","","","","","","true"
"WN0005-01","0005-01","Dots 18/0 Stainless Steel Teaspoon 12/Pk","","","Institutional Supplies : Foodservice","","3.38","","","","","","","","","","true"
"WN0005-03","0005-03","Dots 18/0 Stainless Steel Dinner Spoon 12/Pk","","","Institutional Supplies : Foodservice","","4.58","","","","","","","","","","true"
"WN0005-04","0005-04","Dots 18/0 Stainless Steel Bouillon Soup Spoon  12/Pk","","","Institutional Supplies : Foodservice","","4.16","","","","","","","","","","true"
"WN0005-05","0005-05","Dots 18/0 Stainless Steel Dinner Fork 12/Pk","","","Institutional Supplies : Foodservice","","7.99","","","","","","","","","","true"
"WN0005-06","0005-06","Dots 18/0 Stainless Steel Salad / Dessert Fork  12/Pk","","","Institutional Supplies : Foodservice","","6.01","","","","","","","","","","true"
"WN0005-08","0005-08","Dots 18/0 Stainless Steel Dinner Knife 12/Pk","","","Institutional Supplies : Foodservice","","10.34","","","","","","","","","","true"
"WN0010-05","0010-05","Lisa 18/0 Stainless Steel Dinner Fork 12/Pk","","","Institutional Supplies : Foodservice","","8.33","","","","","","","","","","true"
"WN0010-08","0010-08","Lisa 18/0 Stainless Steel Dinner Knife 12/Pk","","","Institutional Supplies : Foodservice","","8.57","","","","","","","","","","true"
"WN0024-04","0024-04","Elegance 18/0 Stainless Steel Bouillon Soup Spoon 12/Pk","","","Institutional Supplies : Foodservice","","6.65","","","","","","","","","","true"
"WN0024-05","0024-05","Elegance 18/0 Stainless Steel Dinner Fork 12/Pk","","","Institutional Supplies : Foodservice","","4.6","","","","","","","","","","true"
"WN0030-01","0030-01","Shangarila 18/8 Stainless Steel Teaspoon  12/Pk","","","Institutional Supplies : Foodservice","","8.98","","","","","","","","","","true"
"WN0030-05","0030-05","Shangarila 18/8 Stainless Steel Dinner Fork 12/Pk","","","Institutional Supplies : Foodservice","","12.8","","","","","","","","","","true"
"WN0030-06","0030-06","Shangarila 18/8 Stain. Steel Salad / Dessert Fork  12/Pk","","","Institutional Supplies : Foodservice","","0","","","","","","","","","","true"
"WN0030-08","0030-08","Shangarila 18/8 Stainless Steel Dinner Knife 12/Pk","","","Institutional Supplies : Foodservice","","0","","","","","","","","","","true"
"WN0030-12","0030-12","Shangarila 18/8 Stainless Steel Butter Spreader  12/Pk","","","Institutional Supplies : Foodservice","","10.45","","","","","","","","","","true"
"WN0030-16","0030-16","Shangarila 18/8 Stainless Steel Steak Knife 12/Pk","","","Institutional Supplies : Foodservice","","14.8","","","","","","","","","","true"
"WN0030-21","0030-21","Shangarila 18/8 Stainless Steel Serving Spoon  12/Pk","","","Institutional Supplies : Foodservice","","33.89","","","","","","","","","","true"
"WN0030-23","0030-23","Shangarila 18/8 Stainless Steel Solid Spoon  12/Pk","","","Institutional Supplies : Foodservice","","35.52","","","","","","","","","","true"
"WN0031-01","0031-01","Peacock 18/8 Stainless Steel Teaspoon 12/Pk","","","Institutional Supplies : Foodservice","","6.8","","","","","","","","","","true"
"WN0031-03","0031-03","Peacock 18/8 Stainless Steel Dinner Spoon  12/Pk","","","Institutional Supplies : Foodservice","","12.8","","","","","","","","","","true"
"WN0031-04","0031-04","Peacock 18/8 Stainles Steel Bouillon Soup Spoon  12/Pk","","","Institutional Supplies : Foodservice","","7.37","","","","","","","","","","true"
"WN0031-05","0031-05","Peacock 18/8 Stainless Steel Dinner Fork 12/Pk","","","Institutional Supplies : Foodservice","","12.8","","","","","","","","","","true"
"WN0031-06","0031-06","Peacock 18/10 Stainless Steel Salad / Dessert Fork  12/Pk","","","Institutional Supplies : Foodservice","","10.55","","","","","","","","","","true"
"WN0031-08","0031-08","Peacock 18/8 Stainless Steel Dinner Knife   12/Pk","","","Institutional Supplies : Foodservice","","14.46","","","","","","","","","","true"
"WN0031-12","0031-12","Peacock 18/8 Stainless Steel Butter Spreader   12/Pk","","","Institutional Supplies : Foodservice","","10.45","","","","","","","","","","true"
"WN00330-03","0033-03","Oxford 18/8 Stainless Steel Dinner Spoon 12/Pk","","","Institutional Supplies : Foodservice","","9.52","","","","","","","","","","true"
"WN00330-05","0033-051","Oxford 18/8 Stainless Steel Dinner Fork  12/Pk","","","Institutional Supplies : Foodservice","","8.44","","","","","","","","","","true"
"WN00330-08","0033-08","Oxford 18/8 Stainless Steel Dinner Knife   12/Pk","","","Institutional Supplies : Foodservice","","10.28","","","","","","","","","","true"
"WN0034-01","0034-01","Stanford 18/8 Stainless Steel Teaspoon 12/Pk","","","Institutional Supplies : Foodservice","","12.13","","","","","","","","","","true"
"WN0034-03","0034-03","Stanford 18/8 Stainless Steel Dinner Spoon 12/Pk","","","Institutional Supplies : Foodservice","","10.45","","","","","","","","","","true"
"WN0034-04","0034-04","Stanford 18/8 Stainless Steel Bouillon Soup Spoon 12/Pk","","","Institutional Supplies : Foodservice","","9.22","","","","","","","","","","true"
"WN0034-051","0034-05","Stanford 18/8 Stainless Steel Dinner Fork 12/Pk","","","Institutional Supplies : Foodservice","","9.07","","","","","","","","","","true"
"WN0034-06","0034-06","Stanford 18/8 Stainless Steel Salad / Dessert Fork  12/Pk","","","Institutional Supplies : Foodservice","","13.07","","","","","","","","","","true"
"WN0034-07","0034-07","Stanford 18/8 Stainless Steel Oyster Fork 12/Pk","","","Institutional Supplies : Foodservice","","11.33","","","","","","","","","","true"
"WN0034-08","0034-08","Stanford 18/8 Stainless Steel Dinner Knife   12/Pk","","","Institutional Supplies : Foodservice","","19.93","","","","","","","","","","true"
"WN0034-10","0034-10","Stanford 18/8 Stainless Steel Table Spoon 12/Pk","","","Institutional Supplies : Foodservice","","13.81","","","","","","","","","","true"
"WN0034-11","0034-11","Stanford 18/8 Stainless Steel Table Fork (Euro Length) 12/Pk","","","Institutional Supplies : Foodservice","","13.98","","","","","","","","","","true"
"WN0034-12","0034-12","Stanford 18/8 Stainless Steel Butter Spreader 12/Pk","","","Institutional Supplies : Foodservice","","9.43","","","","","","","","","","true"
"WN0035-01","0035-01","Victoria 18/8 Stainless Steel Teaspoon 12/Pk","","","Institutional Supplies : Foodservice","","7.68","","","","","","","","","","true"
"WN0035-03","0035-03","Victoria 18/8 Stainless Steel Dinner Spoon 12/Pk","","","Institutional Supplies : Foodservice","","0","","","","","","","","","","true"
"WN0035-04","0035-04","Victoria 18/8 Stainless Steel Bouillon Spoon 12/Pk","","","Institutional Supplies : Foodservice","","8.1","","","","","","","","","","true"
"WN0035-05","0035-05","Victoria 18/8 Stainless Steel Dinner Fork 12/Pk","","","Institutional Supplies : Foodservice","","13.18","","","","","","","","","","true"
"WN0035-06","0035-06","Victoria 18/8 Stainless Steel Salad / Dessert Fork  12/Pk","","","Institutional Supplies : Foodservice","","9.16","","","","","","","","","","true"
"WN0035-08","0035-08","Victoria 18/8 Stainless Steel Dinner Knife 12/Pk","","","Institutional Supplies : Foodservice","","15.02","","","","","","","","","","true"
"WN0036-01","0036-01","Deluxe Pearl 18/8 Stainless Steel Dinner Teaspoon 12/Pk","","","Institutional Supplies : Foodservice","","9.93","","","","","","","","","","true"
"WN0036-03","0036-03","Deluxe Pearl 18/8 Stainless Steel Dinner Spoon 12/Pk","","","Institutional Supplies : Foodservice","","16.14","","","","","","","","","","true"
"WN0036-05","0036-05","Deluxe Pearl 18/8 Stainless Steel Dinner Fork 12/Pk","","","Institutional Supplies : Foodservice","","12.23","","","","","","","","","","true"
"WN0036-06","0036-06","Deluxe Pearl 18/8 Stain. Steel Salad / Dessert Fork  12/Pk","","","Institutional Supplies : Foodservice","","11.86","","","","","","","","","","true"
"WN0036-08","0036-08","Deluxe Pearl 18/8 Stainless Steel Dinner Knife 12/Pk","","","Institutional Supplies : Foodservice","","17.28","","","","","","","","","","true"
"WN0036-12","0036-12","Deluxe Pearl 18/8 Stainless Steel Butter Spreader 12/Pk","","","Institutional Supplies : Foodservice","","12.13","","","","","","","","","","true"
"WN0037-01","0037-01","Venice 18/8 Stainless Steel Teaspoon  12/Pk","","","Institutional Supplies : Foodservice","","0","","","","","","","","","","true"
"WN0037-03","0037-03","Venice 18/8 Stainless Steel Dinner Spoon  12/Pk","","","Institutional Supplies : Foodservice","","16.37","","","","","","","","","","true"
"WN0037-04","0037-04","Venice 18/8 Stainless Steel Bouillon Spoon  12/Pk","","","Institutional Supplies : Foodservice","","13.19","","","","","","","","","","true"
"WN0037-05","0037-05","Venice 18/8 Stainless Steel Dinner Fork 12/Pk","","","Institutional Supplies : Foodservice","","0","","","","","","","","","","true"
"WN0037-06","0037-06","Venice 18/8 Stainless Steel Salad / Dessert Fork  12/Pk","","","Institutional Supplies : Foodservice","","13.73","","","","","","","","","","true"
"WN0037-08","0037-08","Venice 18/8 Stainless Steel Dinner Knife  12/Pk","","","Institutional Supplies : Foodservice","","0","","","","","","","","","","true"
"WN0037-12","0037-12","Venice 18/8 Stainless Steel Butter Spreader  12/Pk","","","Institutional Supplies : Foodservice","","0","","","","","","","","","","true"
"WN004-08","0004-08","Elegance 18/0 Stainless Steel Dinner Knife   12/Pk","","","Institutional Supplies : Foodservice","","4.25","","","","","","","","","","true"
"WN201","201","Malibu 8Qt Oblong Full Size Chafer With Gold Accents","","","Equipment : Heating","","30.4","","","","","","","","","","true"
"WN211","211","Stainless Steel 11Qt Soup Warmer (Uses One Chafing Fuel)","","","Equipment : Other Appliances","","49.42","","","","","","","","","","true"
"WN601","601","Madison 8Qt Oblong Full Size Roll Top Chafer","","","Equipment : Heating","","128.78","","","","","","","","","","true"
"WN602","602","Madison 6Qt Round Roll Top Chafer","","","Equipment : Heating","","119.4","","","","","","","","","","true"
"WN602-FP","602-FP","Stainless Steel 2.5"" Round Food Pan ( For 602 Chafer )","","","Institutional Supplies : Foodservice","","18.5","","","","","","","","","","true"
"WN602-WP","602-FP","Stainless Steel Round Water Pan ( For 602 Chafer )","","","Institutional Supplies : Foodservice","","18.5","","","","","","","","","","true"
"WN901","901","2.2 Gal Juice Dispenser W/ Ice Core & Gold Accents","","","Institutional Supplies : Foodservice","","98.08","","","","","","","","","","true"
"WN902","902","2.2 Gal Juice Dispenser W/ Ice Core & Stainless Steel Accents","","","Institutional Supplies : Foodservice","","75.94","","","","","","","","","","true"
"WN904","904","2 Gal Juice Dispenser W/ Ice Core & Stainless Steel Finish","","","Institutional Supplies : Foodservice","","50.74","","","","","","","","","","true"
"WNACP-032","ACP-032","Aluminium Round Layer Cake Pan ( 3 X 2 )  12/Cs","","","Institutional Supplies : Foodservice","","1.99","","","","","","","","","","true"
"WNACP-042","ACP-042","Aluminium Round Layer Cake Pan ( 4 X 2 )  12/Cs","","","Institutional Supplies : Foodservice","","2.38","","","","","","","","","","true"
"WNACP-062","ACP-062","Aluminium Round Layer Cake Pan ( 6 X 2 )  6/Cs","","","Institutional Supplies : Foodservice","","2.26","","","","","","","","","","true"
"WNACP-063","ACP-063","Aluminium Round Layer Cake Pan ( 6 X 3 )  6/Cs","","","Institutional Supplies : Foodservice","","3.71","","","","","","","","","","true"
"WNACP-082","ACP-082","Aluminium Round Layer Cake Pan ( 8 X 2 )  6/Cs","","","Institutional Supplies : Foodservice","","3.58","","","","","","","","","","true"
"WNACP-083","ACP-083","Aluminium Round Layer Cake Pan ( 8 X 3 ) 6/Cs","","","Institutional Supplies : Foodservice","","4.96","","","","","","","","","","true"
"WNACP-093","ACP-093","Aluminium Round Layer Cake Pan ( 9 X 3 )  6/Cs","","","Institutional Supplies : Foodservice","","6.25","","","","","","","","","","true"
"WNACP-102","ACP-102","Aluminium Round Layer Cake Pan ( 10 X 2 ) 6/Cs","","","Institutional Supplies : Foodservice","","8.81","","","","","","","","","","true"
"WNACP-103","ACP-103","Aluminium Round Layer Cake Pan ( 10 X 3 ) 6/Cs","","","Institutional Supplies : Foodservice","","6.12","","","","","","","","","","true"
"WNACP-123","ACP-123","Aluminium Round Layer Cake Pan ( 12 X 3 ) 6/Cs","","","Institutional Supplies : Foodservice","","8.92","","","","","","","","","","true"
"WNADC-2","ADC-2","Acrylic Display 2 Tray Case W/ Front & Rear Doors (21X18X12 )","","","Institutional Supplies : Foodservice","","118.83","","","","","","","","","","true"
"WNADC-3","ADC-3","Acrylic Display 3 Tray Case W/ Front & Rear Door (21X18X16.5)","","","Institutional Supplies : Foodservice","","171.4","","","","","","","","","","true"
"WNADC-4","ADC-4","Acrylic Display 4 Tray Case W/ Front & Rear Doors (14X24X24)","","","Institutional Supplies : Foodservice","","230.95","","","","","","","","","","true"
"WNAFP-10A-H","AFP-10A-H","10"" Gladiator Aluminum Natural Finish Fry Pan W/Sleeve 6/Cs","","","Institutional Supplies : Foodservice","","11.9","","","","","","","","","","true"
"WNAFP-10NS","AFP-10NS","10"" Quantum Non-Stick Aluminum Fry Pan  6/Cs","","","Institutional Supplies : Foodservice","","11.51","","","","","","","","","","true"
"WNAFP-10NS-H","AFP-10NS-H","10"" Quantum Non-Stick Aluminum Fry Pan With Sleeve       6/Cs","","","Institutional Supplies : Foodservice","","14.31","","","","","","","","","","true"
"WNAFP-12A-H","AFP-12A-H","12"" Gladiator Aluminum Natural Finish Fry Pan W/Sleeve 6/Cs","","","Institutional Supplies : Foodservice","","10.98","","","","","","","","","","true"
"WNAFP-12NS-H","AFP-12NS-H","12"" Quantum Non-Stick Aluminum Fry Pan With Sleeve       6/Cs","","","Institutional Supplies : Foodservice","","18.77","","","","","","","","","","true"
"WNAFP-14A-H","AFP-14A-H","14"" Gladiator Natural Finish Fry Pan With Sleeve 6/Cs","","","Institutional Supplies : Foodservice","","21.4","","","","","","","","","","true"
"WNAFP-14NS","AFP-14NS","14"" Quantum Non-Stick Aluminum Fry Pan        6/Cs","","","Institutional Supplies : Foodservice","","22","","","","","","","","","","true"
"WNAFP-14NS-H","AFP-14NS-H","14"" Quantum Non-Stick Aluminum Fry Pan With Sleeve       6/Cs","","","Institutional Supplies : Foodservice","","26.88","","","","","","","","","","true"
"WNAFP-14XC-H","AFP-14XC-H","14"" Gladiator Excalibur Non - Stick Fry Pan With Sleeve 6/Cs","","","Institutional Supplies : Foodservice","","27.74","","","","","","","","","","true"
"WNAFP-7NS-H","AFP-7NS-H","7"" Quantum Non-Stick Aluminum Fry Pan With Sleeve       6/Cs","","","Institutional Supplies : Foodservice","","8.41","","","","","","","","","","true"
"WNAFP-8A-H","AFP-8A-H","8"" Gladiator Natural Finish Fry Pan With Sleeve 6/Cs","","","Institutional Supplies : Foodservice","","9.61","","","","","","","","","","true"
"WNAFP-8NS","AFP-8NS","8"" Quantum Non-Stick Aluminum Fry Pan      6/Cs","","","Institutional Supplies : Foodservice","","7.79","","","","","","","","","","true"
"WNAFP-8NS-H","AFP-8NS-H","8"" Quantum Non-Stick Aluminum Fry Pan With Sleeve       6/Cs","","","Institutional Supplies : Foodservice","","10.1","","","","","","","","","","true"
"WNAFP-8XC-H","AFP-8XC-H","8"" Gladiator Excalibur Non - Stick Fry Pan With Sleeve 6/Cs","","","Institutional Supplies : Foodservice","","7.68","","","","","","","","","","true"
"WNAFPI-10NH","AFPI-10NH","10"" Induction Ready Aluminum Nonstick Fry Pan W Sleeve 6/Cs","","","Institutional Supplies : Foodservice","","24.48","","","","","","","","","","true"
"WNAFPI-12H","AFPI-12H","12"" Induction Ready Aluminum Fry Pan   6/Cs","","","Institutional Supplies : Foodservice","","27.06","","","","","","","","","","true"
"WNAFPI-8NH","AFPI-8NH","8"" Induction Ready Alum. Non Stick Fry Pan W/Sleeve  6/Cs","","","Institutional Supplies : Foodservice","","18.27","","","","","","","","","","true"
"WNAICD-12","AICD-12","3oz Stainless Steel Ice Cream Dipper 12/Cs","","","Institutional Supplies : Foodservice","","3.95","","","","","","","","","","true"
"WNAICD-16","AICD-16","2.5oz Stainless Steel Ice Cream Dipper 12/Cs","","","Institutional Supplies : Foodservice","","3.95","","","","","","","","","","true"
"WNALB-15","ALB-15","15Qt Aluminum Brazier","","","Institutional Supplies : Foodservice","","36.74","","","","","","","","","","true"
"WNALB-18","ALB-18","18Qt Aluminum Brazier","","","Institutional Supplies : Foodservice","","42.51","","","","","","","","","","true"
"WNALPC-10","ALPC-10","Aluminum Stock Pot Cover ( For ALST-10 & ALST-12 ) 6/Cs","","","Institutional Supplies : Foodservice","","6.26","","","","","","","","","","true"
"WNALPC-16","ALPC-16","Aluminum Stock Pot Cover ( For ALST-16 ) 6/Cs","","","Institutional Supplies : Foodservice","","1.62","","","","","","","","","","true"
"WNALPC-20","ALPC-20","Aluminum Stock Pot Cover ( For ALST-20 ) 6/Cs","","","Institutional Supplies : Foodservice","","7.76","","","","","","","","","","true"
"WNALPC-24","ALPC-24","Aluminum Stock Pot Cover ( For ALST-24 ) 6/Cs","","","Institutional Supplies : Foodservice","","2.28","","","","","","","","","","true"
"WNALPC-32","ALPC-32","Aluminum Stock Pot & Brazier Cover ( ALST-32 & ALB-15 )6/Cs","","","Institutional Supplies : Foodservice","","12.64","","","","","","","","","","true"
"WNALPC-40","ALPC-40","Aluminum Stock Pot Cover ( For ALST-40 ) 6/Cs","","","Institutional Supplies : Foodservice","","14.33","","","","","","","","","","true"
"WNALPC-50","ALPC-50","Aluminum Stock Pot & Brazier Cover (ALST-50&60, ALB-18)6/Cs","","","Institutional Supplies : Foodservice","","14.15","","","","","","","","","","true"
"WNALPC-8","ALPC-8","Aluminum Stock Pot Cover ( For ALST-8 ) 6/Cs","","","Institutional Supplies : Foodservice","","4.35","","","","","","","","","","true"
"WNALPC-80","ALPC-80","Aluminum Stock Pot Cover ( For ALST-80 ) 6/Cs","","","Institutional Supplies : Foodservice","","18.93","","","","","","","","","","true"
"WNALRK-20BK","ALRK-20BK","20 Tier End Load Sheet Pan Rack With 3"" Spacing & Brake","","","Equipment","","158.47","","","","","","","","","","true"
"WNALRK-20-CV","ALRK-20-CV","Plastic Cover For 20 & 30 Tier Sheet Pan Racks  12/Cs","","","Equipment","","25.32","","","","","","","","","","true"
"WNALRK-20-HC","ALRK-20-HC","Plastic Cover For 20 & 30 Tier Sheet Pan Racks W/Window 12/Cs","","","Equipment","","50.67","","","","","","","","","","true"
"WNALSP-10","ALSP-10","10Qt Aluminum Fryer / Pasta Pan 6/Cs","","","Institutional Supplies : Foodservice","","24.59","","","","","","","","","","true"
"WNALST-10","ALST-10","10Qt Aluminum Stock Pot","","","Institutional Supplies : Foodservice","","20.72","","","","","","","","","","true"
"WNALST-12","ALST-12","12Qt Aluminum Stock Pot","","","Institutional Supplies : Foodservice","","23.98","","","","","","","","","","true"
"WNALST-16","ALST-16","16Qt Aluminum Stock Pot","","","Institutional Supplies : Foodservice","","37.74","","","","","","","","","","true"
"WNALST-20","ALST-20","20Qt Aluminum Stock Pot","","","Institutional Supplies : Foodservice","","34.63","","","","","","","","","","true"
"WNALST-24","ALST-24","24Qt Aluminum Stock Pot","","","Institutional Supplies : Foodservice","","37.1","","","","","","","","","","true"
"WNALST-32","ALST-32","32Qt Aluminum Stock Pot","","","Institutional Supplies : Foodservice","","44.14","","","","","","","","","","true"
"WNALST-40","ALST-40","40Qt Aluminum Stock Pot","","","Institutional Supplies : Foodservice","","53.24","","","","","","","","","","true"
"WNALST-60","ALST-60","60Qt Aluminum Stock Pot","","","Institutional Supplies : Foodservice","","85.22","","","","","","","","","","true"
"WNALST-8","ALST-8","8Qt Aluminum Stock Pot","","","Institutional Supplies : Foodservice","","14.6","","","","","","","","","","true"
"WNALST-80","ALST-80","80Qt Aluminum Stock Pot","","","Institutional Supplies : Foodservice","","91.73","","","","","","","","","","true"
"WNALXP-0609","ALXP-0609","Eigth Size Aluminum Sheet Pan ( 6.5 X 9.5 )  24/Cs","","","Institutional Supplies : Foodservice","","3.11","","","","","","","","","","true"
"WNALXP-1013","ALXP-1013","Quarter Size Aluminum Sheet Pan ( 9.5 X 13 )   24/Cs","","","Institutional Supplies : Foodservice","","3.67","","","","","","","","","","true"
"WNALXP-1318","ALXP-1318","Half Size Aluminium Sheet Pan ( 13 X 18 )    12/Cs","","","Institutional Supplies : Foodservice","","5.72","","","","","","","","","","true"
"WNALXP-1318P","ALXP-1318P","Half Size Aluminium Perforated Sheet Pan ( 13 X 18 )  12/Cs","","","Institutional Supplies : Foodservice","","6.5","","","","","","","","","","true"
"WNALXP-1622","ALXP-1622","Two Third Size Aluminum Sheet Pan ( 16 X 22 ) 12/Cs","","","Institutional Supplies : Foodservice","","7.65","","","","","","","","","","true"
"WNALXP-1826","ALXP-1826","Full Size Aluminium Sheet Pan (18 X 26 )  12/Cs","","","Institutional Supplies : Foodservice","","8.62","","","","","","","","","","true"
"WNALXP-1826P","ALXP-1826P","Full Size Aluminium Perforated Sheet Pan ( 18 X 26 )   12/Cs","","","Institutional Supplies : Foodservice","","12.01","","","","","","","","","","true"
"WNALZK-20BK","ALZK-20BK","20 Tier Nesting Sheet Pan Rack With 3"" Spacing & Brake","","","Equipment","","135.19","","","","","","","","","","true"
"WNAMF-12","AMF-12","12 Cup (3oz) Aluminum Muffin / Cupcake Pan 24/Cs","","","Institutional Supplies : Foodservice","","12.89","","","","","","","","","","true"
"WNAMF-24MNS","AMF-24MNS","24 Cup (1.5oz) Non Stick Cupcake Pan 12/Cs","","","Institutional Supplies : Foodservice","","6.85","","","","","","","","","","true"
"WNAMF-24NS","AMF-24NS","24 Cup (3oz) Non Stick Muffin / Cupcake Pan 12/Cs","","","Institutional Supplies : Foodservice","","29.3","","","","","","","","","","true"
"WNAMF-6NS","AMF-6NS","6 Cup (7oz) Non Stick Jumbo Muffin Pan 24/Cs","","","Institutional Supplies : Foodservice","","10.34","","","","","","","","","","true"
"WNAMT-4","AMT-4","2-Sided Heavy Aluminum Meat Tenderizer   12/Cs","","","Institutional Supplies : Foodservice","","9.99","","","","","","","","","","true"
"WNAP-535","AP-535","3Litre Glass Lined Push Button Airpot 6/Cs","","","Institutional Supplies : Foodservice","","29.26","","","","","","","","","","true"
"WNAPP-52","APP-52","52"" Alumin. Pizza Peel W/Wood Handle ( 12 X 14 Blade) 12/Cs","","","Institutional Supplies : Foodservice","","9.99","","","","","","","","","","true"
"WNAPZT-10","APZT-10","10"" Aluminum Wide Rim Pizza Pan 12/Cs","","","Institutional Supplies : Foodservice","","1.79","","","","","","","","","","true"
"WNAPZT-12","APZT-12","12"" Aluminum Wide Rim Pizza Pan 12/Cs","","","Institutional Supplies : Foodservice","","2.49","","","","","","","","","","true"
"WNAPZT-14","APZT-14","14"" Aluminum Wide Rim Pizza Pan  12/Cs","","","Institutional Supplies : Foodservice","","3.24","","","","","","","","","","true"
"WNAPZT-16","APZT-16","16"" Aluminum Wide Rim Pizza Pan 12/Cs","","","Institutional Supplies : Foodservice","","2.84","","","","","","","","","","true"
"WNAPZT-18","APZT-18","18"" Aluminum Wide Rim Pizza Pan 12/Cs","","","Institutional Supplies : Foodservice","","3.58","","","","","","","","","","true"
"WNAPZT-8","APZT-8","8"" Aluminum Wide Rim Pizza Pan 12/Cs","","","Institutional Supplies : Foodservice","","0.83","","","","","","","","","","true"
"WNAPZT-9","APZT-9","9"" Aluminum Wide Rim Pizza Pan 12/Cs","","","Institutional Supplies : Foodservice","","1.48","","","","","","","","","","true"
"WNARP-15","ARP-15","15"" Aluminum Rolling Pin 6/Cs","","","Institutional Supplies : Foodservice","","32.49","","","","","","","","","","true"
"WNARP-18","ARP-18","18"" Aluminum Rolling Pin 6/Cs","","","Institutional Supplies : Foodservice","","21.19","","","","","","","","","","true"
"WNAS-12","AS-12","12oz Aluminium Scoop 12/Cs","","","Institutional Supplies : Foodservice","","1.25","","","","","","","","","","true"
"WNAS-24","AS-24","24oz Aluminium Scoop 12/Cs","","","Institutional Supplies : Foodservice","","3.71","","","","","","","","","","true"
"WNAS-38","AS-38","38oz Aluminium Scoop 12/Cs","","","Institutional Supplies : Foodservice","","5.69","","","","","","","","","","true"
"WNAS-5","AS-5","5oz Aluminum Scoop 12/Cs","","","Institutional Supplies : Foodservice","","1.28","","","","","","","","","","true"
"WNAS-58","AS-58","58oz Aluminum Scoop 12/Cs","","","Institutional Supplies : Foodservice","","5.88","","","","","","","","","","true"
"WNAS-85","AS-85","85oz Aluminum Scoop 12/Cs","","","Institutional Supplies : Foodservice","","7.57","","","","","","","","","","true"
"WNASFP-11NS","ASFP-11NS","11"" Quantum Aluminum Stir Fry Pan With Sleeve       6/Cs","","","Institutional Supplies : Foodservice","","23.91","","","","","","","","","","true"
"WNASP-1","ASP-1","1.5Qt Aluminum Sauce Pan","","","Institutional Supplies : Foodservice","","8.42","","","","","","","","","","true"
"WNASP-10","ASP-10","10Qt Aluminum Sauce Pan","","","Institutional Supplies : Foodservice","","27.71","","","","","","","","","","true"
"WNASP-10C","ASP-10C","Aluminum Sauce Pan Cover ( For ASP-10 )","","","Institutional Supplies : Foodservice","","8.22","","","","","","","","","","true"
"WNASP-1C","ASP-1C","Aluminum Sauce Pan Cover ( For ASP-1 )","","","Institutional Supplies : Foodservice","","2.43","","","","","","","","","","true"
"WNASP-2","ASP-2","2.5Qt Aluminum Sauce Pan","","","Institutional Supplies : Foodservice","","10.86","","","","","","","","","","true"
"WNASP-3C","ASP-3C","Lid For 3.75Qt Sauce Pan","","","Institutional Supplies : Foodservice","","2.01","","","","","","","","","","true"
"WNASP-5C","ASP-5C","Lid For 5 Qt Sauce Pan","","","Institutional Supplies : Foodservice","","2.73","","","","","","","","","","true"
"WNASP-7","ASP-7","7Qt Aluminum Sauce Pan","","","Institutional Supplies : Foodservice","","18.99","","","","","","","","","","true"
"WNASP-7C","ASP-7C","Aluminum Sauce Pan Cover ( For ASP-7 )","","","Institutional Supplies : Foodservice","","7.13","","","","","","","","","","true"
"WNAST-3G","AST-3G","Gold Acrylic Display Tray ( 20.5 X 12.75 X 1.38 )  24/Cs","","","Institutional Supplies : Foodservice","","21.05","","","","","","","","","","true"
"WNAST-3S","AST-3S","Silver Acrylic Display Tray ( 20.5 X 12.75 X 1.38 )  24/Cs","","","Institutional Supplies : Foodservice","","20.44","","","","","","","","","","true"
"WNATC-16S","ATC-16S","6"" Silver Aluminum Table Crumber With Clip 60/Cs","","","Institutional Supplies : Foodservice","","0.66","","","","","","","","","","true"
"WNATCH-46","ATCH-46","Double Sided Clear Acrylic Menu Stand  ( 4 X 6 ) 12/Cs","","","Institutional Supplies : Foodservice","","1.34","","","","","","","","","","true"
"WNAXST-5","AXST-5","5Qt Heavy Weight Aluminum Saute Pan","","","Institutional Supplies : Foodservice","","14.2","","","","","","","","","","true"
"WNBA-2724K","BA-2724K","Mid Length Bib Apron With 3 Pockets - Black 12/Cs","","","Institutional Supplies : Personal Protection","","8.26","","","","","","","","","","true"
"WNBA-2724W","BA-2724W","Mid Length Bib Apron With 3 Pockets - Whte 12/Cs","","","Institutional Supplies : Personal Protection","","5.97","","","","","","","","","","true"
"WNBA-3327B","BA-3327B","Mid-Weight Bib Apron With 8 Pockets - Blue  24/Cs","","","Institutional Supplies : Personal Protection","","31.5","","","","","","","","","","true"
"WNBA-3427CS","BA-3427CS","Chalkstripe Bib Apron With 2 Pockets - Black & White  12/Cs","","","Institutional Supplies : Personal Protection","","10.43","","","","","","","","","","true"
"WNBADN-3126","BADN-3126","Heavy Weight Bib Apron With Cross Back - Denim 12/Cs","","","Institutional Supplies : Personal Protection","","25.42","","","","","","","","","","true"
"WNBA-HN","BA-HN","Heavy Naugahyde Vinyl Apron With 1 Pocket - Black  12/Cs","","","Institutional Supplies : Personal Protection","","9.28","","","","","","","","","","true"
"WNBAM-1.25","BAM-1.25","1.25Qt Stainless Steel Bain Marie With Mirror Finish 6/Cs","","","Institutional Supplies : Foodservice","","1.83","","","","","","","","","","true"
"WNBAM-6","BAM-6","6Qt Stainless Steel Bain Marie With Mirror Finish 6/Cs","","","Institutional Supplies : Foodservice","","6.75","","","","","","","","","","true"
"WNBAMC-1.25","BAMC-1.25","Stainless Steel Cover For 1.25Qt Bain Marie 12/Cs","","","Institutional Supplies : Foodservice","","1.03","","","","","","","","","","true"
"WNBAMC-6","BAMC-6","Stainless Steel Cover For 6Qt Bain Marie 12/Cs","","","Institutional Supplies : Foodservice","","2.49","","","","","","","","","","true"
"WNBA-PBK","BA-PBK","Full Length Bib Apron With 2 Pockets - Black  12/Cs","","","Institutional Supplies : Personal Protection","","5.19","","","","","","","","","","true"
"WNBA-PBL","BA-PBL","Full Length Bib Apron With 2 Pockets - Blue  12/Cs","","","Institutional Supplies : Personal Protection","","4.88","","","","","","","","","","true"
"WNBA-PGN","BA-PLG","Full Length Bib Apron With 2 Pockets - Bright Green  12/Cs","","","Institutional Supplies : Personal Protection","","4.88","","","","","","","","","","true"
"WNBA-PWH","BA-PWH","Full Length Bib Apron With 2 Pockets - White  12/Cs","","","Institutional Supplies : Personal Protection","","5.19","","","","","","","","","","true"
"WNBAW-2540BK","BAW-2540BK","Dishwashing Lightweight Vinyl Apron - Black (25.5X40) 12/Cs","","","Institutional Supplies : Personal Protection","","8.69","","","","","","","","","","true"
"WNBAW-2740BN","BAW-2740N","Dishwashing Heavyweight Vinyl Apron - Brown (27.5X40) 12/Cs","","","Institutional Supplies : Personal Protection","","7.45","","","","","","","","","","true"
"WNBCS-3","BCS-3","3oz Stainless Steel Bell Creamer 12/Cs","","","Institutional Supplies : Foodservice","","0.65","","","","","","","","","","true"
"WNBCS-5","BCS-5","5oz Stainless Steel Bell Creamer 12/Cs","","","Institutional Supplies : Foodservice","","1.17","","","","","","","","","","true"
"WNBGCB-1212","BGCB-1212","Grey Premium Catering Delivery Bag ( 12 X 12 X 12 )  6/Cs","","","Institutional Supplies : Foodservice","","21.75","","","","","","","","","","true"
"WNBGCB-1709","BGCB-1709","Grey Premium Catering Delivery Bag ( 17 X 13 X 9 )  6/Cs","","","Institutional Supplies : Foodservice","","28.32","","","","","","","","","","true"
"WNBGDB-1616","BGDB-1616","Grey Premium Delivery Backpack ( 16 X 13 X 16 ) 4/Cs","","","Institutional Supplies : Foodservice","","35.22","","","","","","","","","","true"
"WNBGDV-12","BGDV-12","Red Delivery Bag ( 12 X 12 X 12 ) 6/Cs","","","Institutional Supplies : Foodservice","","13.79","","","","","","","","","","true"
"WNBGDV-22","BGDV-22","Red Delivery Bag ( 22 X 22 X 12 ) 6/Cs","","","Institutional Supplies : Foodservice","","23.01","","","","","","","","","","true"
"WNBGPZ-2109","BGPZ-2109","Grey Premium Pizza Delivery Bag ( 21.5 X 21.5 X 9 )  6/Cs","","","Institutional Supplies : Foodservice","","25.01","","","","","","","","","","true"
"WNBHKP-21","BHKP-21","21"" Heavy Duty Perforated Basting Spoon With Hook  6/Cs","","","Institutional Supplies : Foodservice","","22.26","","","","","","","","","","true"
"WNBHKS-21","BHKS-21","21"" Heavy Duty Solid Basting Spoon With Hook   6/Cs","","","Institutional Supplies : Foodservice","","5.06","","","","","","","","","","true"
"WNBL-240C","BL-240C","Clear Bar Liner (Bpa Free) ( 2' X 40' ) 2/Cs","","","Institutional Supplies : Foodservice","","34.07","","","","","","","","","","true"
"WNBL-240K","BL-240K","Black Bar Liner (Bpa Free) ( 2' X 40' ) 2/Cs","","","Institutional Supplies : Foodservice","","34.07","","","","","","","","","","true"
"WNBM1812B","BM1812B","Brown Bar Mat ( 12 X 18 )  12/Cs","","","Institutional Supplies : Foodservice","","5.6","","","","","","","","","","true"
"WNBM-1812K","BM-1812K","Black Bar Mat ( 12 X 18 ) 12/Cs","","","Institutional Supplies : Foodservice","","8.18","","","","","","","","","","true"
"WNBM-327K","BM-327K","Black Bar Rail Spill Mat ( 27 X 3.25 ) 12/Cs","","","Institutional Supplies : Foodservice","","4.11","","","","","","","","","","true"
"WNBPS-11","BPS-11","11"" Stainless Steel Bar Spoon With Red Knob 24/Cs","","","Institutional Supplies : Foodservice","","0.79","","","","","","","","","","true"
"WNBR-12","BR-12","12"" Oven & Grill Brush With Brass Wire  12/Cs","","","Institutional Supplies : Cleaning Supplies","","1.39","","","","","","","","","","true"
"WNBR-27","BR-27","27"" Pizza Oven Scraper With Wooden Handle  12/Cs","","","Institutional Supplies : Cleaning Supplies","","2.37","","","","","","","","","","true"
"WNBR-30","BR-30","30"" Pizza Oven / Broiler Brush 8/Cs","","","Institutional Supplies : Cleaning Supplies","","8.12","","","","","","","","","","true"
"WNBR-500","BR-500","20"" Scratch Brush With Wire Bristles 6/Cs","","","Institutional Supplies : Cleaning Supplies","","3.68","","","","","","","","","","true"
"WNBR-7B","BR-7B","7"" Utility Brush With Brass Bristles 24/Cs","","","Institutional Supplies : Cleaning Supplies","","1.03","","","","","","","","","","true"
"WNBRN-20P","BRN-20P","20"" Pot Scrubbing Brush With Nylon Bristles 12/Cs","","","Institutional Supplies : Cleaning Supplies","","3.77","","","","","","","","","","true"
"WNBRN-8P","BRN-8P","8"" Pot Scrubbing Brush With Nylon Bristiles 12/Cs","","","Institutional Supplies : Cleaning Supplies","","2.62","","","","","","","","","","true"
"WNBS-3P","BS-3P","28oz 3-Pc Stainless Steel Cocktail Bar Shaker Set 12/Cs","","","Institutional Supplies : Foodservice","","6.08","","","","","","","","","","true"
"WNBS-64","BS-64","64oz Stainless Steel Coffee Server With Cover 12/Cs","","","Institutional Supplies : Foodservice","","9.38","","","","","","","","","","true"
"WNBSFK-18","BSFK-18","18"" Stainless Steel Basting Fork 12/Cs","","","Institutional Supplies : Foodservice","","1.78","","","","","","","","","","true"
"WNBSFK-21","BSFK-21","21"" Stainless Steel Basting Fork 12/Cs","","","Institutional Supplies : Foodservice","","1.49","","","","","","","","","","true"
"WNBSOT-11","BSOT-11","11"" Stainless Steel Solid Basting Spoon   12/Cs","","","Institutional Supplies : Foodservice","","1.99","","","","","","","","","","true"
"WNBSOT-13","BSOT-13","13"" Stainless Steel Solid Basting Spoon   12/Cs","","","Institutional Supplies : Foodservice","","0.97","","","","","","","","","","true"
"WNBSOT-15","BSOT-15","15"" Stainless Steel Solid Basting Spoon   12/Cs","","","Institutional Supplies : Foodservice","","1.21","","","","","","","","","","true"
"WNBSOT-18","BSOT-18","18"" Stainless Steel Solid Basting Spoon   12/Cs","","","Institutional Supplies : Foodservice","","1.8","","","","","","","","","","true"
"WNBSPT-11","BSPT-11","11"" Stainless Steel Perforated Basting Spoon   12/Cs","","","Institutional Supplies : Foodservice","","0.49","","","","","","","","","","true"
"WNBSPT-13","BSPT-13","13"" Stainless Steel Perforated Basting Spoon   12/Cs","","","Institutional Supplies : Foodservice","","0.97","","","","","","","","","","true"
"WNBSPT-15","BSPT-15","15"" Stainless Steel Perforated Basting Spoon   12/Cs","","","Institutional Supplies : Foodservice","","0.59","","","","","","","","","","true"
"WNBSPT-18","BSPT-18","18"" Stainless Steel Perforated Basting Spoon   12/Cs","","","Institutional Supplies : Foodservice","","1.06","","","","","","","","","","true"
"WNBSST-11H","BSST-11H","11"" Stainless Steel Heavy Duty Slotted Basting Spoon   12/Cs","","","Institutional Supplies : Foodservice","","1.2","","","","","","","","","","true"
"WNBSST-13H","BSST-13H","13"" Stainless Steel Heavy Duty Slotted Basting Spoon   12/Cs","","","Institutional Supplies : Foodservice","","1.32","","","","","","","","","","true"
"WNBSST-15H","BSST-15H","15"" Stainless Steel Heavy Duty Slotted Basting Spoon   12/Cs","","","Institutional Supplies : Foodservice","","1.49","","","","","","","","","","true"
"WNBSST-18","BSST-18","18"" Stainless Steel Slotted Basting Spoon   12/Cs","","","Institutional Supplies : Foodservice","","1.8","","","","","","","","","","true"
"WNBST-4P","BST-4P","4 Prong Stainless Steel Hawthorne Bar Strainer 12/Cs","","","Institutional Supplies : Foodservice","","1.32","","","","","","","","","","true"
"WNBTGP-21","BTGP-21","12-Pk Glass Polishing Towel - White W/Red Stripe (16 X 29)","","","Institutional Supplies : Foodservice","","5.85","","","","","","","","","","true"
"WNBTH-2028G","BTH-2028G","12-Pk Herringbone Bar Towel - White W/Green Stripe (20X28)","","","Institutional Supplies : Foodservice","","8.71","","","","","","","","","","true"
"WNBTM-16AC","BTM-16AC","6-Pk Microfiber Towel - Assorted Colours (16 X 16)","","","Institutional Supplies : Foodservice","","5.42","","","","","","","","","","true"
"WNBTM-16W","BTM-16W","6-Pk Microfiber Towel - White (16 X 16)","","","Institutional Supplies : Foodservice","","5.62","","","","","","","","","","true"
"WNBTW-30","BTW-30","12-Pk Cotton Bar Towel - White (16 X 19)","","","Institutional Supplies : Foodservice","","6.28","","","","","","","","","","true"
"WNC-3F","C-3F","Wire Stand For Full Size Steam Pans With Fuel Holders 10/Cs","","","Equipment : Heating","","3.42","","","","","","","","","","true"
"WNCB-6K","CB-6K","6-Slot Vinyl Coated Cutting Board Rack      10/Cs","","","Institutional Supplies : Foodservice","","10.9","","","","","","","","","","true"
"WNCB-6L","CB-6L","6-Slot Chrome Plated Cutting Board Rack         6/Cs","","","Institutional Supplies : Foodservice","","4.95","","","","","","","","","","true"
"WNCBBN-1218","CBBN-1218","12 X 18 Cutting Board - Brown 6/Cs","","","Institutional Supplies : Foodservice","","7.41","","","","","","","","","","true"
"WNCBBN-1520","CBBN-1520","15 X 20 Cutting Board - Brown 6/Cs","","","Institutional Supplies : Foodservice","","7.26","","","","","","","","","","true"
"WNCBBN-1824","CBBN-1824","18 X 24 Cutting Board - Brown 6/Cs","","","Institutional Supplies : Foodservice","","11.82","","","","","","","","","","true"
"WNCBBU-1218","CBBU-1218","12 X 18 Cutting Board - Blue 6/Cs","","","Institutional Supplies : Foodservice","","7.3","","","","","","","","","","true"
"WNCBBU-1520","CBBU-1520","15 X 20 Cutting Board - Blue 6/Cs","","","Institutional Supplies : Foodservice","","7.26","","","","","","","","","","true"
"WNCBBU-1824","CBBU-1824","18 X 24 Cutting Board - Blue 6/Cs","","","Institutional Supplies : Foodservice","","15.52","","","","","","","","","","true"
"WNCBEL-1","CBEL-1","3.5"" Chrome Plated Call Bell With Black Plastic Base 12/Cs","","","Institutional Supplies : Foodservice","","1.77","","","","","","","","","","true"
"WNCBGR-1218","CBGR-1218","12 X 18 Cutting Board - Green 6/Cs","","","Institutional Supplies : Foodservice","","5.05","","","","","","","","","","true"
"WNCBGR-1520","CBGR-1520","15 X 20 Cutting Board - Green 6/Cs","","","Institutional Supplies : Foodservice","","10.37","","","","","","","","","","true"
"WNCBGR-1824","CBGR-1824","18 X 24 Cutting Board - Green 6/Cs","","","Institutional Supplies : Foodservice","","10.56","","","","","","","","","","true"
"WNCBN-1520RD","CBN-1520RD","15 X 20 White Cutting Board With Red Rubber Hook 6/Cs","","","Institutional Supplies : Foodservice","","12.71","","","","","","","","","","true"
"WNCBN-1520WT","CBN-1520WT","15 X 20 White Cutting Board With White Rubber Hook 6/Cs","","","Institutional Supplies : Foodservice","","12.71","","","","","","","","","","true"
"WNCBN-1520YL","CBN-1520YL","15 X 20 White Cutting Board With Yellow Rubber Hook  6/Cs","","","Institutional Supplies : Foodservice","","12.71","","","","","","","","","","true"
"WNCBRD-1218","CBRD-1218","12 X 18 Cutting Board - Red 6/Cs","","","Institutional Supplies : Foodservice","","7.41","","","","","","","","","","true"
"WNCBRD-1520","CBRD-1520","15 X 20 Cutting Board - Red 6/Cs","","","Institutional Supplies : Foodservice","","7.26","","","","","","","","","","true"
"WNCBRD-1824","CBRD-1824","18 X 24 Cutting Board - Red 6/Cs","","","Institutional Supplies : Foodservice","","10.88","","","","","","","","","","true"
"WNCBS-1","CBS-1","Chrome Coated Steel Champagne Bottle Stopper 12/Cs","","","Institutional Supplies : Foodservice","","1.71","","","","","","","","","","true"
"WNCBWT-1218","CBWT-1218","12 X 18 Cutting Board - White 6/Cs","","","Institutional Supplies : Foodservice","","7.19","","","","","","","","","","true"
"WNCBWT-1520","CBWT-1520","15 X 20 Cutting Board - White 6/Cs","","","Institutional Supplies : Foodservice","","8.97","","","","","","","","","","true"
"WNCBWT-1824","CBWT-1824","18 X 24 Cutting Board - White 6/Cs","","","Institutional Supplies : Foodservice","","10.44","","","","","","","","","","true"
"WNCBWT-610","CBWT-610","6 X 10 Cutting Board - White 20/Cs","","","Institutional Supplies : Foodservice","","2.17","","","","","","","","","","true"
"WNCBYL-1218","CBYL-1218","12 X 18 Cutting Board - Yellow 6/Cs","","","Institutional Supplies : Foodservice","","5.2","","","","","","","","","","true"
"WNCBYL-1520","CBYL-1520","15 X 20 Cutting Board - Yellow 6/Cs","","","Institutional Supplies : Foodservice","","7.26","","","","","","","","","","true"
"WNCBYL-1824","CBYL-1824","18 X 24 Cutting Board - Yellow 6/Cs","","","Institutional Supplies : Foodservice","","10.55","","","","","","","","","","true"
"WNCCB-10R","CCB-10R","10"" Reinforced Extra Fine Mesh Bouillon Strainer  6/Cs","","","Institutional Supplies : Foodservice","","27.51","","","","","","","","","","true"
"WNCCB-8R","CCB-8R","8"" Reinforced Extra Fine Mesh Bouillon Strainer  6/Cs","","","Institutional Supplies : Foodservice","","22.66","","","","","","","","","","true"
"WNCCOD-11S","CCOD-11S","11"" Stainless Steel Chinese Style Colander (2.5mm Holes)","","","Institutional Supplies : Foodservice","","3.25","","","","","","","","","","true"
"WNCCOD-15L","CCOD-15L","15"" Stainless Steel Chinese Style Colander (5mm Holes)","","","Institutional Supplies : Foodservice","","11.05","","","","","","","","","","true"
"WNCCP-10F","CCP-10F","Fluted Non Stick Bundt Cake Pan ( 10 X 3.25 ) 6/Cs","","","Institutional Supplies : Foodservice","","7.66","","","","","","","","","","true"
"WNCCS-10F","CCS-10F","10"" Fine China Cap Strainer 12/Cs","","","Institutional Supplies : Foodservice","","11.4","","","","","","","","","","true"
"WNCCS-8F","CCS-8F","8"" Fine China Cap Strainer 12/Cs","","","Institutional Supplies : Foodservice","","9.46","","","","","","","","","","true"
"WNC-DP1","C-DP1","Full Size Dome Polycarb Lid For AST-1 Trays","","","Institutional Supplies : Foodservice","","25","","","","","","","","","","true"
"WNC-DPF1","C-DPF1","Full Size Polycarboante Flip Opening Dome Cover","","","Institutional Supplies : Foodservice","","16.8","","","","","","","","","","true"
"WNCF-1","C-F1","Fuel Holder With Cover ( Code: C-F1 ) 12/Cs","","","Institutional Supplies : Foodservice","","2.63","","","","","","","","","","true"
"WNCF-1.5","CF-1.5","1.5L Stainless Steel Lined Push Button Double Wall Carafe","","","Institutional Supplies : Foodservice","","11.74","","","","","","","","","","true"
"WNCF-2.0","CF-2.0","2L Stainless Steel Lined Push Button Double Wall Carafe","","","Institutional Supplies : Foodservice","","13.17","","","","","","","","","","true"
"WNCH-13BG","CH-13BG","13"" Velcro Closure Chef Hat - Burgundy 24/Cs","","","Institutional Supplies : Personal Protection","","1.94","","","","","","","","","","true"
"WNCH-13BK","CH-13BK","13"" Velcro Closure Chef Hat - Black 24/Cs","","","Institutional Supplies : Personal Protection","","2.92","","","","","","","","","","true"
"WNCH-13LG","CH-13LG","13"" Velcro Closure Chef Hat - Bright Green 24/Cs","","","Institutional Supplies : Personal Protection","","1.94","","","","","","","","","","true"
"WNCH-13WH","CH-13WH","13"" Velcro Closure Chef Hat - White  24/Cs","","","Institutional Supplies : Personal Protection","","2.77","","","","","","","","","","true"
"WNCHBC-4BK","CHBC-4BK","4.75"" Baseball Hat - Black 36/Cs","","","Institutional Supplies : Personal Protection","","5.87","","","","","","","","","","true"
"WNC-HDC","C-HDC","Stainless Steel Dome Hinged Lid Cover For Full Steam Pan","","","Institutional Supplies : Foodservice","","21.43","","","","","","","","","","true"
"WNC-HFC1","C-HFC1","Stainless Steel Flat Hinged Lid Cover For Full Steam Pan","","","Institutional Supplies : Foodservice","","18.03","","","","","","","","","","true"
"WNCHK-1K","CHK-1K","10"" X 5.5"" Black Check Holder 12/Cs","","","Institutional Supplies : Foodservice","","1.64","","","","","","","","","","true"
"WNCHK-2K","CHK-2K","5.25 X 8.5"" Black Check Holder W/ Elastic Pen Loop  12/Cs","","","Institutional Supplies : Foodservice","","2.21","","","","","","","","","","true"
"WNCHPB-3BR","CHPB-3BR","3.5""H Ventilated Black Pillbox Hat - Regular   48/Cs","","","Institutional Supplies : Personal Protection","","4.07","","","","","","","","","","true"
"WNCHPB-3BX","CHPB-3BX","3.5""H Ventilated Black Pillbox Hat - X-Large   48/Cs","","","Institutional Supplies : Personal Protection","","3.05","","","","","","","","","","true"
"WNCKS-13","CKS-13","13"" Stainless Steel Cake Stand","","","Institutional Supplies : Foodservice","","6.18","","","","","","","","","","true"
"WNCKS-13C","CKS-13C","12"" Clear Acrylic Cover For Cake Stand   6/Cs","","","Institutional Supplies : Foodservice","","5","","","","","","","","","","true"
"WNCLSO-2T","CLSO-2T","Black Cup & Lid Organiser 3-Tiers & 2 Stacks","","","Institutional Supplies : Foodservice","","60.37","","","","","","","","","","true"
"WNCMF-12M","CMF-12M","12 Cup (0.75oz) Carbon Steel Mini Cupcake Pan 6/Cs","","","Institutional Supplies : Foodservice","","4.94","","","","","","","","","","true"
"WNCO-501","CO-501","Chrome Wing Type Corkscrew 12/Cs","","","Institutional Supplies : Foodservice","","3.1","","","","","","","","","","true"
"WNCO-530","CO-530","White Handle Can Opener 12/Cs","","","Institutional Supplies : Foodservice","","5.06","","","","","","","","","","true"
"WNCO-711","CO-711","Stainless Steel Waiter'S Corkscrew  12/Cs","","","Institutional Supplies : Foodservice","","1.03","","","","","","","","","","true"
"WNCO-902","CO-902","Twist & Out Can Opener With Crank Handle  12/Cs","","","Institutional Supplies : Foodservice","","12.07","","","","","","","","","","true"
"WNCOD-14","COD-14","14 Qt. All Purpose Stainless Steel Colander   12/Cs","","","Institutional Supplies : Foodservice","","9.92","","","","","","","","","","true"
"WNCOD-3","COD-3","3 Qt. All Purpose Stainless Steel Colander   12/Cs","","","Institutional Supplies : Foodservice","","3.88","","","","","","","","","","true"
"WNCOD-5","COD-5","5 Qt. All Purpose Stainless Steel Colander   12/Cs","","","Institutional Supplies : Foodservice","","3.57","","","","","","","","","","true"
"WNCOD-8","COD-8","8 Qt. All Purpose Stainless Steel Colander   12/Cs","","","Institutional Supplies : Foodservice","","4.53","","","","","","","","","","true"
"WNCS-44P","CS-44P","Cheese Slicer W/44"" Wire & Polyethylene Handles 12/Cs","","","Institutional Supplies : Foodservice","","5.42","","","","","","","","","","true"
"WNCVBS-10C","CVBS-10C","10"" Clear Polycarbonate Curved Buffet Spoon  12/Cs","","","Institutional Supplies : Foodservice","","0.89","","","","","","","","","","true"
"WNCVST-12C","CVST-12C","12"" Clear Polycarbonate Curved Tongs   12/Cs","","","Institutional Supplies : Foodservice","","1.09","","","","","","","","","","true"
"WNCVST-12K","CVST-12K","12"" Black Polycarbonate Curved Tongs   12/Cs","","","Institutional Supplies : Foodservice","","1.09","","","","","","","","","","true"
"WNCVST-12R","CVST-12R","12"" Red Polycarbonate Curved Tongs   12/Cs","","","Institutional Supplies : Foodservice","","1.09","","","","","","","","","","true"
"WNCVST-6C","CVST-6C","6"" Clear Polycarbonate Curved Tongs   12/Cs","","","Institutional Supplies : Foodservice","","0.71","","","","","","","","","","true"
"WNCVST-6K","CVST-6K","6"" Black Polycarbonate Curved Tongs   12/Cs","","","Institutional Supplies : Foodservice","","0.73","","","","","","","","","","true"
"WNCVST-6R","CVST-6R","6"" Red Polycarbonate Curved Tongs   12/Cs","","","Institutional Supplies : Foodservice","","0.73","","","","","","","","","","true"
"WNCVST-9C","CVST-9C","9"" Clear Polycarbonate Curved Tongs   12/Cs","","","Institutional Supplies : Foodservice","","0.75","","","","","","","","","","true"
"WNCVST-9K","CVST-9K","9"" Black Polycarbonate Curved Tongs   12/Cs","","","Institutional Supplies : Foodservice","","0.69","","","","","","","","","","true"
"WNCVST-9R","CVST-9R","9"" Red Polycarbonate Curved Tongs   12/Cs","","","Institutional Supplies : Foodservice","","0.7","","","","","","","","","","true"
"WNC-WPF6","C-WPF6","Full Size 6"" Deep Spillage Pan 5/Cs","","","Institutional Supplies : Foodservice","","19.8","","","","","","","","","","true"
"WNCXP-1013","CXP-1013","Half Size Polypropylene Sheet Pan Cover ( 13 X 10 X 1.5 )","","","Institutional Supplies : Foodservice","","0","","","","","","","","","","true"
"WNCXP-1318","CXP-1318","Half Size Polypropylene Sheet Pan Cover ( 18 X 13 X 1.5 )","","","Institutional Supplies : Foodservice","","5.27","","","","","","","","","","true"
"WNCXP-1826","CXP-1826","Full Size Polypropylene Sheet Pan Cover ( 18 X 26 X 1.5 )","","","Institutional Supplies : Foodservice","","7.49","","","","","","","","","","true"
"WNDCH-12","DCH-12","12"" Pleated Chef Hat - White 10/Bag 10-Bags/Cs","","","Institutional Supplies : Personal Protection","","4.8","","","","","","","","","","true"
"WNDCH-3","DCH-3","3"" Pleated Chef Hat - White 100/Bx 10Bx/Cs","","","Institutional Supplies : Personal Protection","","11.08","","","","","","","","","","true"
"WNDCH-9","DCH-9","9"" Pleated Chef Hat - White 10/Bag","","","Institutional Supplies : Personal Protection","","6.39","","","","","","","","","","true"
"WNDLR-18","DLR-18","18"" Black Dolly For Round Trash Cans (400lb Capacity)","","","Institutional Supplies : Cleaning Supplies","","23.86","","","","","","","","","","true"
"WNDLR-2","DLR-2","18"" Black Dolly For Round Trash Cans (900lb Capacity)","","","Institutional Supplies : Cleaning Supplies","","44.71","","","","","","","","","","true"
"WNDM-24FM","DM-24FM","24"" Dust Mop Frame 24/Cs","","","Institutional Supplies : Cleaning Supplies","","4.34","","","","","","","","","","true"
"WNDM-36FM","DM-36FM","36"" Dust Mop Frame 24/Cs","","","Institutional Supplies : Cleaning Supplies","","5.66","","","","","","","","","","true"
"WNDM-60HD","DM-60HD","60"" Dust Mop Handle 12/Cs","","","Institutional Supplies : Cleaning Supplies","","7.16","","","","","","","","","","true"
"WNDP-13C","DP-13C","Black 13"" Lobby Dust Pan With Cover 10/Cs","","","Institutional Supplies : Cleaning Supplies","","11.8","","","","","","","","","","true"
"WNDRG-10","DRG-10","10oz Stainless Steel Dredge With Handle 12/Cs","","","Institutional Supplies : Foodservice","","1.1","","","","","","","","","","true"
"WNDSC-2","DSC-2","Plastic Handle Dough Scraper ( 6 X 3 ) 12/Cs","","","Institutional Supplies : Foodservice","","0.99","","","","","","","","","","true"
"WNECU-100A","ECU-100A","Electric Stainless Steel 100 Cup (16L) Coffee Urn","","","Equipment : Other Appliances","","136.11","","","","","","","","","","true"
"WNECU-50A","ECU-50A","Electric Stainless Steel 50 Cup (8L) Coffee Urn","","","Equipment : Other Appliances","","68","","","","","","","","","","true"
"WNEFST-P30","EFST-P30","Fry Basket With Black Handle ( For EFS-16 & EFT-32 )","","","Institutional Supplies : Foodservice","","25","","","","","","","","","","true"
"WNEHL-2C","EHL-2C","3 Position Electric Twin Bulb Heat Lamp (120V, 60Hz, 250W)","","","Equipment : Heating","","101.83","","","","","","","","","","true"
"WNEHL-BW","EHL-BW","Clear Heat Lamp Bulb ( For EHL-2C ) 250W/120V 12/Cs","","","Equipment : Parts","","10","","","","","","","","","","true"
"WNEIC-400","EIC-400E","Digital Commercial Electric Induction Cooker (1800W, 15A)","","","Equipment : Heating","","166","","","","","","","","","","true"
"WNEICS-18","EICS-18","Commercial Electric Countertop Induction Cooker (1800W, 15A)","","","Equipment : Heating","","165.85","","","","","","","","","","true"
"WNESH-1","ESH-1","24"" Electric Strip Heater With Stand","","","Equipment : Heating","","125","","","","","","","","","","true"
"WNESH-24","ESH-24","24"" Electric Strip Heater With Undermount","","","Equipment : Heating","","71.54","","","","","","","","","","true"
"WNESH-36","ESH-36","36"" Electric Strip Heater With Undermount","","","Equipment : Heating","","130.07","","","","","","","","","","true"
"WNESH-48","ESH-48","48"" Electric Strip Heater With Undermount","","","Equipment : Heating","","106.25","","","","","","","","","","true"
"WNESH-60","ESH-60","60"" Electric Strip Heater With Undermount","","","Equipment : Heating","","118.13","","","","","","","","","","true"
"WNESVI-1","ESVI-1","Spectrum Immersion Circulator 110-120V, 60Hz, 900W, 7.5A","","","Equipment : Other Appliances","","186.47","","","","","","","","","","true"
"WNESW-66","ESW-66","10 Quart Electric Soup Warmer (120V, 400W)","","","Equipment : Other Appliances","","80.08","","","","","","","","","","true"
"WNFB-20","FB-20","Fry Basket W/ 10"" Blue Handle (13.25 X 5 5/8 X 5 5/8 )  6/Cs","","","Institutional Supplies : Foodservice","","13.55","","","","","","","","","","true"
"WNFB-30","FB-30","Fry Basket W/ 10"" Green Handle (13.25 X 5 5/8 X 5 5/8"") 6/Cs","","","Institutional Supplies : Foodservice","","11.65","","","","","","","","","","true"
"WNFBM-32R","FBM-32R","Round Stainless Steel Serving Basket ( 3.75 X 2 7/8 ) 12/Cs","","","Institutional Supplies : Foodservice","","7.01","","","","","","","","","","true"
"WNFBM-443S","FBM-443S","Square Stainless Steel Serving Basket ( 4 X 4 X 3 )  12/Cs","","","Institutional Supplies : Foodservice","","3.18","","","","","","","","","","true"
"WNFBM-554S","FBM-554S","Square Stainless Steel Serving Basket ( 5 X 5 X 4 ) 12/Cs","","","Institutional Supplies : Foodservice","","7.89","","","","","","","","","","true"
"WNFBR-11","FBR-11","Mesh Wire Fry Basket ( 10.5 X 6 ) 10/Cs","","","Institutional Supplies : Foodservice","","4.79","","","","","","","","","","true"
"WNFCS-3","FCS-3","Stainless Steel Food Chopper 3"" Diameter 6/Case","","","Institutional Supplies : Foodservice","","12.08","","","","","","","","","","true"
"WNFC-SL","FC-SL","4"" Solid Stainless Steel Flatware Cylinder 20/Cs","","","Institutional Supplies : Foodservice","","2.04","","","","","","","","","","true"
"WNFFB-1R","FFB-1R","Right Handle French Fry Bagger 12/Cs","","","Institutional Supplies : Foodservice","","4.46","","","","","","","","","","true"
"WNFFC-375","FFC-375","Medium Duty French Fry Cutter ( 3/8"" Cut )","","","Institutional Supplies : Foodservice","","73.54","","","","","","","","","","true"
"WNFFT-1014B","FFT-1014B","Brown Fast Food Tray ( 10 X 14 )  12/Cs","","","Institutional Supplies : Foodservice","","1.56","","","","","","","","","","true"
"WNFFT-1014E","FFT-1014E","Grey Fast Food Tray ( 10 X 14 )  12/Cs","","","Institutional Supplies : Foodservice","","1.09","","","","","","","","","","true"
"WNFFT-1014G","FFT-1014G","Green Fast Food Tray ( 10 X 14 )  12/Cs","","","Institutional Supplies : Foodservice","","1.1","","","","","","","","","","true"
"WNFFT-1014K","FFT-1014K","Black Fast Food Tray ( 10 X 14 )   12/Cs","","","Institutional Supplies : Foodservice","","1.47","","","","","","","","","","true"
"WNFFT-1216B","FFT-1216B","Brown Fast Food Tray ( 12 X 16 ) 12/Cs","","","Institutional Supplies : Foodservice","","1.99","","","","","","","","","","true"
"WNFFT-1216E","FFT-1216E","Grey Fast Food Tray ( 12 X 16 ) 12/Cs","","","Institutional Supplies : Foodservice","","2.08","","","","","","","","","","true"
"WNFFT-1216K","FFT-1216K","Black Fast Food Tray ( 12 X 16 )   12/Cs","","","Institutional Supplies : Foodservice","","1.47","","","","","","","","","","true"
"WNFFT-1216O","FFT-1216O","Orange Fast Food Tray ( 12 X 16 )  12/Cs","","","Institutional Supplies : Foodservice","","1.99","","","","","","","","","","true"
"WNFFT-1216R","FFT-1216R","Red Fast Food Tray ( 12 X 16 )  12/Cs","","","Institutional Supplies : Foodservice","","1.99","","","","","","","","","","true"
"WNFFT-1216U","FFT-1216U","Burgundy Fast Food Tray ( 12 X 1 6 )  12/Cs","","","Institutional Supplies : Foodservice","","2.08","","","","","","","","","","true"
"WNFFT-1418B","FFT-1418B","Brown Fast Food Tray ( 14 X 18 ) 12/Cs","","","Institutional Supplies : Foodservice","","1.47","","","","","","","","","","true"
"WNFMC-46C","FMC-46C","Charcoal Carpet Floor Mat ( 4' X 6' )","","","Institutional Supplies : Cleaning Supplies","","64.93","","","","","","","","","","true"
"WNFMG-23K","FMG-23K","Black Anti Fatigue Rubberized Gel Foam Floor Mat ( 2' X 3' )","","","Institutional Supplies : Cleaning Supplies","","50.22","","","","","","","","","","true"
"WNFN-10","FN-10","Stainless Steel 10"" French Whip  12/Cs","","","Institutional Supplies : Foodservice","","2.12","","","","","","","","","","true"
"WNFN-12","FN-12","Stainless Steel 12"" French Whip  12/Cs","","","Institutional Supplies : Foodservice","","3.31","","","","","","","","","","true"
"WNFN-14","FN-14","Stainless Steel 14"" French Whip 12/Cs","","","Institutional Supplies : Foodservice","","3.65","","","","","","","","","","true"
"WNFN-16","FN-16","Stainless Steel 16"" French Whip 12/Cs","","","Institutional Supplies : Foodservice","","2.64","","","","","","","","","","true"
"WNFN-18","FN-18","Stainless Steel 18"" French Whip  12/Cs","","","Institutional Supplies : Foodservice","","2.36","","","","","","","","","","true"
"WNFPP-2","FPP-2","2oz S/Steel Perforated Portion Controller - Red 12/Cs","","","Institutional Supplies : Foodservice","","0.96","","","","","","","","","","true"
"WNFPP-3","FPP-3","3oz S/Steel Perforated Portion Controller  - Ivory 12/Cs","","","Institutional Supplies : Foodservice","","1.02","","","","","","","","","","true"
"WNFPP-4","FPP-4","4oz S/Steel Perforated Portion Controller - Green 12/Cs","","","Institutional Supplies : Foodservice","","1.03","","","","","","","","","","true"
"WNFPP-6","FPP-6","6oz S/Steel Perforated Portion Controller - Black 12/Cs","","","Institutional Supplies : Foodservice","","1.89","","","","","","","","","","true"
"WNFPP-8","FPP-8","8oz S/Steel Perforated Portion Controller - Blue 12/Cs","","","Institutional Supplies : Foodservice","","1.3","","","","","","","","","","true"
"WNFPS-1","FPS-1","1oz S/Steel Solid Portion Controller - Yellow  12/Cs","","","Institutional Supplies : Foodservice","","0.73","","","","","","","","","","true"
"WNFPS-2","FPS-2","2oz S/Steel Solid Portion Controller - Red   12/Cs","","","Institutional Supplies : Foodservice","","1.31","","","","","","","","","","true"
"WNFPS-3","FPS-3","3oz S/Steel Solid Portion Controller - Ivory   12/Cs","","","Institutional Supplies : Foodservice","","0.87","","","","","","","","","","true"
"WNFPS-4","FPS-4","4oz S/Steel Solid Portion Controller - Green  12/Cs","","","Institutional Supplies : Foodservice","","0.97","","","","","","","","","","true"
"WNFPS-6","FPS-6","6oz S/Steel Solid Portion Controller - Black  12/Cs","","","Institutional Supplies : Foodservice","","2.02","","","","","","","","","","true"
"WNFPS-8","FPS-8","8oz S/Steel Solid Portion Controller - Blue  12/Cs","","","Institutional Supplies : Foodservice","","1.31","","","","","","","","","","true"
"WNFQP-10","FQP-10","Non Stick Quiche / Tart Pan ( 10 X 1.25 )","","","Institutional Supplies : Foodservice","","6.96","","","","","","","","","","true"
"WNFQP-12","FQP-12","Non Stick Quiche / Tart Pan ( 12 X 1.25 )","","","Institutional Supplies : Foodservice","","6.96","","","","","","","","","","true"
"WNFQP-4","FQP-4","Non Stick 2-Pc Quiche / Tart Pan ( 4 X 3/4 )","","","Institutional Supplies : Foodservice","","5.1","","","","","","","","","","true"
"WNFQP-8","FQP-8","Non Stick Quiche / Tart Pan ( 8 X 1.5 )","","","Institutional Supplies : Foodservice","","5.45","","","","","","","","","","true"
"WNFSS-24DF","FSS-24DF","22"" Double Foam Blade Floor Squeegee ( Use TK09 ) 10/Cs","","","Institutional Supplies : Cleaning Supplies","","9.16","","","","","","","","","","true"
"WNFW-S500","FW-S500","Electric Food Warmer (120V, 60Hz, 1200W, 10A)","","","Equipment : Heating","","119.51","","","","","","","","","","true"
"WNG0007-01","0007-01","Regency 18/0 Stainless Steel Teaspoon 12/Pk","","","Institutional Supplies : Foodservice","","5.5","","","","","","","","","","true"
"WNG0007-03","0007-03","Regency 18/0 Stainless Steel Dinner Spoon 12/Pk","","","Institutional Supplies : Foodservice","","6.19","","","","","","","","","","true"
"WNG0007-04","0007-04","Regency 18/0 Stainless Steel Bouillon Soup Spoon 12/Pk","","","Institutional Supplies : Foodservice","","3.84","","","","","","","","","","true"
"WNG0007-05","0007-05","Regency 18/0 Stainless Steel Dinner Fork 12/Pk","","","Institutional Supplies : Foodservice","","6.19","","","","","","","","","","true"
"WNG0007-06","0007-06","Regency 18/0 Stainless Steel Salad / Dessert Fork  12/Pk","","","Institutional Supplies : Foodservice","","3.78","","","","","","","","","","true"
"WNG0007-08","0007-08","Regency 18/0 Stainless Steel Dinner Knife 12/Pk","","","Institutional Supplies : Foodservice","","11.36","","","","","","","","","","true"
"WNG-102","G-102","12oz Sugar Pourer With Stainless Steel Flap Top 12/Pk","","","Institutional Supplies : Foodservice","","0","","","","","","","","","","true"
"WNG-103","G-103","12oz Cheese / Spice Shaker With Stainless Steel Top 12/Cs","","","Institutional Supplies : Foodservice","","18.93","","","","","","","","","","true"
"WNG-104S","G-104S","6oz Oil / Vinegar Cruet Set (2 Bottles & 1 Rack) 12/Cs","","","Institutional Supplies : Foodservice","","4.59","","","","","","","","","","true"
"WNG-109","G-109","2oz Square Glass Shaker With Mushroom Top 12/Pk","","","Institutional Supplies : Foodservice","","10.66","","","","","","","","","","true"
"WNG-110","G-110","1oz Tower Glass Shaker With Chrome Top 12/Pk","","","Institutional Supplies : Foodservice","","8.21","","","","","","","","","","true"
"WNG-117","G-117","3oz Paneled Glass Shaker With Stainless Steel Top 12/Pk","","","Institutional Supplies : Foodservice","","13.02","","","","","","","","","","true"
"WNG-118","G-118","2oz Classic Glass Shaker With Stainless Steel Flat Top 12/Pk","","","Institutional Supplies : Foodservice","","13.36","","","","","","","","","","true"
"WNGBH-2","GBH-2","Grill Brick Holder For GBK-348 ( 7 X 3.5 )  6/Cs","","","Institutional Supplies : Cleaning Supplies","","2.95","","","","","","","","","","true"
"WNGBK-348","GBK-348","Grill Brick For GBH-2 ( 3.5 X 4 X 8 ) 12/Pk","","","Institutional Supplies : Cleaning Supplies","","26.38","","","","","","","","","","true"
"WNGBS-10","GBS-10","Stainless Steel 10oz Gravy Boat With Handle 12/Cs","","","Institutional Supplies : Foodservice","","2.77","","","","","","","","","","true"
"WNGOB-8S","GOB-8S","8oz Oil / Vinegar Cruet Set (2 Bottles & 1 Rack) 12/Cs","","","Institutional Supplies : Foodservice","","5.69","","","","","","","","","","true"
"WNGR-3","GR-3","3-Tier Plastic Glass Rimmer With Sponge   12/Cs","","","Institutional Supplies : Foodservice","","6.36","","","","","","","","","","true"
"WNGS-10","GS-10","10oz Stainless Steel Gooseneck Server 6/Cs","","","Institutional Supplies : Foodservice","","3.3","","","","","","","","","","true"
"WNGSH-1","GSH-1","Griddle Screen Holder ( 5 X 2.75 ) 6/Cs","","","Institutional Supplies : Cleaning Supplies","","1.83","","","","","","","","","","true"
"WNGSN-4","GSN-4","Griddle Screens ( 4 X 5.5 ) 20/Pk","","","Institutional Supplies : Cleaning Supplies","","1.12","","","","","","","","","","true"
"WNGT-104","GT-104","Zester Blade Grater 12/Cs","","","Institutional Supplies : Foodservice","","6.54","","","","","","","","","","true"
"WNGT-401","GT-401","5-Sided Grater W/Grip Handle 12/Cs","","","Institutional Supplies : Foodservice","","12.65","","","","","","","","","","true"
"WNGWB-3","GWB-3","3 Brush Glass Washer W/Plastic Base     12/Cs","","","Institutional Supplies : Foodservice","","13.4","","","","","","","","","","true"
"WNHLF-8MN","HLF-8NS","8-Cup Non-Stick Mini Loaf Pan Carbon Steel   6/Cs","","","Institutional Supplies : Foodservice","","9.97","","","","","","","","","","true"
"WNHLP-84","HLP-84","1lb Aluminized Steel Loaf Pan ( 8.5 X 4.5 X 2.75 ) 12/Cs","","","Institutional Supplies : Foodservice","","6.44","","","","","","","","","","true"
"WNHLP-94","HLP-94","1lb Aluminized Steel Loaf Pan ( 9 X 4.5 X 2.75 ) 12/Cs","","","Institutional Supplies : Foodservice","","6.44","","","","","","","","","","true"
"WNHP-4","HP-4","4.5"" Diameter Hamburger Press With Adjustable Thickness 12/Cs","","","Institutional Supplies : Foodservice","","12.8","","","","","","","","","","true"
"WNHPP-15","HPP-15","1.5lb Aluminized Steel Pullman Pans With Silicone Glaze 12/Cs","","","Institutional Supplies : Foodservice","","10.15","","","","","","","","","","true"
"WNHPP-15L","HPP-15L","Aluminized Steel Cover For HPP-15  12/Cs","","","Institutional Supplies : Foodservice","","8.19","","","","","","","","","","true"
"WNHPP-20","HPP-20","2lb Aluminized Steel Pullman Pans With Silicone Glaze 12/Cs","","","Institutional Supplies : Foodservice","","10.73","","","","","","","","","","true"
"WNHRCP-1812","HRCP-1812","Aluminium Rectangular Cake Pan ( 18 X 12 X 3 )  6/Cs","","","Institutional Supplies : Foodservice","","9.72","","","","","","","","","","true"
"WNHSP-042","HSP-042","Aluminized Steel Round Springform Pan ( 4 X 1.5 ) 12/Cs","","","Institutional Supplies : Foodservice","","4.7","","","","","","","","","","true"
"WNHSP-063","HSP-063","Aluminized Steel Round Springform Pan ( 6 X 2.75 ) 6/Cs","","","Institutional Supplies : Foodservice","","4.71","","","","","","","","","","true"
"WNHSP-083","HSP-083","Aluminized Steel Round Springform Pan ( 8 X 2.75 ) 6/Cs","","","Institutional Supplies : Foodservice","","10.02","","","","","","","","","","true"
"WNHSP-093","HSP-093","Aluminized Steel Round Springform Pan ( 9 X 2.75 ) 6/Cs","","","Institutional Supplies : Foodservice","","10.61","","","","","","","","","","true"
"WNHSP-103","HSP-103","Aluminized Steel Round Springform Pan ( 10 X 2.75 ) 6/Cs","","","Institutional Supplies : Foodservice","","10.1","","","","","","","","","","true"
"WNICCP-6W","ICCP-6W","6 Comp 2-Pc Round Ice Cube Tray  (2""Cubes) 12/Cs","","","Institutional Supplies : Foodservice","","1.75","","","","","","","","","","true"
"WNICCT-8R","ICCT-8R","8 Comp Square Black Silicone Ice Tray (2"" Cubes) 12/Cs","","","Institutional Supplies : Foodservice","","4.05","","","","","","","","","","true"
"WNICD-10","ICD-10","3.75oz Icecream Scoop With Ivory Plastic Handle 12/Cs","","","Institutional Supplies : Foodservice","","5.86","","","","","","","","","","true"
"WNICD-12","ICD-12","3.25oz Icecream Scoop With Green Plastic Handle 12/Cs","","","Institutional Supplies : Foodservice","","6.24","","","","","","","","","","true"
"WNICD-16","ICD-16","2.75oz Icecream Scoop With Blue Plastic Handle 12/Cs","","","Institutional Supplies : Foodservice","","5.6","","","","","","","","","","true"
"WNICD-20","ICD-20","2oz Icecream Scoop With Yellow Plastic Handle 12/Cs","","","Institutional Supplies : Foodservice","","6.24","","","","","","","","","","true"
"WNICD-24","ICD-24","1.75oz Icecream Scoop With Red Plastic Handle 12/Cs","","","Institutional Supplies : Foodservice","","5.86","","","","","","","","","","true"
"WNICD-30","ICD-30","1.25oz Icecream Scoop With Black Plastic Handle 12/Cs","","","Institutional Supplies : Foodservice","","4.66","","","","","","","","","","true"
"WNICD-40","ICD-40","7/8oz Icecream Scoop With Purple Plastic Handle 12/Cs","","","Institutional Supplies : Foodservice","","5.86","","","","","","","","","","true"
"WNICD-6","ICD-6","4 2/3oz Icecream Scoop With White Plastic Handle 12/Cs","","","Institutional Supplies : Foodservice","","6.24","","","","","","","","","","true"
"WNICD-8","ICD-8","4oz Icecream Scoop With Grey Plastic Handle 12/Cs","","","Institutional Supplies : Foodservice","","3.42","","","","","","","","","","true"
"WNICH-1","ICH-1","9"" Nickeled Steel Ice Pick With Wooden Handle   24/Cs","","","Institutional Supplies : Foodservice","","2.3","","","","","","","","","","true"
"WNICR-1725","ICR-1725","Cooling / Icing Rack ( 16.25 X 25 ) 12/Cs","","","Institutional Supplies : Foodservice","","5.8","","","","","","","","","","true"
"WNIGD-2095","IGD-2095","Reversible Cast Iron Griddle Flat/Raised ( 20 X 9.5 ) 4/Cs","","","Institutional Supplies : Foodservice","","25.5","","","","","","","","","","true"
"WNIS-4","IS-4","4oz Stainless Steel Ice Scoop 12/Cs","","","Institutional Supplies : Foodservice","","0.82","","","","","","","","","","true"
"WNISS-10","ISS-10","3.75oz Stainless Steel Scoop 12/Cs","","","Institutional Supplies : Foodservice","","6.37","","","","","","","","","","true"
"WNISS-16","ISS-16","2.75oz Stainless Steel Scoop 12/Cs","","","Institutional Supplies : Foodservice","","6.25","","","","","","","","","","true"
"WNISS-24","ISS-24","1.75oz Stainless Steel Scoop 12/Cs","","","Institutional Supplies : Foodservice","","6.25","","","","","","","","","","true"
"WNISS-30","ISS-30","1.25oz Stainless Steel Scoop 12/Cs","","","Institutional Supplies : Foodservice","","6.25","","","","","","","","","","true"
"WNISS-8","ISS-8","4oz Stainless Steel Scoop 12/Cs","","","Institutional Supplies : Foodservice","","7.05","","","","","","","","","","true"
"WNJ-1","J-1","Stainless Steel Jigger ( 1/2oz X 1oz )  12/Cs","","","Institutional Supplies : Foodservice","","0.78","","","","","","","","","","true"
"WNJ-2","J-2","Stainless Steel Jigger ( 3/4oz X 1 1/4oz )  12/Cs","","","Institutional Supplies : Foodservice","","0.41","","","","","","","","","","true"
"WNJ-3","J-3","Stainless Steel Jigger ( 3/4oz X 1 1/2oz )  12/Cs","","","Institutional Supplies : Foodservice","","0.76","","","","","","","","","","true"
"WNJ-4","J-4","Stainless Steel Jigger (1oz X 1 1/2oz)   12/Cs","","","Institutional Supplies : Foodservice","","0.87","","","","","","","","","","true"
"WNJ-5","J-5","Stainless Steel Jigger ( 1oz X 2oz )  12/Cs","","","Institutional Supplies : Foodservice","","1.03","","","","","","","","","","true"
"WNJ-9","J-9","Japanese Stainless Steel Jigger (1oz X 1 2oz)   12/Cs","","","Institutional Supplies : Foodservice","","2.43","","","","","","","","","","true"
"WNJC-19","JC-19","19"" Premium Heavy Duty Juice Squeezer","","","Institutional Supplies : Foodservice","","120.17","","","","","","","","","","true"
"WNJST-1","JST-1","Stainless Steel Julep Strainer 12/Cs","","","Institutional Supplies : Foodservice","","0.62","","","","","","","","","","true"
"WNK-12S","K-12S","12"" Round Sharpening Steel 6/Cs","","","Institutional Supplies : Foodservice","","9.9","","","","","","","","","","true"
"WNKBG-11","KBG-11","11 Slot Black Knife Bag 12/Cs","","","Institutional Supplies : Foodservice","","35.66","","","","","","","","","","true"
"WNKC-301","KC-301","Hvy Duty Cleaver W/Wood Handle 3.5"" X 8"" Blade 12/Cs","","","Institutional Supplies : Foodservice","","6.04","","","","","","","","","","true"
"WNKC-401","KC-401","Chinese Cleaver W/Steel Handle 8.25"" X 3-15/16"" Blade 12/Cs","","","Institutional Supplies : Foodservice","","8.45","","","","","","","","","","true"
"WNKC-501","KC-501","Chinese Cleaver W/Steel Handle 8 X 2.25"" Blade 10/Cs","","","Institutional Supplies : Foodservice","","4.5","","","","","","","","","","true"
"WNKFP-100","KFP-100","10"" German Steel Chef Knife With Black Handle 6/Cs","","","Institutional Supplies : Foodservice","","16.62","","","","","","","","","","true"
"WNKFP-101","KFP-101","10"" German Steel Granton Edge Slicer With Black Handle 6/Cs","","","Institutional Supplies : Foodservice","","7.99","","","","","","","","","","true"
"WNKFP-102","KFP-102","10"" German Steeel Granton Edge Slicer With Black Handle 6/Cs","","","Institutional Supplies : Foodservice","","13.56","","","","","","","","","","true"
"WNKFP-120","KFP-120","12"" German Steel Chef Knife With Black Handle  6/Cs","","","Institutional Supplies : Foodservice","","18.63","","","","","","","","","","true"
"WNKFP-122","KFP-122","12"" Diamond Oval Sharpening Steel 6/Cs","","","Institutional Supplies : Foodservice","","13.04","","","","","","","","","","true"
"WNKFP-123","KFP-123","12"" Diamond Round Sharpening Steel 6/Cs","","","Institutional Supplies : Foodservice","","18.07","","","","","","","","","","true"
"WNKFP-30","KFP-30","2.75"" German Steel Peeling Knife With Black Handle  6/Cs","","","Institutional Supplies : Foodservice","","7.44","","","","","","","","","","true"
"WNKFP-35","KFP-35","3.5"" German Steel Paring Knife With Black Handle 6/Cs","","","Institutional Supplies : Foodservice","","6.13","","","","","","","","","","true"
"WNKFP-50","KFP-50","5"" German Steel Utility Knife With Black Handle  6/Cs","","","Institutional Supplies : Foodservice","","8.84","","","","","","","","","","true"
"WNKFP-60","KFP-60","6"" German Steel Chef Knife With Black Handle  6/Cs","","","Institutional Supplies : Foodservice","","14.1","","","","","","","","","","true"
"WNKFP-61","KFP-61","6"" German Steel Boning Knife With Black Handle 6/Cs","","","Institutional Supplies : Foodservice","","10.04","","","","","","","","","","true"
"WNKFP-70","KFP-70","7"" German Steel Santoku Knife With Black Handle  6/Cs","","","Institutional Supplies : Foodservice","","14.1","","","","","","","","","","true"
"WNKFP-71","KFP-71","12"" German Steel Carving Fork With Black Handle  6/Cs","","","Institutional Supplies : Foodservice","","7.32","","","","","","","","","","true"
"WNKFP-72","KFP-72","7"" German Steel Cleaver With Riveted Black Handle 6/Cs","","","Institutional Supplies : Foodservice","","17.37","","","","","","","","","","true"
"WNKFP-73","KFP-73","7"" German Steel Nakiri Knife W/ Black Handle (Hollow) 6/Cs","","","Institutional Supplies : Foodservice","","15.05","","","","","","","","","","true"
"WNKFP-74","KFP-74","7"" German Steel Flexi Fillet Knife W/ Black Handle 6/Cs","","","Institutional Supplies : Foodservice","","13.21","","","","","","","","","","true"
"WNKFP-80","KFP-80","8"" German Steel Chef Knife With Black Handle 6/Cs","","","Institutional Supplies : Foodservice","","17.21","","","","","","","","","","true"
"WNKFP-81","KFP-81","8"" German Steel Slicer Knife With Black Handle 6/Cs","","","Institutional Supplies : Foodservice","","8.09","","","","","","","","","","true"
"WNKFP-82","KFP-82","8"" German Steel Bread Knife With Black Handle  6/Cs","","","Institutional Supplies : Foodservice","","10.91","","","","","","","","","","true"
"WNKFP-83","KFP-83","8"" German Steel Offset Bread Knife With Black Handle 6/Cs","","","Institutional Supplies : Foodservice","","9.33","","","","","","","","","","true"
"WNKFP-KITA","KFP-KITA","7-Piece Black Handle Knife Kit With Black Storage Bag 6/Cs","","","Institutional Supplies : Foodservice","","71.3","","","","","","","","","","true"
"WNKSP-2","KSP-2","Dual Stage Knife Sharpener With Soft Grip Handle 12/Cs","","","Institutional Supplies : Foodservice","","5.34","","","","","","","","","","true"
"WNKSP-4","KSP-4","Four Stage Knife Sharpener With Grip Handle 12/Cs","","","Institutional Supplies : Foodservice","","18.43","","","","","","","","","","true"
"WNKWP-100","KWP-100","10"" German Steel Chef Knife With White Handle 12/Cs","","","Institutional Supplies : Foodservice","","9.24","","","","","","","","","","true"
"WNKWP-100G","KWP-100G","10"" German Steel Chef Knife With Green Handle 12/Cs","","","Institutional Supplies : Foodservice","","10.1","","","","","","","","","","true"
"WNKWP-100N","KWP-100N","10"" German Steel Chef Knife With Brown Handle 12/Cs","","","Institutional Supplies : Foodservice","","5.92","","","","","","","","","","true"
"WNKWP-100R","KWP-100R","10"" German Steel Chef Knife With Red Handle 12/Cs","","","Institutional Supplies : Foodservice","","10.1","","","","","","","","","","true"
"WNKWP-100U","KWP-100U","10"" German Steel Chef Knife With Blue Handle 12/Cs","","","Institutional Supplies : Foodservice","","10.1","","","","","","","","","","true"
"WNKWP-100Y","KWP-100Y","10"" German Steel Chef Knife With Yellow Handle 12/Cs","","","Institutional Supplies : Foodservice","","10.1","","","","","","","","","","true"
"WNKWP-102","KWP-102","10"" German Steel Butcher Knife With White Handle  6/Cs","","","Institutional Supplies : Foodservice","","6.93","","","","","","","","","","true"
"WNKWP-121","KWP-121","12"" German Steel Wavy Edge Slicer With White Handle 6/Cs","","","Institutional Supplies : Foodservice","","4.66","","","","","","","","","","true"
"WNKWP-123","KWP-123","12"" German Steel Hollow Ground Slicer With White Handle 12/Cs","","","Institutional Supplies : Foodservice","","6.76","","","","","","","","","","true"
"WNKWP-124","KWP-124","12"" German Steel Butcher Knife With White Handle  6/Cs","","","Institutional Supplies : Foodservice","","11.36","","","","","","","","","","true"
"WNKWP-30E","KWP-30","3.25"" 2-Pk German Steel Paring Knife W/White Handle 6-Pks/Cs","","","Institutional Supplies : Foodservice","","5.27","","","","","","","","","","true"
"WNKWP-30G","KWP-30G","3.25"" 2-Pk German Steel Paring Knife W/Green Handle 6-Pks/Cs","","","Institutional Supplies : Foodservice","","4.12","","","","","","","","","","true"
"WNKWP-31","KWP-31","3.5""2Pk German Steel Serrated Paring Knife With White Handle 6-Pks/Cs","","","Institutional Supplies : Foodservice","","3.44","","","","","","","","","","true"
"WNKWP-50","KWP-50","5.5"" German Steel Wavy Utility Knife With White Handle 6/Cs","","","Institutional Supplies : Foodservice","","1.91","","","","","","","","","","true"
"WNKWP-60","KWP-60","6"" German Steel Boning Knife With White Handle 6/Cs","","","Institutional Supplies : Foodservice","","5.46","","","","","","","","","","true"
"WNKWP-61","KWP-61","6"" German Steel Narrow Boning Knife With White Handle 6/Cs","","","Institutional Supplies : Foodservice","","3.94","","","","","","","","","","true"
"WNKWP-62","KWP-62","6"" German Steel Wide Boning Knife With White Handle   6/Cs","","","Institutional Supplies : Foodservice","","5.64","","","","","","","","","","true"
"WNKWP-80","KWP-80","8"" German Steel Chef Knife With White Handle     6/Cs","","","Institutional Supplies : Foodservice","","8.7","","","","","","","","","","true"
"WNKWP-90","KWP-90","9.5"" German Steel Cimeter Steak Knife W/White Handle6/Cs","","","Institutional Supplies : Foodservice","","9.24","","","","","","","","","","true"
"WNKWP-91","KWP-91","9.5"" German Steel Curved Bread Knife With White Handle  6/Cs","","","Institutional Supplies : Foodservice","","4.74","","","","","","","","","","true"
"WNKWP-92","KWP-92","9"" German Steel Offset Bread Knife With White Handle   6/Cs","","","Institutional Supplies : Foodservice","","5.48","","","","","","","","","","true"
"WNKWP-93","KWP-93","9.5""German Steel Cimeter Knife W/ White Handle (Hollow) 12/Cs","","","Institutional Supplies : Foodservice","","7.82","","","","","","","","","","true"
"WNKWP-KIT1","KWP-KIT1","7-Piece White Handle Knife Kit With Black Storage Bag 6/Cs","","","Institutional Supplies : Foodservice","","59.9","","","","","","","","","","true"
"WNLDC-1","LDC-1","1oz Stainless Steel Ladle With 12"" Yellow Handle 12/Cs","","","Institutional Supplies : Foodservice","","1.65","","","","","","","","","","true"
"WNLDC-12","LDC-12","12oz Stainless Steel Ladle With 16.5"" Grey Handle   12/Cs","","","Institutional Supplies : Foodservice","","2.85","","","","","","","","","","true"
"WNLDC-2","LDC-2","2oz Stainless Steel Ladle With 15.5"" Red Handle  12/Cs","","","Institutional Supplies : Foodservice","","1.97","","","","","","","","","","true"
"WNLDC-3","LDC-3","3oz Stainless Steel Ladle With 13"" Ivory Handle   12/Cs","","","Institutional Supplies : Foodservice","","2.48","","","","","","","","","","true"
"WNLDC-4","LDC-4","4oz Stainless Steel Ladle With 15.5"" Green Handle  12/Cs","","","Institutional Supplies : Foodservice","","3.2","","","","","","","","","","true"
"WNLDC-6","LDC-6","6oz Stainless Steel Ladle With 15.5"" Black Handle  12/Cs","","","Institutional Supplies : Foodservice","","3.47","","","","","","","","","","true"
"WNLDC-8","LDC-8","8oz Stainless Steel Ladle With 16.5"" Blue Handle  12/Cs","","","Institutional Supplies : Foodservice","","3.7","","","","","","","","","","true"
"WNLDI-2","LDI-2","2oz Stainless Steel Ladle With 10.5"" Handle  12/Cs","","","Institutional Supplies : Foodservice","","1.14","","","","","","","","","","true"
"WNLDI-4","LDI-4","4oz Stainless Steel Ladle With 12.25"" Handle 12/Cs","","","Institutional Supplies : Foodservice","","1.68","","","","","","","","","","true"
"WNLMD-811BK","LMD-811BK","Black Two View Menu Cover - Letter Size    30/Pk","","","Institutional Supplies : Foodservice","","9.82","","","","","","","","","","true"
"WNLMD-814BK","LMD-814BK","Black Two View Menu Cover - Legal Size    30/Pk","","","Institutional Supplies : Foodservice","","10.52","","","","","","","","","","true"
"WNLMF-811BK","LMF-811BK","Black Four View Menu Cover - Letter Size  30/Pk","","","Institutional Supplies : Foodservice","","13.85","","","","","","","","","","true"
"WNLMS-414BK","LMS-414BK","Black Single View Menu Cover - Bar Size   50/Pk","","","Institutional Supplies : Foodservice","","6.52","","","","","","","","","","true"
"WNLS-8G","LS-8G","8"" Citrus Squeezer - Lime 6/Cs","","","Institutional Supplies : Foodservice","","3.26","","","","","","","","","","true"
"WNLS-90","LS-9O","9"" Citrus Squeezer - Orange 9/Cs","","","Institutional Supplies : Foodservice","","4.8","","","","","","","","","","true"
"WNLS-9Y","LS-9Y","9"" Citrus Squeezer - Lemon 6/Cs","","","Institutional Supplies : Foodservice","","4.16","","","","","","","","","","true"
"WNMAS-4K","MAS-4K","Black Bakelite Ashtray ( 4 X 2.9 )   12/Pk","","","Institutional Supplies : Foodservice","","4.5","","","","","","","","","","true"
"WNMCP-4P","MCP-4P","Stainless Steel Measuring Cup Set  1/4,1/3,1/2 & 1 Cup 12/Cs","","","Institutional Supplies : Foodservice","","3.11","","","","","","","","","","true"
"WNMCPP-4","MCPP-4","Plastic Measuring Cup Set 1/4,1/3,1/2 & 1 Cup 12/Cs","","","Institutional Supplies : Foodservice","","6.1","","","","","","","","","","true"
"WNMDL-18","MDL-18","Premium Mandoline Slicer W/ Built In Blades 2/Cs","","","Institutional Supplies : Foodservice","","71.18","","","","","","","","","","true"
"WNMDL-4P","MDL-4P","Mandoline Slicer Set With Built In Blades 2/Cs","","","Institutional Supplies : Foodservice","","33.61","","","","","","","","","","true"
"WNMMB-11WE","MMB-11W","11oz White Melamine Nappie Bowl  12/Pk","","","Institutional Supplies : Foodservice","","9.78","","","","","","","","","","true"
"WNMMB-22WE","MMB-22W","22oz White Melamine Rimless Bowl  12/Pk","","","Institutional Supplies : Foodservice","","16.16","","","","","","","","","","true"
"WNMMPR-9WE","MMPR-9W","9"" White Round Melamine Plate  12/Pk","","","Institutional Supplies : Foodservice","","21.37","","","","","","","","","","true"
"WNMOP-24WC","MOP-24WC","#24 Cut End Economy White Wet Mop Head  20/Cs","","","Institutional Supplies : Cleaning Supplies","","3.8","","","","","","","","","","true"
"WNMOPH-7P","MOPH-7P","57"" Plastic Mop Handle Side Release          6/Cs","","","Institutional Supplies : Cleaning Supplies","","7.62","","","","","","","","","","true"
"WNMPB-26","MPB-26","26Qt Yellow Mop Bucket With Side Press Wringer","","","Institutional Supplies : Cleaning Supplies","","46.57","","","","","","","","","","true"
"WNMPB-36","MPB-36","36Qt Yellow Mop Bucket With Side Press Wringer","","","Institutional Supplies : Cleaning Supplies","","61","","","","","","","","","","true"
"WNMPD-36","MPD-36","36"" Stainless Steel Mixing Paddle","","","Institutional Supplies : Foodservice","","3.89","","","","","","","","","","true"
"WNMPD-48","MPD-48","48"" Stainless Steel Mixing Paddle","","","Institutional Supplies : Foodservice","","11.22","","","","","","","","","","true"
"WNMPD-60","MPD-60","60"" Stainless Steel Mixing Paddle","","","Institutional Supplies : Foodservice","","13.79","","","","","","","","","","true"
"WNMSPD-4X","MSPD-4X","Stainless Steel Measuring Spoon Set 1/4,1/2,1Tsp & 1Tbsp 12/Cs","","","Institutional Supplies : Foodservice","","1.33","","","","","","","","","","true"
"WNMSPP-4","MSPP-4","Plastic Measuring Spoon Set 1/4,1/2,1Tsp & 1Tbsp 12/Cs","","","Institutional Supplies : Foodservice","","3.13","","","","","","","","","","true"
"WNMST-10S","MST-10S","10.25"" Single Mesh Strainer 12/Cs","","","Institutional Supplies : Foodservice","","9.63","","","","","","","","","","true"
"WNMST-8S","MST-8S","8"" Single Mesh Strainer 12/Cs","","","Institutional Supplies : Foodservice","","2.32","","","","","","","","","","true"
"WNMXB-1300Q","MXB-1300Q","13Qt Economy Stainless Steel Mixing Bowl (16.25""Od)   12/Cs","","","Institutional Supplies : Foodservice","","3.78","","","","","","","","","","true"
"WNMXB-1600Q","MXB-1600Q","16Qt Economy Stainless Steel Mixing Bowl (17 3/8""Od)  12/Cs","","","Institutional Supplies : Foodservice","","4.98","","","","","","","","","","true"
"WNMXB-300Q","MXB-300Q","3Qt Economy Stainless Steel Mixing Bowl (9 5/8"" Od)  12/Cs","","","Institutional Supplies : Foodservice","","1.38","","","","","","","","","","true"
"WNMXB-500Q","MXB-500Q","5Qt Economy Stainless Steel Mixing Bowl (11.25"" Od)  12/Cs","","","Institutional Supplies : Foodservice","","2.54","","","","","","","","","","true"
"WNMXB-800Q","MXB-800Q","8Qt Economy Stainless Steel Mixing Bowl (13.25"" Od)  12/Cs","","","Institutional Supplies : Foodservice","","3.96","","","","","","","","","","true"
"WNMXBT-2000Q","MXBT-2000Q","20Qt All Purpose S/Steel Mixing Bowl (19"" Od)     12/Cs","","","Institutional Supplies : Foodservice","","12.36","","","","","","","","","","true"
"WNMXBT-400Q","MXBT-400Q","4Qt Economy Stainless Steel Mixing Bowl (11"" Od)  12/Cs","","","Institutional Supplies : Foodservice","","2.25","","","","","","","","","","true"
"WNMXRU-150","MXRU-150","1.5Qt S/Steel Mixing Bowl With Silicone Base (8.5"" Dia) 12/Cs","","","Institutional Supplies : Foodservice","","2.69","","","","","","","","","","true"
"WNMXRU-300","MXRU-300","3Qt S/Steel Mixing Bowl With Silicone Base (8.5"" Dia) 12/Cs","","","Institutional Supplies : Foodservice","","4.14","","","","","","","","","","true"
"WNMXRU-500","MXRU-500","5Qt S/Steel Mixing Bowl With Silicone Base(10.25""Dia) 12/Cs","","","Institutional Supplies : Foodservice","","6.59","","","","","","","","","","true"
"WNMXRU-800","MXRU-800","8Qt S/Steel Mixing Bowl With Silicone Base(10.25""Dia) 12/Cs","","","Institutional Supplies : Foodservice","","15.7","","","","","","","","","","true"
"WNNB-10R","NB-10R","1"" Round Nylon Pastry Brush 12/Cs","","","Institutional Supplies : Foodservice","","0","","","","","","","","","","true"
"WNNB-15","NB-15","1.5"" Flat Nylon Pastry Brush 12/Cs","","","Institutional Supplies : Foodservice","","2.76","","","","","","","","","","true"
"WNNB-20","NB-20","2"" Flat Nylon Pastry Brush 12/Cs","","","Institutional Supplies : Foodservice","","3.28","","","","","","","","","","true"
"WNNB-20HK","NB-20HK","2"" Nylon Pastry Brush With With Hook 12/Cs","","","Institutional Supplies : Foodservice","","3","","","","","","","","","","true"
"WNNB-30","NB-30","3"" Flat Nylon Pastry Brush 12/Cs","","","Institutional Supplies : Foodservice","","4.17","","","","","","","","","","true"
"WNNB-30HK","NB-30HK","3"" Nylon Pastry Brush With With Hook 12/Cs","","","Institutional Supplies : Foodservice","","3","","","","","","","","","","true"
"WNNB-40","NB-40","4"" Flat Nylon Pastry Brush 12/Cs","","","Institutional Supplies : Foodservice","","5.88","","","","","","","","","","true"
"WNNC-MS","NC-MS","Black Nylon Masher 12/Cs","","","Institutional Supplies : Foodservice","","1.16","","","","","","","","","","true"
"WNNC-PS1","NC-PS1","Black Nylon Pasta Fork 12/Cs","","","Institutional Supplies : Foodservice","","0.69","","","","","","","","","","true"
"WNNC-SK","NC-SK","Black Nylon Skimmer 12/Cs","","","Institutional Supplies : Foodservice","","0.79","","","","","","","","","","true"
"WNNC-SL2","NC-SL2","Black Nylon Slotted Spoon 12/Cs","","","Institutional Supplies : Foodservice","","0.79","","","","","","","","","","true"
"WNNC-SS1","NC-SS1","Black Nylon Solid Spoon 12/Cs","","","Institutional Supplies : Foodservice","","0.79","","","","","","","","","","true"
"WNNC-WS","NC-WS","Black Nylon Slotted Spatula 12/Cs","","","Institutional Supplies : Foodservice","","1.49","","","","","","","","","","true"
"WNNLG-1018","NLG-1018","Black Latex Dishwashing Gloves - Large 12-Pairs/Cs","","","Institutional Supplies : Personal Protection","","7.79","","","","","","","","","","true"
"WNNLG-816","NLG-816","Yellow Latex Dishwashing Gloves - Small 12-Pairs/Cs","","","Institutional Supplies : Personal Protection","","6.4","","","","","","","","","","true"
"WNNLG-916","NLG-916","Yellow Latex Dishwashing Gloves - Medium 12-Pairs/Cs","","","Institutional Supplies : Personal Protection","","6.84","","","","","","","","","","true"
"WNODR-24N","ODR-24N","24"" Aluminum Order Rack","","","Institutional Supplies : Foodservice","","5.19","","","","","","","","","","true"
"WNODR-36N","ODR-36N","36"" Aluminum Order Rack","","","Institutional Supplies : Foodservice","","7.41","","","","","","","","","","true"
"WNODR-48N","ODR-48N","48"" Aluminum Order Rack","","","Institutional Supplies : Foodservice","","9.22","","","","","","","","","","true"
"WNOMF-15","OMF-15","15"" Flame Retardant Oven Mitts (Up To 400F)  72/Cs","","","Institutional Supplies : Foodservice","","2.98","","","","","","","","","","true"
"WNOMF-17","OMF-17","17"" Flame Retardant Oven Mitts (Up To 400F)  72/Cs","","","Institutional Supplies : Foodservice","","3.65","","","","","","","","","","true"
"WNOMF-24","OMF-24","24"" Flame Retardant Oven Mitts (Up To 400F)  72/Cs","","","Institutional Supplies : Foodservice","","5.69","","","","","","","","","","true"
"WNOMT-17","OMT-17","17"" Terry Oven Mitts (Up To 600F)   72/Cs","","","Institutional Supplies : Foodservice","","2.31","","","","","","","","","","true"
"WNPBB-10","PBB-10","10"" Polycarbonate Pebbled Salad Bowl 12/Cs","","","Institutional Supplies : Foodservice","","3.59","","","","","","","","","","true"
"WNPBB-12","PBB-12","12"" Polycarbonate Pebbled Salad Bowl 12/Cs","","","Institutional Supplies : Foodservice","","2.69","","","","","","","","","","true"
"WNPBB-15","PBB-15","15"" Polycarbonate Pebbled Salad Bowl 12/Cs","","","Institutional Supplies : Foodservice","","10.83","","","","","","","","","","true"
"WNPBB-18","PBB-18","18"" Polycarbonate Pebbled Salad Bowl 12/Cs","","","Institutional Supplies : Foodservice","","19.41","","","","","","","","","","true"
"WNPBB-6","PBB-6","6"" Polycarbonate Pebbled Salad Bowl 12/Cs","","","Institutional Supplies : Foodservice","","1.23","","","","","","","","","","true"
"WNPBB-8","PBB-8","8"" Polycarbonate Pebbled Salad Bowl 12/Cs","","","Institutional Supplies : Foodservice","","2.2","","","","","","","","","","true"
"WNPBC-16","PBC-16","16"" Plastic Coated Pastry Bags ( Piping ) 144/Cs","","","Disposables","","1.82","","","","","","","","","","true"
"WNPBC-21","PBC-21","21"" Plastic Coated Pastry Bags ( Piping ) 72/Cs","","","Disposables","","2.11","","","","","","","","","","true"
"WNPBD-3","PBD-3","Plastic 3 Gallon Slim Beverage Dispenser","","","Institutional Supplies : Foodservice","","31.25","","","","","","","","","","true"
"WNPBD-3SK","PBD-3SK","Plastic 3 Gallon Square Beverage Dispenser","","","Institutional Supplies : Foodservice","","19.8","","","","","","","","","","true"
"WNPBDW-22","PBDW-22","6 Gal White Beverage Dispenser With Spout 4/Cs","","","Institutional Supplies : Foodservice","","19.97","","","","","","","","","","true"
"WNPCSC-12C","PCSC-12C","12Qt Clear Square Food Storage Container With Marking","","","Institutional Supplies : Foodservice","","13.8","","","","","","","","","","true"
"WNPCSC-18C","PCSC-18C","18Qt Clear Square Food Storage Container With Marking","","","Institutional Supplies : Foodservice","","18.48","","","","","","","","","","true"
"WNPCSC-22C","PCSC-22C","22Qt Clear Square Food Storage Container With Marking","","","Institutional Supplies : Foodservice","","24.3","","","","","","","","","","true"
"WNPCSC-2C","PCSC-2C","2Qt Clear Square Food Storage Container With Marking","","","Institutional Supplies : Foodservice","","3.72","","","","","","","","","","true"
"WNPCSC-4C","PCSC-4C","4Qt Clear Square Food Storage Container With Marking","","","Institutional Supplies : Foodservice","","5.57","","","","","","","","","","true"
"WNPCSC-6C","PCSC-6C","6Qt Clear Square Food Storage Container With Marking","","","Institutional Supplies : Foodservice","","7.95","","","","","","","","","","true"
"WNPCSC-8C","PCSC-8C","8Qt Clear Square Food Storage Container With Marking","","","Institutional Supplies : Foodservice","","9.32","","","","","","","","","","true"
"WNPDS-5","PDS-5","Plastic Dough Scraper ( 5.5 X 3.75 ) 12/Box","","","Institutional Supplies : Foodservice","","7.13","","","","","","","","","","true"
"WNPDT-05","PDT-05","0.5L Polycarbonate Decanter With Flip Lid   12/Cs","","","Institutional Supplies : Foodservice","","2.37","","","","","","","","","","true"
"WNPDT-10","PDT-10","1L Polycarbonate Decanter With Flip Lid   12/Cs","","","Institutional Supplies : Foodservice","","3.61","","","","","","","","","","true"
"WNPDT-15","PDT-15","1.5L Polycarbonate Decanter With Flip Lid   12/Cs","","","Institutional Supplies : Foodservice","","6.1","","","","","","","","","","true"
"WNPECC-128","PECC-128","Blue Plastic Cover For Food Storage Cont (12,18 & 22Qt)","","","Institutional Supplies : Foodservice","","1.98","","","","","","","","","","true"
"WNPECC-24","PECC-24","Green Plastic Cover For Food Storage Cont (2 & 4Qt)","","","Institutional Supplies : Foodservice","","0.94","","","","","","","","","","true"
"WNPECC-68","PECC-68","Red Plastic Cover For Food Storage Cont (6 & 8Qt)","","","Institutional Supplies : Foodservice","","1.45","","","","","","","","","","true"
"WNPF-16","PF-16","16oz White Plastic Funnel 12/Cs","","","Institutional Supplies : Foodservice","","0.82","","","","","","","","","","true"
"WNPF-32","PF-32","32oz White Plastic Funnel 12/Cs","","","Institutional Supplies : Foodservice","","1.02","","","","","","","","","","true"
"WNPF-8","PF-8","8oz White Plastic Funnel 12/Cs","","","Institutional Supplies : Foodservice","","0.56","","","","","","","","","","true"
"WNPFB-10G","PFB-10G","Green Oval Basket ( 9.5 X 5 X 2 ) 12/Pk","","","Institutional Supplies : Foodservice","","4.75","","","","","","","","","","true"
"WNPFFW-12","PFFW-12","White Food Storage Box ( 18 X 26 X 12)  6/Cs","","","Institutional Supplies : Foodservice","","26.97","","","","","","","","","","true"
"WNPFFW-3","PFFW-3","White Food Storage Box ( 18 X 26 X 3) 6/Cs","","","Institutional Supplies : Foodservice","","11.91","","","","","","","","","","true"
"WNPFFW-6","PFFW-6","White Food Storage Box ( 18 X 26 X 6 ) 6/Cs","","","Institutional Supplies : Foodservice","","13","","","","","","","","","","true"
"WNPFFW-C","PFFW-C","White Full Size Cover For Pffw Series  6/Cs","","","Institutional Supplies : Foodservice","","9.23","","","","","","","","","","true"
"WNPFHW-3","PFHW-3","White Food Storage Box ( 12 X 18 X 3 ) 12/Cs","","","Institutional Supplies : Foodservice","","11.91","","","","","","","","","","true"
"WNPFHW-6","PFHW-6","White Food Storage Box ( 18 X 12 X 6 ) 12/Cs","","","Institutional Supplies : Foodservice","","8.27","","","","","","","","","","true"
"WNPFHW-9","PFHW-9","White Food Storage Box ( 18 X 12 X 9 ) 12/Cs","","","Institutional Supplies : Foodservice","","10.8","","","","","","","","","","true"
"WNPFHW-C","PFHW-C","Half Size Cover For White Food Storage Boxes  6/Cs","","","Institutional Supplies : Foodservice","","4.72","","","","","","","","","","true"
"WNPFSF-15","PFSF-15","Clear Food Storage Box ( 18 X 26 X 15 ) 3/Cs","","","Institutional Supplies : Foodservice","","47.69","","","","","","","","","","true"
"WNPFSF-9","PFSF-9","Clear Food Storage Box ( 18 X 26 X 9 ) 4/Cs","","","Institutional Supplies : Foodservice","","41.29","","","","","","","","","","true"
"WNPFSF-C","PFSF-C","Clear Polycarbonate Lid For Pfsf Series 12/Cs","","","Institutional Supplies : Foodservice","","11.98","","","","","","","","","","true"
"WNPFSF-DS","PFSF-DS","Polycarbonate Drain Shelves For Pfsf Series 12/Cs","","","Institutional Supplies : Foodservice","","8.12","","","","","","","","","","true"
"WNPFSH-3","PFSH-3","Clear Food Storage Box ( 18 X 12 X 3.5 ) 12/Cs","","","Institutional Supplies : Foodservice","","10.78","","","","","","","","","","true"
"WNPFSH-6","PFSH-6","Clear Food Storage Box ( 18 X 12 X 6 ) 6/Cs","","","Institutional Supplies : Foodservice","","12.89","","","","","","","","","","true"
"WNPFSH-9","PFSH-9","Clear Food Storage Box ( 18 X 12 X 9 ) 6/Cs","","","Institutional Supplies : Foodservice","","16.85","","","","","","","","","","true"
"WNPFSH-C","PFSH-C","Clear Polycarbonate Lid For Pfsh Series 12/Cs","","","Institutional Supplies : Foodservice","","7.07","","","","","","","","","","true"
"WNPGW-2416","PGW-2416","24 X 16 Stainless Steel Pan Grate   12/Cs","","","Institutional Supplies : Foodservice","","5.14","","","","","","","","","","true"
"WNPGWS-1018","PGWS-1018","10 X 18 Stainless Steel Pan Grate   12/Cs","","","Institutional Supplies : Foodservice","","5.26","","","","","","","","","","true"
"WNPGWS-810","PGWS-810","8 X 10 Stainless Steel Pan Grate 12/Cs","","","Institutional Supplies : Foodservice","","4.86","","","","","","","","","","true"
"WNPJC-4538","PJC-4538","Black Janitorial Cart W/ Bag & 3 Shelves ( 45X18.25X38.25 )","","","Institutional Supplies : Cleaning Supplies","","98.65","","","","","","","","","","true"
"WNPK-C4","PK-C4","3 15/16"" Frill Toothpicks - Assorted 1000/Pk 10Pks/Cs","","","Disposables","","5.61","","","","","","","","","","true"
"WNPK-P4E","PK-P4","Cocktail Parasol Picks 144/Pk","","","Disposables","","4.21","","","","","","","","","","true"
"WNPKT-1","PKT-1","White Pump Dispenser With 3 Restrictors 12/Cs","","","Institutional Supplies : Foodservice","","3.98","","","","","","","","","","true"
"WNPL-36NC","PL-36NC","White Cover For Dough Boxes 12/Cs","","","Institutional Supplies : Foodservice","","10.35","","","","","","","","","","true"
"WNPL-3N","PL-3N","White Dough Box ( 25 X 18 X 3.25 ) 6/Cs","","","Institutional Supplies : Foodservice","","19.02","","","","","","","","","","true"
"WNPL-4B","PL-4B","Grey 4-Section Plastic Cutlery Bin  12/Cs","","","Institutional Supplies : Foodservice","","6.93","","","","","","","","","","true"
"WNPL-57C","PL-57C","Grey Dish Box Cover 12/Cs","","","Institutional Supplies : Foodservice","","2.29","","","","","","","","","","true"
"WNPL-57K","PL-57K","Black Dish Box Cover 12/Cs","","","Institutional Supplies : Foodservice","","4.37","","","","","","","","","","true"
"WNPL-57W","PL-57W","White Dish Box Cover 12/Cs","","","Institutional Supplies : Foodservice","","2.37","","","","","","","","","","true"
"WNPL-5G","PL-5G","Grey Dish Box ( 20.25 X 15.5 X 5 ) 12/Cs","","","Institutional Supplies : Foodservice","","4.19","","","","","","","","","","true"
"WNPL-5K","PL-5K","Black Dish Box ( 20.25 X 15.5 X 5 ) 12/Cs","","","Institutional Supplies : Foodservice","","4.49","","","","","","","","","","true"
"WNPL-7G","PL-7G","Grey Dish Box ( 21.5 X 15 X 7 ) 6/Cs","","","Institutional Supplies : Foodservice","","4.92","","","","","","","","","","true"
"WNPL-7K","PL-7K","Black Dish Box ( 21.5 X 15 X 7 ) 6/Cs","","","Institutional Supplies : Foodservice","","3.62","","","","","","","","","","true"
"WNPL-7W","PL-7W","White Dish Box ( 21.5 X 15 X 7 ) 6/Cs","","","Institutional Supplies : Foodservice","","3.24","","","","","","","","","","true"
"WNPL-8","PL-8","Grey Polypropylene Lug Box ( 24 X 15 X 8 ) 6/Cs","","","Institutional Supplies : Foodservice","","13.31","","","","","","","","","","true"
"WNPL-8C","PL-8C","Grey Cover For PL-8 12/Cs","","","Institutional Supplies : Foodservice","","3.55","","","","","","","","","","true"
"WNPLB-G","PLB-G","Green Oval 12Pk Platter Basket ( 10.75 X 7.25 X 1.5 ) 12/Pk","","","Institutional Supplies : Foodservice","","7.8","","","","","","","","","","true"
"WNPLB-K","PLB-K","Black Oval 12Pk Platter Basket ( 10.75 X 7.25 X 1.5 ) 12/Pk","","","Institutional Supplies : Foodservice","","8.35","","","","","","","","","","true"
"WNPLB-R","PLB-R","Red Oval 12Pk Platter Basket ( 10.75 X 7.25 X 1.5 ) 12/Pk","","","Institutional Supplies : Foodservice","","7.8","","","","","","","","","","true"
"WNPLB-Y","PLB-Y","Yellow Oval 12Pk Platt. Basket (10.75 X 7.25 X 1.5) 12/Pk","","","Institutional Supplies : Foodservice","","8.89","","","","","","","","","","true"
"WNPMC-9K","PMC-9K","Black Single View Menu Cover ( 12 X 9.5 )    25/Cs","","","Institutional Supplies : Foodservice","","1.11","","","","","","","","","","true"
"WNPMC-9U","PMC-9U","Burgundy Single View Menu Cover ( 12 X 9.5 )   25/Cs","","","Institutional Supplies : Foodservice","","0.62","","","","","","","","","","true"
"WNPMCP-100","PMCP-100","Polycarbonate Measuring Cup W/ Markings (1Qt/32oz/4Cup)  6/Cs","","","Institutional Supplies : Foodservice","","3.6","","","","","","","","","","true"
"WNPMCP-200","PMCP-200","Polycarbonate Measuring Cup W/ Markings (2Qt/64oz/8Cup) 6/Cs","","","Institutional Supplies : Foodservice","","6.01","","","","","","","","","","true"
"WNPMCP-25","PMCP-25","Polycarbonate Measuring Cup W/ Markings(0.25Qt/8oz/1Cup) 6/Cs","","","Institutional Supplies : Foodservice","","1.57","","","","","","","","","","true"
"WNPMCP-400","PMCP-400","Polycarbonate Measuring Cup W/ Markings(4Qt/128oz/16Cup) 6/Cs","","","Institutional Supplies : Foodservice","","9.15","","","","","","","","","","true"
"WNPMCP-50","PMCP-50","Polycarbonate Measuring Cup W/ Markings(1Pint/16oz/2Cup) 6/Cs","","","Institutional Supplies : Foodservice","","2.29","","","","","","","","","","true"
"WNPMU-25","PMU-25","Polycarbonate Measuring Cup W/ Markings (8oz/1Cup) 12/Cs","","","Institutional Supplies : Foodservice","","2.01","","","","","","","","","","true"
"WNPN-10","PN-10","10"" Stainless Steel Piano Whip 12/Cs","","","Institutional Supplies : Foodservice","","2.08","","","","","","","","","","true"
"WNPN-12","PN-12","12"" Stainless Steel Piano Whip 12/Cs","","","Institutional Supplies : Foodservice","","1.58","","","","","","","","","","true"
"WNPN-18","PN-18","18"" Stainless Steel Piano Whip 12/Cs","","","Institutional Supplies : Foodservice","","3.12","","","","","","","","","","true"
"WNPOA-8","POA-8","8"" Aluminium Pail Opener 6/Cs","","","Institutional Supplies : Foodservice","","2.89","","","","","","","","","","true"
"WNPPA-100","PPA-100","1oz Measuring Pourer With Red Tail 12/Pk","","","Institutional Supplies : Foodservice","","16.92","","","","","","","","","","true"
"WNPPA-125","PPA-125","1.25oz Measuring Pourer With Clear Tail 12/Pk","","","Institutional Supplies : Foodservice","","11.19","","","","","","","","","","true"
"WNPPA-150","PPA-150","1.5oz Measuring Pourer With Yellow Tail 12/Pk","","","Institutional Supplies : Foodservice","","11.8","","","","","","","","","","true"
"WNPPA-200","PPA-200","2oz Measuring Pourer With White Tail 12/Pk","","","Institutional Supplies : Foodservice","","21.81","","","","","","","","","","true"
"WNPPC-4","PPC-4","4"" Pizza Cutter With Black Handle  12/Cs","","","Institutional Supplies : Foodservice","","3.01","","","","","","","","","","true"
"WNPPC-4W","PPC-4W","4"" Pizza Cutter With White Handle 12/Cs","","","Institutional Supplies : Foodservice","","3.99","","","","","","","","","","true"
"WNPPH-1W","PPH-1W","White 12-Pk Plastic Sugar Packet Holder 6Pks/Cs","","","Institutional Supplies : Foodservice","","3.7","","","","","","","","","","true"
"WNPPL-6G","PPL-6G","6Qt Cleaning Pail With Handle - Green  12/Cs","","","Institutional Supplies : Cleaning Supplies","","4.47","","","","","","","","","","true"
"WNPPL-6R","PPL-6R","6Qt Cleaning Pail With Handle - Red 12/Cs","","","Institutional Supplies : Cleaning Supplies","","4.47","","","","","","","","","","true"
"WNPPM-4","PPM-4","Classic Tapered Medium Flow Metal Pourer   12/Pk","","","Institutional Supplies : Foodservice","","5.05","","","","","","","","","","true"
"WNPPM-6","PPM-6","Oversized Tapered Metal Pourer W/Yellow Plastic Stopper 12/Pk","","","Institutional Supplies : Foodservice","","9.72","","","","","","","","","","true"
"WNPR-9","PR-9","Stainless Steel Round Potato Ricer ( 5 X 24.5 ) 6/Cs","","","Institutional Supplies : Foodservice","","4.19","","","","","","","","","","true"
"WNPS-10","PS-10","10oz Clear Polycarbonate Scoop 24/Cs","","","Institutional Supplies : Foodservice","","1.73","","","","","","","","","","true"
"WNPS-20","PS-20","20oz Clear Polycarbonate Scoop 24/Cs","","","Institutional Supplies : Foodservice","","2","","","","","","","","","","true"
"WNPS-32","PS-32","32oz Clear Polycarbonate Scoop 12/Cs","","","Institutional Supplies : Foodservice","","3.36","","","","","","","","","","true"
"WNPS-5","PS-5","5oz Clear Polycarbonate Scoop 24/Cs","","","Institutional Supplies : Foodservice","","1.93","","","","","","","","","","true"
"WNPS-50","PS-50","50oz Clear Polycarbonate Scoop 12/Cs","","","Institutional Supplies : Foodservice","","4.2","","","","","","","","","","true"
"WNPSBW-1W","PSBW-1W","22oz Pearl Shell Salad Bowl 12/Cs","","","Institutional Supplies : Foodservice","","2.54","","","","","","","","","","true"
"WNPSBW-5W","PSBW-5W","5Qt/160oz Pearl Shell Salad Bowl 6/Cs","","","Institutional Supplies : Foodservice","","7.56","","","","","","","","","","true"
"WNPSD-10","PSD-10","10"" Economy Silicone Scraper / Spatula 12/Cs","","","Institutional Supplies : Foodservice","","1.59","","","","","","","","","","true"
"WNPSD-14","PSD-14","14"" Economy Silicone Scraper / Spatula 12/Cs","","","Institutional Supplies : Foodservice","","4.19","","","","","","","","","","true"
"WNPSD-16","PSD-16","16"" Economy Silicone Scraper / Spatula 12/Cs","","","Institutional Supplies : Foodservice","","3.71","","","","","","","","","","true"
"WNPSG-10","PSG-10","10"" Bowl Shaped Silicone Scraper / Spatula   12/Cs","","","Institutional Supplies : Foodservice","","2.43","","","","","","","","","","true"
"WNPSG-14","PSG-14","14"" Bowl Shaped Silicone Scraper / Spatula   12/Cs","","","Institutional Supplies : Foodservice","","4.19","","","","","","","","","","true"
"WNPSG-16","PSG-16","16"" Bowl Shaped Silicone Scraper / Spatula   12/Cs","","","Institutional Supplies : Foodservice","","3.17","","","","","","","","","","true"
"WNPSH-10","PSH-10","10.5"" Flat Blade Silicone Scraper / Spatula   24/Cs","","","Institutional Supplies : Foodservice","","4","","","","","","","","","","true"
"WNPSH-14","PSH-14","14"" Flat Blade Silicone Scraper / Spatula   24/Cs","","","Institutional Supplies : Foodservice","","4.86","","","","","","","","","","true"
"WNPSH-16","PSH-16","16.25"" Flat Blade Silicone Scraper / Spatula   24/Cs","","","Institutional Supplies : Foodservice","","5.19","","","","","","","","","","true"
"WNPSR-9","PSR-9","28oz Plastic Spray Bottle With Green Trigger 50/Cs","","","Institutional Supplies : Foodservice","","1.77","","","","","","","","","","true"
"WNPSR-9B","PSR-9B","28oz Plastic Spray Bottle With Blue Trigger 50/Cs","","","Institutional Supplies : Foodservice","","2.01","","","","","","","","","","true"
"WNPSR-9W","PSR-9W","28oz Plastic Spray Bottle With White Trigger 50/Cs","","","Institutional Supplies : Foodservice","","2.01","","","","","","","","","","true"
"WNPSW-12C","PSW-12","12oz Wide Mouth Squeeze Bottle - Clear    6/Pk  12Pks/Cs","","","Institutional Supplies : Foodservice","","5.18","","","","","","","","","","true"
"WNPSW-12R","PSW-12R","12oz Wide Mouth Squeeze Bottle - Red    6/Pk  12Pks/Cs","","","Institutional Supplies : Foodservice","","2.99","","","","","","","","","","true"
"WNPSW-12Y","PSW-12Y","12oz Wide Mouth Squeeze Bottle - Yellow    6/Pk  12Pks/Cs","","","Institutional Supplies : Foodservice","","2.99","","","","","","","","","","true"
"WNPSW-16C","PSW-16C","16oz Wide Mouth Squeeze Bottle - Clear     6/Pk  8Pks/Cs","","","Institutional Supplies : Foodservice","","5.9","","","","","","","","","","true"
"WNPSW-16R","PSW-16R","16oz Wide Mouth Squeeze Bottle - Red   6/Pk  8Pks/Cs","","","Institutional Supplies : Foodservice","","5.9","","","","","","","","","","true"
"WNPSW-16Y","PSW-16Y","16oz Wide Mouth Squeeze Bottle - Yellow    6/Pk  8Pks/Cs","","","Institutional Supplies : Foodservice","","5.9","","","","","","","","","","true"
"WNPSW-24C","PSW-24C","24oz Wide Mouth Squeeze Bottle - Clear     6/Pk  8Pks/Cs","","","Institutional Supplies : Foodservice","","7.82","","","","","","","","","","true"
"WNPSW-24R","PSW-24R","24oz Wide Mouth Squeeze Bottle - Red     6/Pk  8Pks/Cs","","","Institutional Supplies : Foodservice","","6.98","","","","","","","","","","true"
"WNPSW-24Y","PSW-24Y","24oz Wide Mouth Squeeze Bottle - Yellow     6/Pk  8Pks/Cs","","","Institutional Supplies : Foodservice","","3.99","","","","","","","","","","true"
"WNPSW-32","PSW-32C","32oz Wide Mouth Squeeze Bottle - Clear    6/Pk  6Pks/Cs","","","Institutional Supplies : Foodservice","","9.77","","","","","","","","","","true"
"WNPSW-32R","PSW-32R","32oz Wide Mouth Squeeze Bottle - Red     6/Pk  6Pks/Cs","","","Institutional Supplies : Foodservice","","9.77","","","","","","","","","","true"
"WNPSW-32Y","PSW-32Y","32oz Wide Mouth Squeeze Bottle - Yellow    6/Pk  6Pks/Cs","","","Institutional Supplies : Foodservice","","9.77","","","","","","","","","","true"
"WNPSW-CAP","PSW-CAP","Red Cap For Squeeze Bottles 48/Pk","","","Institutional Supplies : Foodservice","","1.65","","","","","","","","","","true"
"WNPTC-23K","PTC-23K","23 Gallon Black Slender Trash Can","","","Institutional Supplies : Cleaning Supplies","","26.8","","","","","","","","","","true"
"WNPTC-23SG","PTC-23SG","23 Gallon Grey Slender Trash Can","","","Institutional Supplies : Cleaning Supplies","","18","","","","","","","","","","true"
"WNPTC-32G","PTC-32G","32 Gal Grey Heavy Duty Trash Can","","","Institutional Supplies : Cleaning Supplies","","20.55","","","","","","","","","","true"
"WNPTC-44G","PTC-44G","44 Gallon Grey Round Trash Can","","","Institutional Supplies : Cleaning Supplies","","47.71","","","","","","","","","","true"
"WNPTCL-23","PTCL-23","Cover For PTC-23SG Trash Can","","","Institutional Supplies : Cleaning Supplies","","5.65","","","","","","","","","","true"
"WNPTCL-23K","PTCL-23K","Cover For PTC-23K Trash Can","","","Institutional Supplies : Cleaning Supplies","","4.97","","","","","","","","","","true"
"WNPTCL-32","PTCL-32","Heavy Duty Trash Can Lid For PTC-32G","","","Institutional Supplies : Cleaning Supplies","","5.85","","","","","","","","","","true"
"WNPTCL-44","PTCL-44","Heavy Duty Trash Can Lid For PTC-44G","","","Institutional Supplies : Cleaning Supplies","","8.88","","","","","","","","","","true"
"WNPTM-18R","PTM-18R","4"" Round Potato Masher W/ 18"" Wooden Handle       6/Cs","","","Institutional Supplies : Foodservice","","4.59","","","","","","","","","","true"
"WNPTM-24R","PTM-24R","5"" Round Potato Masher With 24.5"" Wooden Handle       6/Cs","","","Institutional Supplies : Foodservice","","3.8","","","","","","","","","","true"
"WNPTMP-18R","PTMP-18R","4"" Round Potato Masher With 18"" Metal Handle       6/Cs","","","Institutional Supplies : Foodservice","","8.21","","","","","","","","","","true"
"WNPTMP-24R","PTMP-24R","5"" Round Potato Masher With 24.5"" Metal Handle       6/Cs","","","Institutional Supplies : Foodservice","","10.54","","","","","","","","","","true"
"WNPTP-05C","PTP-05C","5oz Clear Hard Pebbled Tumbler    12/Pk","","","Institutional Supplies : Foodservice","","4.14","","","","","","","","","","true"
"WNPTP-09B","PTP-09B","9.5oz Blue Hard Pebbled Tumbler    12/Pk","","","Institutional Supplies : Foodservice","","4.16","","","","","","","","","","true"
"WNPTP-09C","PTP-09C","9.5oz Clear Hard Pebbled Tumbler    12/Pk","","","Institutional Supplies : Foodservice","","6","","","","","","","","","","true"
"WNPTP-09R","PTP-09R","9.5oz Red Hard Pebbled Tumbler    12/Pk","","","Institutional Supplies : Foodservice","","4.5","","","","","","","","","","true"
"WNPTP-12B","PTP-12B","12oz Blue Hard Pebbled Tumbler    12/Pk","","","Institutional Supplies : Foodservice","","6.49","","","","","","","","","","true"
"WNPTP-12C","PTP-12C","12oz Clear Hard Pebbled Tumbler    12/Pk","","","Institutional Supplies : Foodservice","","6.49","","","","","","","","","","true"
"WNPTP-12R","PTP-12R","12oz Red Hard Pebbled Tumbler    12/Pk","","","Institutional Supplies : Foodservice","","6.49","","","","","","","","","","true"
"WNPTP-16C","PTP-16C","16oz Clear Hard Pebbled Tumbler    12/Pk","","","Institutional Supplies : Foodservice","","7.61","","","","","","","","","","true"
"WNPTP-20C","PTP-20C","20oz Clear Hard Pebbled Tumbler    12/Pk","","","Institutional Supplies : Foodservice","","8.8","","","","","","","","","","true"
"WNPTSC-12","PTSC-12","12Qt Translucent Square Food Storage Container With Marking","","","Institutional Supplies : Foodservice","","8.43","","","","","","","","","","true"
"WNPTSC-18","PTSC-18","18Qt Translucent Square Food Storage Container With Marking","","","Institutional Supplies : Foodservice","","10.96","","","","","","","","","","true"
"WNPTSC-2","PTSC-2","2Qt Translucent Square Food Storage Container With Marking","","","Institutional Supplies : Foodservice","","2.83","","","","","","","","","","true"
"WNPTSC-22","PTSC-22","22Qt Translucent Square Food Storage Container With Marking","","","Institutional Supplies : Foodservice","","13.87","","","","","","","","","","true"
"WNPTSC-4","PTSC-4","4Qt Translucnet Square Food Storage Container With Marking","","","Institutional Supplies : Foodservice","","3.85","","","","","","","","","","true"
"WNPTSC-6","PTSC-6","6Qt Translucent Square Food Storage Container With Marking","","","Institutional Supplies : Foodservice","","5.04","","","","","","","","","","true"
"WNPTSC-8","PTSC-8","8Qt Translucent Square Food Storage Container With Marking","","","Institutional Supplies : Foodservice","","5.71","","","","","","","","","","true"
"WNPWBK-8RE","PWBK-8R","Poly Woven Black & Gold Round Basket ( 8.25 X 2.25 ) 12/Pk","","","Institutional Supplies : Foodservice","","20.31","","","","","","","","","","true"
"WNPWBK-9V","PWBK-9V","Poly Woven Black & Gold Oval Basket ( 9 X 7 X 2.5 ) 12/Pk","","","Institutional Supplies : Foodservice","","23.59","","","","","","","","","","true"
"WNPWBN-16B","PWBN-16B","Rectangular Natural Woven Basket W/Handles (16 X 11 X3) 12/Cs","","","Institutional Supplies : Foodservice","","2.77","","","","","","","","","","true"
"WNPWBN-9V","PWBN-9V","Poly Woven Natural Oval Basket ( 9.5 X 6.5 X 2.75 )   12/Pk","","","Institutional Supplies : Foodservice","","16.25","","","","","","","","","","true"
"WNPWR-28K","PWR-28K","28Qt Black Rectangular Office Waste Basket 12/Cs","","","Institutional Supplies : Cleaning Supplies","","4.86","","","","","","","","","","true"
"WNRBM-35K","RBM-35K","Black Beveled Edge Rubber Floor Mat ( 3' X 5' )","","","Institutional Supplies : Cleaning Supplies","","17.97","","","","","","","","","","true"
"WNRBMH-35K","RBMH-35K","Black Grease Proof Rubber Floor Mat ( 3' X 5' X 3/4"" )","","","Institutional Supplies : Cleaning Supplies","","53.58","","","","","","","","","","true"
"WNRBMH-35R","RBMH-35R","Red Grease Proof Rubber Floor Mat ( 3' X 5' X 3/4"" )","","","Institutional Supplies : Cleaning Supplies","","54.45","","","","","","","","","","true"
"WNRC-P300","RC-P301","30 Cup Electric Rice Cooker (120V, 1550W)","","","Equipment : Other Appliances","","146.67","","","","","","","","","","true"
"WNRFM-2B","RFM-2B","2oz Fluted Bone Melamine Ramekins    12/Pk","","","Institutional Supplies : Foodservice","","4.17","","","","","","","","","","true"
"WNRFM-2W","RFM-2W","2oz Fluted White Melamine Ramekins    12/Pk","","","Institutional Supplies : Foodservice","","4.17","","","","","","","","","","true"
"WNRFM-3W","RFM-3W","3oz Fluted White Melamine Ramekins    12/Pk","","","Institutional Supplies : Foodservice","","6.62","","","","","","","","","","true"
"WNRFM-4W","RFM-4W","4oz Fluted White Melamine Ramekins   12/Pk","","","Institutional Supplies : Foodservice","","6.35","","","","","","","","","","true"
"WNRP-2KE","RP-2K","2oz Plain Black Melamine Ramekins 12/Pk","","","Institutional Supplies : Foodservice","","3.76","","","","","","","","","","true"
"WNRP-2WE","RP-2W","2oz Plain White Melamine Ramekins 12/Pk","","","Institutional Supplies : Foodservice","","4.46","","","","","","","","","","true"
"WNRP-3WE","RP-3W","3oz Plain White Melamine Ramekins 12/Pk","","","Institutional Supplies : Foodservice","","6.62","","","","","","","","","","true"
"WNRP-4KE","RP-4K","4oz Plain Black Melamine Ramekins 12/Pk","","","Institutional Supplies : Foodservice","","5.08","","","","","","","","","","true"
"WNRP-4WE","RP-4W","4oz Plain White Melamine Ramekins 12/Pk","","","Institutional Supplies : Foodservice","","5.08","","","","","","","","","","true"
"WNRP-6KE","RP-6K","6oz Plain Black Melamine Ramekins 12/Pk","","","Institutional Supplies : Foodservice","","8.81","","","","","","","","","","true"
"WNRP-6WE","RP-6W","6oz Plain White Melamine Ramekins   12/Pk","","","Institutional Supplies : Foodservice","","6.98","","","","","","","","","","true"
"WNRVS-4","RVS-4","Reserved Stainless Steel Sign ( 4.75 X 1.75 )     12/Cs","","","Institutional Supplies : Foodservice","","1.17","","","","","","","","","","true"
"WNSB-175R","SB-175R","Red 17.5"" Silicone Brush 24/Cs","","","Institutional Supplies : Foodservice","","2.49","","","","","","","","","","true"
"WNSBM-8N","SBM-8N","8"" Stainless Steel Netted Head Muddler 12/Cs","","","Institutional Supplies : Foodservice","","2.63","","","","","","","","","","true"
"WNSBR-30","SBR-30","20oz Stainless Steel Roll Top Sugar Bowl 12/Cs","","","Institutional Supplies : Foodservice","","6.2","","","","","","","","","","true"
"WNSBS-16","SBS-16","Half Size Silicone Baking Mat ( 11 X 16.5 )  10/Cs","","","Institutional Supplies : Foodservice","","5.62","","","","","","","","","","true"
"WNSBS-24","SBS-24","Full Size Silicone Baking Mat ( 16 X 24.5 ) 10/Cs","","","Institutional Supplies : Foodservice","","10.75","","","","","","","","","","true"
"WNSCAL-D22","SCAL-D22","Digital Portion Control Scale 22lb/10kg Capacity","","","Equipment","","42.93","","","","","","","","","","true"
"WNSCF-6R","SCF-6R","6.75"" Round Mesh Skimmer 12/Cs","","","Institutional Supplies : Foodservice","","2.46","","","","","","","","","","true"
"WNSCF-6S","SCF-6S","6.75"" Square Mesh Skimmer 12/Cs","","","Institutional Supplies : Foodservice","","2.32","","","","","","","","","","true"
"WNSCF-9","SCF-9","9"" Round Spiral Skimmer 6/Cs","","","Institutional Supplies : Foodservice","","3.89","","","","","","","","","","true"
"WNSCP-15","SCP-15","1.5oz Stainless Steel Sauce Cup 12/Pk","","","Institutional Supplies : Foodservice","","2.67","","","","","","","","","","true"
"WNSCP-25","SCP-25","2.5oz Stainless Steel Sauce Cup 12/Pk","","","Institutional Supplies : Foodservice","","2.95","","","","","","","","","","true"
"WNSCP-40","SCP-40","4oz Stainless Steel Sauce Cup 12/Pk","","","Institutional Supplies : Foodservice","","3.77","","","","","","","","","","true"
"WNSES-3","SES-3","Stainless Steel Egg Separator 12/Cs","","","Institutional Supplies : Foodservice","","1.62","","","","","","","","","","true"
"WNSF25-F2","SF25-F2","Stainless Steel 2.5"" Deep Full Size Chafing Pan 6/Cs","","","Institutional Supplies : Foodservice","","6.17","","","","","","","","","","true"
"WNSF25-F4","SF25-F4","Stainless Steel 4"" Deep Full Size Chafing Pan  6/Cs","","","Institutional Supplies : Foodservice","","8.62","","","","","","","","","","true"
"WNSF25-H4","SF25-H4","Stainless Steel 4"" Deep Half Size Chafing Pan     6/Cs","","","Institutional Supplies : Foodservice","","4.9","","","","","","","","","","true"
"WNSF25-H6","SF25-H6","Stainless Steel 6"" Deep Half Size Chafing Pan     6/Cs","","","Institutional Supplies : Foodservice","","7.22","","","","","","","","","","true"
"WNSF25-N2","SF25-N2","Stainless Steel 2.5"" Deep Ninth Size Chafing Pan 12/Cs","","","Institutional Supplies : Foodservice","","1.63","","","","","","","","","","true"
"WNSF25-N4","SF25-N4","Stainless Steel 4"" Deep Ninth Size Chafing Pan 12/Cs","","","Institutional Supplies : Foodservice","","2.1","","","","","","","","","","true"
"WNSF25-Q2","SF25-Q2","Stainless Steel 2.5"" Deep Quarter Size Chafing Pan 12/Cs","","","Institutional Supplies : Foodservice","","2.36","","","","","","","","","","true"
"WNSF25-Q4","SF25-Q4","Stainless Steel 4"" Deep Quarter Size Chafing Pan 12/Cs","","","Institutional Supplies : Foodservice","","3.28","","","","","","","","","","true"
"WNSF25-Q6","SF25-Q6","Stainless Steel 6"" Deep Quarter Size Chafing Pan 12/Cs","","","Institutional Supplies : Foodservice","","5.42","","","","","","","","","","true"
"WNSF25-S2","SF25-S2","Stainless Steel 2.5"" Deep Sixth Size Chafing Pan 12/Cs","","","Institutional Supplies : Foodservice","","1.96","","","","","","","","","","true"
"WNSF25-S4","SF25-S4","Stainless Steel 4"" Deep Sixth Size Chafing Pan 12/Cs","","","Institutional Supplies : Foodservice","","2.9","","","","","","","","","","true"
"WNSF25-S6","SF25-S6","Stainless Steel 6"" Deep Sixth Size Chafing Pan 12/Cs","","","Institutional Supplies : Foodservice","","4.16","","","","","","","","","","true"
"WNSF25-T2","SF25-T2","Stainless Steel 2.5"" Deep Third Size Chafing Pan   12/Cs","","","Institutional Supplies : Foodservice","","3.31","","","","","","","","","","true"
"WNSF25-T4","SF25-T4","Stainless Steel 4"" Deep Third Size Chafing Pan   12/Cs","","","Institutional Supplies : Foodservice","","4.02","","","","","","","","","","true"
"WNSF-5","SF-5","5"" Stainless Steel Funnel 12/Cs","","","Institutional Supplies : Foodservice","","3.43","","","","","","","","","","true"
"WNSFC-35","SFC-35","Smooth Stainless Steel Fry Fry Cup ( 3.75 X 3.5 )  12/Pk","","","Institutional Supplies : Foodservice","","3.49","","","","","","","","","","true"
"WNSFC-35H","SFC-35H","Hammered Stainless Steel Fry Cup ( 3.75 X 3.5 )  12/Pk","","","Institutional Supplies : Foodservice","","4.16","","","","","","","","","","true"
"WNSIK-3","SIK-3","Stainless Steel 3"" Dia. Sink Strainer With Stopper   24/Cs","","","Institutional Supplies : Foodservice","","0.92","","","","","","","","","","true"
"WNSP-612","SP-612","6"" Black Wooden Salt & Pepper Grinder Set 12/Cs","","","Institutional Supplies : Foodservice","","11.26","","","","","","","","","","true"
"WNSP7100C","SP7100C","Clear Polycarbonate Slot Cover For Full Size Pans 12/Cs","","","Institutional Supplies : Foodservice","","5.11","","","","","","","","","","true"
"WNSP7100S","SP7100S","Clear Polycarbonate Solid Cover For Full Size Pans 12/Cs","","","Institutional Supplies : Foodservice","","5.96","","","","","","","","","","true"
"WNSP7102","SP7102","Full Size 2.5"" Deep Clear Polycarbonte Food Pan  6/Cs","","","Institutional Supplies : Foodservice","","5.87","","","","","","","","","","true"
"WNSP7104","SP7104","Full Size 4"" Deep Clear Polycarbonate Food Pan 6/Cs","","","Institutional Supplies : Foodservice","","9.92","","","","","","","","","","true"
"WNSP7106","SP7106","Full Size 6"" Deep Clear Polycarbonate Food Pan    6/Cs","","","Institutional Supplies : Foodservice","","8.7","","","","","","","","","","true"
"WNSP71DS","SP71DS","Full Size Polycarbonate Drain Shelf     10/Cs","","","Institutional Supplies : Foodservice","","4.08","","","","","","","","","","true"
"WNSP7200C","SP7200C","Clear Polycarbonate Slot Cover For Half Size Pans 12/Cs","","","Institutional Supplies : Foodservice","","2.55","","","","","","","","","","true"
"WNSP7200S","SP7200S","Clear Polycarbonate Solid Cover For Half Size Pans 12/Cs","","","Institutional Supplies : Foodservice","","2.55","","","","","","","","","","true"
"WNSP7202","SP7202","Half Size 2.5"" Deep Clear Polycarbonate Food Pan  12/Cs","","","Institutional Supplies : Foodservice","","4.42","","","","","","","","","","true"
"WNSP7204","SP7204","Half Size 4"" Deep Clear Polycarbonate Food Pan  6/Cs","","","Institutional Supplies : Foodservice","","5.57","","","","","","","","","","true"
"WNSP7206","SP7206","Half Size 6"" Deep Clear Polycarbonate Food Pan  12/Cs","","","Institutional Supplies : Foodservice","","6.78","","","","","","","","","","true"
"WNSP72DS","SP72DS","Half Size Polycarbonate Drain Shelf    10/Cs","","","Institutional Supplies : Foodservice","","1.61","","","","","","","","","","true"
"WNSP7300C","SP7300C","Clear Polycarbonate Slot Cover For Third Size Pan 12/Cs","","","Institutional Supplies : Foodservice","","2.16","","","","","","","","","","true"
"WNSP7300S","SP7300S","Clear Polycarbonate Solid Cover For Third Size Pan 12/Cs","","","Institutional Supplies : Foodservice","","2.09","","","","","","","","","","true"
"WNSP7302","SP7302","Third Size 2.5"" Deep Clear Polycarbonate Food Pan  12/Cs","","","Institutional Supplies : Foodservice","","3.28","","","","","","","","","","true"
"WNSP7304","SP7304","Third Size 4"" Deep Clear Polycarbonate Food Pan 12/Cs","","","Institutional Supplies : Foodservice","","3.9","","","","","","","","","","true"
"WNSP7306","SP7306","Third Size 6"" Deep Clear Polycarbonate Food Pan 12/Cs","","","Institutional Supplies : Foodservice","","5.15","","","","","","","","","","true"
"WNSP73DS","SP73DS","Third Size Polycarbonate Drain Shelf      20/Cs","","","Institutional Supplies : Foodservice","","1.28","","","","","","","","","","true"
"WNSP7400S","SP7400S","Clear Polycarbonate Covers For Quarter Size Pans 12/Cs","","","Institutional Supplies : Foodservice","","1.46","","","","","","","","","","true"
"WNSP7404","SP7404","Quarter Size 4"" Deep Clear Polycarbonate Food Pan 12/Cs","","","Institutional Supplies : Foodservice","","2.01","","","","","","","","","","true"
"WNSP7406","SP7406","Quarter Size 6"" Deep Clear Polycarbonate Food Pan  12/Cs","","","Institutional Supplies : Foodservice","","3.89","","","","","","","","","","true"
"WNSP7600S","SP7600S","Clear Polycarbonate Solid Cover For Sixth Size Pan 12/Cs","","","Institutional Supplies : Foodservice","","1.03","","","","","","","","","","true"
"WNSP7602","SP7602","Sixth Size 2.5"" Deep Clear Polycarbonate Food Pan 12/Cs","","","Institutional Supplies : Foodservice","","1.36","","","","","","","","","","true"
"WNSP7604","SP7604","Sixth Size 4"" Deep Clear Polycarbonate Food Pan  12/Cs","","","Institutional Supplies : Foodservice","","2.15","","","","","","","","","","true"
"WNSP7606","SP7606","Sixth Size 6"" Deep Clear Polycarbonate Food Pan 12/Cs","","","Institutional Supplies : Foodservice","","2.26","","","","","","","","","","true"
"WNSP7900S","SP7900S","Clear Polycarbonate Solid Cover For Ninth Size Pan 12/Cs","","","Institutional Supplies : Foodservice","","0.58","","","","","","","","","","true"
"WNSP7902","SP7902","Ninth Size 2.5"" Deep Clear Polycarbonate Food Pan 12/Cs","","","Institutional Supplies : Foodservice","","1","","","","","","","","","","true"
"WNSP7904","SP7904","Ninth Size 4"" Deep Clear Polycarbonate Food Pan 12/Cs","","","Institutional Supplies : Foodservice","","2.51","","","","","","","","","","true"
"WNSP7906","SP7906","Ninth Size 6"" Deep Clear Polycarbonate Food Pan 12/Cs","","","Institutional Supplies : Foodservice","","3.06","","","","","","","","","","true"
"WNSPC-3","SPC-3","Stainless Steel Pineapple Corer 6/Cs","","","Institutional Supplies : Foodservice","","6.3","","","","","","","","","","true"
"WNSPCF","SPCF","Stainless Steel Slot Cover For Full Size Steam Pan  12/Cs","","","Institutional Supplies : Foodservice","","7.5","","","","","","","","","","true"
"WNSPCH","SPCH","Stainless Steel Slot Cover For Half Size Steam Pan    12/Cs","","","Institutional Supplies : Foodservice","","4.61","","","","","","","","","","true"
"WNSPCT","SPCT","Stainless Steel Slot Cover For Third Size Steam Pan 12/Cs","","","Institutional Supplies : Foodservice","","4.07","","","","","","","","","","true"
"WNSPFD2","SPFD2","Full Size 2.5"" Deep 2-Comp Stainless Steel Food Pan 12/Cs","","","Institutional Supplies : Foodservice","","17.5","","","","","","","","","","true"
"WNSPFD-2R","SPFD-2R","Round 2-Comp Stainless Steel Food Pan 10/Cs","","","Institutional Supplies : Foodservice","","18.49","","","","","","","","","","true"
"WNSPFP2","SPFP2","Full Size 2.5"" Deep Perforated Stainless Steel Food Pan","","","Institutional Supplies : Foodservice","","11.12","","","","","","","","","","true"
"WNSPFP4","SPFP4","Full Size 4"" Deep Perforated Stainless Steel Food Pan 6/Cs","","","Institutional Supplies : Foodservice","","12.24","","","","","","","","","","true"
"WNSPG-105","SPG-105","Stainless Steel 105g Sponge 72/Cs","","","Institutional Supplies : Cleaning Supplies","","0.99","","","","","","","","","","true"
"WNSPG-50","SPG-50","Stainless Steel 50g Sponge 144/Cs","","","Institutional Supplies : Cleaning Supplies","","0.59","","","","","","","","","","true"
"WNSPJH-2HL","SPJH-2HL","Stainless Steel 2.5"" Deep Half Long Anti Jam Steam Pan 6/Cs","","","Institutional Supplies : Foodservice","","12.27","","","","","","","","","","true"
"WNSPJH-4HL","SPJH-4HL","Stainless Steel 4"" Deep Half Long Anti Jam Steam Pan 6/Cs","","","Institutional Supplies : Foodservice","","15.17","","","","","","","","","","true"
"WNSPJL-104","SPJL-104","Stainless Steel 4"" Deep Full Size Chafing Pan    6/Cs","","","Institutional Supplies : Foodservice","","11.5","","","","","","","","","","true"
"WNSPJL-106","SPJL-106","Stainless Steel 6"" Deep Full Size Chafing Pan    6/Cs","","","Institutional Supplies : Foodservice","","17.6","","","","","","","","","","true"
"WNSPJL-202","SPJL-202","Stainless Steel 2.5"" Deep Half Size Chafing Pan     12/Cs","","","Institutional Supplies : Foodservice","","6.29","","","","","","","","","","true"
"WNSPJL-206","SPJL-206","Stainless Steel 6"" Deep Half Size Chafing Pan     6/Cs","","","Institutional Supplies : Foodservice","","11.28","","","","","","","","","","true"
"WNSPJL-302","SPJL-302","Stainless Steel 2.5"" Deep Third Size Chafing Pan    6/Cs","","","Institutional Supplies : Foodservice","","5.17","","","","","","","","","","true"
"WNSPJL-304","SPJL-304","Stainless Steel 4"" Deep Third Size Chafing Pan     6/Cs","","","Institutional Supplies : Foodservice","","6.28","","","","","","","","","","true"
"WNSPJL-306","SPJL-306","Stainless Steel 6"" Deep Third Size Chafing Pan     6/Cs","","","Institutional Supplies : Foodservice","","9.76","","","","","","","","","","true"
"WNSPJL-402","SPJL-402","Stainless Steel 2.5"" Deep Quarter Size Chafing Pan 12/Cs","","","Institutional Supplies : Foodservice","","3.92","","","","","","","","","","true"
"WNSPJL-404","SPJL-404","Stainless Steel 4"" Deep Quarter Size Chafing Pan 12/Cs","","","Institutional Supplies : Foodservice","","5.45","","","","","","","","","","true"
"WNSPJL-406","SPJL-406","Stainless Steel 6"" Deep Quarter Size Chafing Pan 12/Cs","","","Institutional Supplies : Foodservice","","8.47","","","","","","","","","","true"
"WNSPJL-602","SPJL-602","Stainless Steel 2.5"" Deep Sixth Size Chafing Pan 12/Cs","","","Institutional Supplies : Foodservice","","3.06","","","","","","","","","","true"
"WNSPJL-604","SPJL-604","Stainless Steel 4"" Deep Sixth Size Chafing Pan 12/Cs","","","Institutional Supplies : Foodservice","","4.54","","","","","","","","","","true"
"WNSPJL-606","SPJL-606","Stainless Steel 6"" Deep Sixth Size Chafing Pan 12/Cs","","","Institutional Supplies : Foodservice","","6.5","","","","","","","","","","true"
"WNSPJL-902","SPJL-902","Stainless Steel 2.5"" Deep Ninth Size Chafing Pan 12/Cs","","","Institutional Supplies : Foodservice","","2.55","","","","","","","","","","true"
"WNSPJL-904","SPJL-904","Stainless Steel 4"" Deep Ninth Size Chafing Pan 12/Cs","","","Institutional Supplies : Foodservice","","3.27","","","","","","","","","","true"
"WNSPJM-106","SPJM-106","Stainless Steel 6"" Deep Full Size Anti Jam Chafing Pan 6/Cs","","","Institutional Supplies : Foodservice","","19.22","","","","","","","","","","true"
"WNSPJM-206","SPJM-206","Stainless Steel 6"" Deep Half Size Anti Jam Chafing Pan 6/Cs","","","Institutional Supplies : Foodservice","","9.13","","","","","","","","","","true"
"WNSPJM-302","SPJM-302","Stainless Steel 2.5 Deep Third Size Anti Jam Chaf Pan 12/Cs","","","Institutional Supplies : Foodservice","","4.03","","","","","","","","","","true"
"WNSPJM-304","SPJM-304","Stainless Steel 4"" Deep Third Size Antijam Chafing Pan 12/Cs","","","Institutional Supplies : Foodservice","","4.02","","","","","","","","","","true"
"WNSPJM-306","SPJM-306","Stainless Steel 6"" Deep Third Size Antijam Chafing Pan 12/Cs","","","Institutional Supplies : Foodservice","","6.26","","","","","","","","","","true"
"WNSPJM-406","SPJM-406","Stainless Steel 6""Deep Quarter Size Antijam Chafing Pan 12/Cs","","","Institutional Supplies : Foodservice","","9.38","","","","","","","","","","true"
"WNSPJM-602","SPJM-602","Stainless Steel 2.5 Deep Sixth Size Antijam Chafing Pan 12/Cs","","","Institutional Supplies : Foodservice","","2.6","","","","","","","","","","true"
"WNSPJM-604","SPJM-604","Stainless Steel 4"" Deep Sizth Size Antijam Chafing Pan 12/Cs","","","Institutional Supplies : Foodservice","","4.94","","","","","","","","","","true"
"WNSPJM-606","SPJM-606","Stainless Steel 6"" Deep Sixth Size Antijam Chafing Pan 12/Cs","","","Institutional Supplies : Foodservice","","4.15","","","","","","","","","","true"
"WNSPJM-904","SPJM-904","Stainless Steel 4"" Deep Ninth Size Antijam Chafing Pan 12/Cs","","","Institutional Supplies : Foodservice","","2.5","","","","","","","","","","true"
"WNSPM-31R","SPM-31R","Stainless Steel Round Pastry Mold ( 3 X 1.75 )  12/Cs","","","Institutional Supplies : Foodservice","","3.95","","","","","","","","","","true"
"WNSPN2","SPN2","Stainless Steel 2.5"" Deep Ninth Size Chafing Pan   12/Cs","","","Institutional Supplies : Foodservice","","1.78","","","","","","","","","","true"
"WNSPS2","SPS2","Stainless Steel 2.5"" Deep Sixth Size Chafing Pan  12/Cs","","","Institutional Supplies : Foodservice","","1.93","","","","","","","","","","true"
"WNSPSCF","SPSCF","Stainless Steel Solid Cover For Full Steam Pan   12/Cs","","","Institutional Supplies : Foodservice","","7.28","","","","","","","","","","true"
"WNSPSCH","SPSCH","Stainless Steel Solid Cover For Half Steam Pan   12/Cs","","","Institutional Supplies : Foodservice","","5.64","","","","","","","","","","true"
"WNSPSCN","SPSCN","Stainless Steel Solid Cover For Ninth Steam Pan   12/Cs","","","Institutional Supplies : Foodservice","","1.59","","","","","","","","","","true"
"WNSPSCQ","SPSCQ","Stainless Steel Solid Cover For Quarter Steam Pan 12/Cs","","","Institutional Supplies : Foodservice","","2.65","","","","","","","","","","true"
"WNSPSCS","SPSCS","Stainless Steel Solid Cover For Sixth Steam Pan   12/Cs","","","Institutional Supplies : Foodservice","","2.36","","","","","","","","","","true"
"WNSPSCT","SPSCT","Stainless Steel Solid Cover For Third Size Pan 12/Cs","","","Institutional Supplies : Foodservice","","2.88","","","","","","","","","","true"
"WNSQG-1","SQG-1","4-Sided Tapered Grater 12/Cs","","","Institutional Supplies : Foodservice","","4.47","","","","","","","","","","true"
"WNSS-1211","SS-1211","Combination Sharpening Stone ( 12 X 2.5 X 1.5 ) 12/Cs","","","Institutional Supplies : Foodservice","","4.2","","","","","","","","","","true"
"WNSS-821","SS-821","Combination Sharpening Stone ( 8 X 2 X 1 ) 24/Cs","","","Institutional Supplies : Foodservice","","4.26","","","","","","","","","","true"
"WNSSC-2","SSC-2","2Qt Stainless Steel Utility Scoop    6/Cs","","","Institutional Supplies : Foodservice","","12.15","","","","","","","","","","true"
"WNSSC-3","SSC-3","3Qt Stainless Steel Utility Scoop 6/Cs","","","Institutional Supplies : Foodservice","","14.46","","","","","","","","","","true"
"WNSSD-10","SSD-10","10oz Stainless Steel Powder Shaker With Cover 12/Cs","","","Institutional Supplies : Foodservice","","2.48","","","","","","","","","","true"
"WNSSET-3","SSET-3","3Qt Stainless Steel Saute Pan With Cover","","","Institutional Supplies : Foodservice","","26.54","","","","","","","","","","true"
"WNSSET-5","SSET-5","5Qt Stainless Steel Saute Pan With Cover","","","Institutional Supplies : Foodservice","","40.9","","","","","","","","","","true"
"WNSSET-7","SSET-7","7Qt Stainless Steel Saute Pan With Cover","","","Institutional Supplies : Foodservice","","48.87","","","","","","","","","","true"
"WNSSFP-11","SSFP-11","11"" Stainless Steel Premium Induction Ready Fry Pan 6/Cs","","","Institutional Supplies : Foodservice","","22.25","","","","","","","","","","true"
"WNSSFP-12","SSFP-12","12"" Stainless Steel Premium Induction Ready Fry Pan 6/Cs","","","Institutional Supplies : Foodservice","","28.83","","","","","","","","","","true"
"WNSSFP-12NS","SSFP-12NS","12"" Stainless Steel Non Stick Fry Pan With Sleeve 2/Cs","","","Institutional Supplies : Foodservice","","30.59","","","","","","","","","","true"
"WNSSFP-8","SSFP-8","8"" Stainless Steel Premium Induction Ready Fry Pan 6/Cs","","","Institutional Supplies : Foodservice","","13.15","","","","","","","","","","true"
"WNSSFP-8NS","SSFP-8NS","8"" Excalibur Stainless Steel Non-Stick Fry Pan 6/Cs","","","Institutional Supplies : Foodservice","","18.23","","","","","","","","","","true"
"WNSSLB-15","SSLB-15","15Qt Stainless Steel Brazier With Cover","","","Institutional Supplies : Foodservice","","55.96","","","","","","","","","","true"
"WNSSLB-8","SSLB-8","8Qt Stainless Steel Brazier With Cover","","","Institutional Supplies : Foodservice","","43.84","","","","","","","","","","true"
"WNSSSP-10","SSSP-10","10Qt Stainless Steel Sauce Pan Set W/Helper Handle & Lid","","","Institutional Supplies : Foodservice","","46.27","","","","","","","","","","true"
"WNSSSP-2","SSSP-2","2 Qt Stainless Steel Sauce Pan Set W/Lid","","","Institutional Supplies : Foodservice","","18.08","","","","","","","","","","true"
"WNSSSP-3","SSSP-3","3.5 Qt Stainless Steel Sauce Pan Set W/Lid","","","Institutional Supplies : Foodservice","","23.62","","","","","","","","","","true"
"WNSSSP-4","SSSP-4","4.5 Qt Stainless Steel Sauce Pan Set W/Lid","","","Institutional Supplies : Foodservice","","27.6","","","","","","","","","","true"
"WNSSSP-7","SSSP-7","7.5Qt Stainless Steel Sauce Pan Set W/Lid","","","Institutional Supplies : Foodservice","","39.94","","","","","","","","","","true"
"WNSST-12","SST-12","12Qt Stainless Steel Stock Pot Set W/Lid","","","Institutional Supplies : Foodservice","","47.7","","","","","","","","","","true"
"WNSST-16","SST-16","16Qt Stainless Steel Stock Pot Set W/Lid","","","Institutional Supplies : Foodservice","","52.91","","","","","","","","","","true"
"WNSST-24","SST-24","24Qt Stainless Steel Stock Pot Set W/Lid","","","Institutional Supplies : Foodservice","","87.86","","","","","","","","","","true"
"WNSST-40","SST-40","40Qt Stainless Steel Stock Pot Set W/Lid","","","Institutional Supplies : Foodservice","","121.45","","","","","","","","","","true"
"WNSST-60","SST-60","60Qt Stainless Steel Stock Pot Set W/Lid","","","Institutional Supplies : Foodservice","","166.96","","","","","","","","","","true"
"WNSST-8","SST-8","8Qt Stainless Steel Stock Pot Set W/Lid","","","Institutional Supplies : Foodservice","","36.56","","","","","","","","","","true"
"WNSUC-30","SUC-30","3 Tier Stainless Steel Trolley Cart","","","Equipment","","104.1","","","","","","","","","","true"
"WNT-710","T-710","10oz Stainless Steel Sugar Can With Pop-Up Lid 12/Cs","","","Institutional Supplies : Foodservice","","3.76","","","","","","","","","","true"
"WNTBC-70K","TBCO-70K","Black Checkered Cotton Lined Tablecover (52 X 70)  24/Cs","","","Institutional Supplies : Foodservice","","5.08","","","","","","","","","","true"
"WNTBCO-70B","TBCO-70B","Blue Checkered Cotton Lined Tablecover (52 X 70) 24/Cs","","","Institutional Supplies : Foodservice","","3.86","","","","","","","","","","true"
"WNTBCO-70R","TBCO-70R","Red Checkered Cotton Lined Tablecover (52 X 70) 24/Cs","","","Institutional Supplies : Foodservice","","3.86","","","","","","","","","","true"
"WNTCHS-23","TCHS-23","Stainless Steel Taco Holder (2/3 Slots) 12/Cs","","","Institutional Supplies : Foodservice","","4.33","","","","","","","","","","true"
"WNTD-120S","TD-120S","Winco Jrt Dispenser - Black","","","Institutional Supplies : Cleaning Supplies","","18.29","","","","","","","","","","true"
"WNTFG-11K","TFG-11K","11"" Black Deluxe Round Fiberglass Nonslip Tray 12/Cs","","","Institutional Supplies : Foodservice","","2.94","","","","","","","","","","true"
"WNTFG-2622K","TFG-2622K","26"" X 22"" Black Deluxe Oval Fiberglass Nonslip Tray 6/Cs","","","Institutional Supplies : Foodservice","","19.98","","","","","","","","","","true"
"WNTIM-85D","TIM-85D","Lcd Digital Timer With 20 Min Stopper 12/Cs","","","Institutional Supplies : Foodservice","","5.53","","","","","","","","","","true"
"WNTKP-40","TKP-40","Large Scraper W/ Black Handle ( 4 7/8 X 4 Blade ) 12/Cs","","","Institutional Supplies : Foodservice","","2.5","","","","","","","","","","true"
"WNTKP-41","TKP-41","Burger Turner W/Black Handle ( 4 X 3.75 Blade )   12/Cs","","","Institutional Supplies : Foodservice","","3.31","","","","","","","","","","true"
"WNTKP-60","TKP-60","Fish Spatula W/ Black Handle ( 6.75 X 3.25 Blade )  12/Cs","","","Institutional Supplies : Foodservice","","2","","","","","","","","","","true"
"WNTKP-61","TKP-61","Burger Turner W/ Black Handle ( 5 1/8 X 2 7/8 Blade ) 12/Cs","","","Institutional Supplies : Foodservice","","3.29","","","","","","","","","","true"
"WNTKP-62","TKP-62","Pizza Server W/Black Handle ( 6 7/8 X 5 7/8 Blade ) 12/Cs","","","Institutional Supplies : Foodservice","","2.79","","","","","","","","","","true"
"WNTKP-63","TKP-63","Heavy Duty Turner W/Black Handle ( 5 X 6 Blade ) 12/Cs","","","Institutional Supplies : Foodservice","","4.28","","","","","","","","","","true"
"WNTKP-90","TKP-90","Flexible Turner W/Black Handle ( 8.25 X 2 7/8 Blade ) 12/Cs","","","Institutional Supplies : Foodservice","","1.95","","","","","","","","","","true"
"WNTKP-91","TKP-91","Flexible Turner W/Black Handle (8.25 X 2 7/8 Perf Blade)12/Cs","","","Institutional Supplies : Foodservice","","2.09","","","","","","","","","","true"
"WNTMT-CDF4","TMT-CDF4","Top Hanging Candy/Deep Fryer Thermometer (100-400F) 12/Cs","","","Institutional Supplies : Foodservice","","5.05","","","","","","","","","","true"
"WNTMT-CDF5","TMT-CDF5","Candy/Deep Fryer Thermometer 100-500F With 12"" Probe  12/Cs","","","Institutional Supplies : Foodservice","","4.75","","","","","","","","","","true"
"WNTMT-DG1","TMT-DG1","4.75"" Digital Thermometer 12/Cs","","","Institutional Supplies : Foodservice","","7.52","","","","","","","","","","true"
"WNTMT-DG4","TMT-DG4","3 1/8"" Digital Probe Thermometer   12/Cs","","","Institutional Supplies : Foodservice","","8.87","","","","","","","","","","true"
"WNTMT-DG6","TMT-DG6","Programmable Roast/Meat Thermometer  12/Cs","","","Institutional Supplies : Foodservice","","9.07","","","","","","","","","","true"
"WNTMT-IF1","TMT-IF1","Infrared Food Thermometer 12/Cs","","","Institutional Supplies : Foodservice","","31.72","","","","","","","","","","true"
"WNTMT-OV2","TMT-OV2","2"" Dia. Oven Thermometer With Hanging Hook       12/Cs","","","Institutional Supplies : Foodservice","","2.42","","","","","","","","","","true"
"WNTMT-P1","TMT-P1","5"" Pocket Test Thermometer 0-220F Range     12/Cs","","","Institutional Supplies : Foodservice","","1.73","","","","","","","","","","true"
"WNTMT-RF2","TMT-RF2","2"" Dia. Refrigerator / Freezer Thermometer  12/Cs","","","Institutional Supplies : Foodservice","","3.99","","","","","","","","","","true"
"WNTMT-RF3","TMT-RF3","3"" Dia. Refrigerator / Freezer Thermometer  12/Cs","","","Institutional Supplies : Foodservice","","3.21","","","","","","","","","","true"
"WNTN32","TN32","Turner With Wooden Handle ( 2.25 X 3.5 Blade )   12/Cs","","","Institutional Supplies : Foodservice","","0.97","","","","","","","","","","true"
"WNTN44","TN44","Offset Giant Turner With Wooden Handle 12/Cs","","","Institutional Supplies : Foodservice","","2.77","","","","","","","","","","true"
"WNTP-300","TP-300","Rubber Plunger With 19"" Wooden Handle 12/Cs","","","Institutional Supplies : Cleaning Supplies","","3.78","","","","","","","","","","true"
"WNTRH-14K","TRH-14K","14"" Black Easy Hold Round Rubber Lined Tray 12/Cs","","","Institutional Supplies : Foodservice","","3.27","","","","","","","","","","true"
"WNTSC-10","TSC-10","White Half Fold Toilet Seat Dispenser (Use TSC-250 Refill) 10/Cs","","","Institutional Supplies : Cleaning Supplies","","5.35","","","","","","","","","","true"
"WNTSC-250","TSC-250","Half Fold 250-Pk Toilet Seat Covers 20Bags/Cs","","","Institutional Supplies : Cleaning Supplies","","2","","","","","","","","","","true"
"WNTTG-10C","TTG-10C","10"" Curved Stainless Steel Plating Tongs / Tweezers 12/Cs","","","Institutional Supplies : Foodservice","","5.05","","","","","","","","","","true"
"WNTTG-10S","TTG-10S","10"" Straight Stainless Steel Plating Tongs / Tweezers 12/Cs","","","Institutional Supplies : Foodservice","","5.05","","","","","","","","","","true"
"WNTTG-8C","TTG-8C","8"" Curved Stainless Steel Plating Tongs / Tweezers 12/Cs","","","Institutional Supplies : Foodservice","","4.37","","","","","","","","","","true"
"WNTTG-8S","TTG-8S","8"" Straight Stainless Steel Plating Tongs / Tweezers 12/Cs","","","Institutional Supplies : Foodservice","","4.37","","","","","","","","","","true"
"WNTWPO-7","TWPO-7","White Handle Offset Spatula ( 6.5 X 1-15/16 Blade ) 12/Cs","","","Institutional Supplies : Foodservice","","1.78","","","","","","","","","","true"
"WNUC-2415G","UC-2415G","Grey Plastic Utility Cart 32""L X 16 1/8""W X 36.75""H","","","Institutional Supplies : Cleaning Supplies","","86.06","","","","","","","","","","true"
"WNUC-2415K","UC-2415K","Black Plastic Utility Cart 32""L X 16 1/8""W X 36.75""H","","","Institutional Supplies : Cleaning Supplies","","86.06","","","","","","","","","","true"
"WNUC-3019G","UC-3019G","Grey Plastic Utility Cart 40.75""L X 19.5""W X 37""H","","","Institutional Supplies : Cleaning Supplies","","125.41","","","","","","","","","","true"
"WNUC-3019K","UC-3019K","Black Plastic Utility Cart 40.75""L X 19.5""W X 37""H","","","Institutional Supplies : Cleaning Supplies","","125.41","","","","","","","","","","true"
"WNUNF-2KL","UNF-2KL","Black Chef Pants - Large 12/Cs","","","Institutional Supplies : Personal Protection","","13.82","","","","","","","","","","true"
"WNUNF-2KM","UNF-2KM","Black Chef Pants - Medium 12/Cs","","","Institutional Supplies : Personal Protection","","15.75","","","","","","","","","","true"
"WNUNF-2KS","UNF-2KS","Black Chef Pants - Small 12/Cs","","","Institutional Supplies : Personal Protection","","15.75","","","","","","","","","","true"
"WNUNF-2KXL","UNF-2KXL","Black Chef Pants - Xl 12/Cs","","","Institutional Supplies : Personal Protection","","15.75","","","","","","","","","","true"
"WNUNF-2KXXL","UNF-2KXXL","Black Chef Pants - 2Xl 12/Cs","","","Institutional Supplies : Personal Protection","","15.75","","","","","","","","","","true"
"WNUNF-3CL","UNF-3CL","Black Woven Chalkstripe Chef Pants - Large  12/Cs","","","Institutional Supplies : Personal Protection","","15.55","","","","","","","","","","true"
"WNUNF-3CM","UNF-3CM","Black Woven Chalkstripe Chef Pants - Medium  12/Cs","","","Institutional Supplies : Personal Protection","","15.55","","","","","","","","","","true"
"WNUNF-3CS","UNF-3CS","Black Woven Chalkstripe Chef Pants - Small  12/Cs","","","Institutional Supplies : Personal Protection","","15.55","","","","","","","","","","true"
"WNUNF-3CXL","UNF-3CXL","Black Woven Chalkstripe Chef Pants - Xl  12/Cs","","","Institutional Supplies : Personal Protection","","16.33","","","","","","","","","","true"
"WNUNF-4KL","UNF-4KL","Black & White Houndstooth Chef Pants - Large  12/Cs","","","Institutional Supplies : Personal Protection","","15.76","","","","","","","","","","true"
"WNUNF-4KM","UNF-4KM","Black & White Houndstooth Chef Pants - Medium  12/Cs","","","Institutional Supplies : Personal Protection","","0","","","","","","","","","","true"
"WNUNF-4KS","UNF-4KS","Black & White Houndstooth Chef Pants - Small  12/Cs","","","Institutional Supplies : Personal Protection","","15.76","","","","","","","","","","true"
"WNUNF-4KXL","UNF-4KXL","Black & White Houndstooth Chef Pants - Xl 12/Cs","","","Institutional Supplies : Personal Protection","","15.76","","","","","","","","","","true"
"WNUNF-6K3XL","UNF-6K3XL","Black Men'S Tapered Chef Jacket - 3Xl  12/Cs","","","Institutional Supplies : Personal Protection","","12.44","","","","","","","","","","true"
"WNUNF-6K4XL","UNF-6K4XL","Black Men'S Tapered Chef Jacket - 4Xl  12/Cs","","","Institutional Supplies : Personal Protection","","13.31","","","","","","","","","","true"
"WNUNF-6KL","UNF-6KL","Black Men'S Tapered Chef Jacket - Large  12/Cs","","","Institutional Supplies : Personal Protection","","16.42","","","","","","","","","","true"
"WNUNF-6KM","UNF-6KM","Black Men'S Tapered Chef Jacket - Medium  12/Cs","","","Institutional Supplies : Personal Protection","","10.9","","","","","","","","","","true"
"WNUNF-6KS","UNF-6KS","Black Men'S Tapered Chef Jacket - Small  12/Cs","","","Institutional Supplies : Personal Protection","","16.29","","","","","","","","","","true"
"WNUNF-6KXL","UNF-6KXL","Black Men'S Tapered Chef Jacket - Xl  12/Cs","","","Institutional Supplies : Personal Protection","","10.9","","","","","","","","","","true"
"WNUNF-6KXXL","UNF-6KXXL","Black Men'S Tapered Chef Jacket - 2Xl  12/Cs","","","Institutional Supplies : Personal Protection","","12.44","","","","","","","","","","true"
"WNUNF-6RL","UNF-6RL","Red Men'S Tapered Chef Jacket - Large  12/Cs","","","Institutional Supplies : Personal Protection","","14.01","","","","","","","","","","true"
"WNUNF-6RM","UNF-6RM","Red Men'S Tapered Chef Jacket - Medium  12/Cs","","","Institutional Supplies : Personal Protection","","14.01","","","","","","","","","","true"
"WNUNF-6RS","UNF-6RS","Red Men'S Tapered Chef Jacket - Small  12/Cs","","","Institutional Supplies : Personal Protection","","14.01","","","","","","","","","","true"
"WNUNF-6RXL","UNF-6RXL","Red Men'S Tapered Chef Jacket - Xl 12/Cs","","","Institutional Supplies : Personal Protection","","14.01","","","","","","","","","","true"
"WNUNF-6RXXL","UNF-6RXXL","Red Men'S Tapered Chef Jacket - 2Xl  12/Cs","","","Institutional Supplies : Personal Protection","","14.01","","","","","","","","","","true"
"WNUNF-6W3XL","UNF-6W3XL","White Men'S Tapered Chef Jacket - 3Xl  12/Cs","","","Institutional Supplies : Personal Protection","","12.44","","","","","","","","","","true"
"WNUNF-6W4XL","UNF-6W4XL","White Men'S Tapered Chef Jacket - 4Xl  12/Cs","","","Institutional Supplies : Personal Protection","","13.31","","","","","","","","","","true"
"WNUNF-6WL","UNF-6WL","White Men'S Tapered Chef Jacket - Large  12/Cs","","","Institutional Supplies : Personal Protection","","14.01","","","","","","","","","","true"
"WNUNF-6WM","UNF-6WM","White Men'S Tapered Chef Jacket - Medium  12/Cs","","","Institutional Supplies : Personal Protection","","14.01","","","","","","","","","","true"
"WNUNF-6WS","UNF-6WS","White Men'S Tapered Chef Jacket - Small  12/Cs","","","Institutional Supplies : Personal Protection","","14.01","","","","","","","","","","true"
"WNUNF-6WXL","UNF-6WXL","White Men'S Tapered Chef Jacket - Xl  12/Cs","","","Institutional Supplies : Personal Protection","","10.9","","","","","","","","","","true"
"WNUNF-6WXXL","UNF-6WXXL","White Men'S Tapered Chef Jacket - 2Xl  12/Cs","","","Institutional Supplies : Personal Protection","","10.9","","","","","","","","","","true"
"WNUNF-7KL","UNF-7KL","Black Women'S Tapered Chef Jacket - Large  12/Cs","","","Institutional Supplies : Personal Protection","","14.33","","","","","","","","","","true"
"WNUNF-7KM","UNF-7KM","Black Women'S Tapered Chef Jacket - Medium  12/Cs","","","Institutional Supplies : Personal Protection","","12.15","","","","","","","","","","true"
"WNUNF-7KS","UNF-7KS","Black Women'S Tapered Chef Jacket - Small  12/Cs","","","Institutional Supplies : Personal Protection","","16.8","","","","","","","","","","true"
"WNUNF-7WL","UNF-7WL","White Women'S Tapered Chef Jacket - Large  12/Cs","","","Institutional Supplies : Personal Protection","","15.08","","","","","","","","","","true"
"WNUNF-7WM","UNF-7WM","White Women'S Tapered Chef Jacket - Medium  12/Cs","","","Institutional Supplies : Personal Protection","","15.51","","","","","","","","","","true"
"WNUNF-7WS","UNF-7WS","White Women'S Tapered Chef Jacket - Small  12/Cs","","","Institutional Supplies : Personal Protection","","13.23","","","","","","","","","","true"
"WNUNF-9KL","UNF-9KL","Black Vent Taper. Short Sleeve Chef Shirt - Large 18/Cs","","","Institutional Supplies : Personal Protection","","11.66","","","","","","","","","","true"
"WNUNF-9KM","UNF-9KM","Black Vent Taper. Short Sleeve Chef Shirt - Medium 18/Cs","","","Institutional Supplies : Personal Protection","","11.66","","","","","","","","","","true"
"WNUNF-9KS","UNF-9KS","Black Vent Taper. Short Sleeve Chef Shirt - Small 18/Cs","","","Institutional Supplies : Personal Protection","","11.66","","","","","","","","","","true"
"WNUNF-9KXL","UNF-9KXL","Black Vent Taper. Short Sleeve Chef Shirt - Xl 18/Cs","","","Institutional Supplies : Personal Protection","","11.66","","","","","","","","","","true"
"WNUNF-9KXXL","UNF-9KXXL","Black Vent Taper. Short Sleeve Chef Shirt - 2Xl 18/Cs","","","Institutional Supplies : Personal Protection","","12.6","","","","","","","","","","true"
"WNUNF-9WL","UNF-9WL","White Vent Taper. Short Sleeve Chef Shirt - Large 18/Cs","","","Institutional Supplies : Personal Protection","","10.94","","","","","","","","","","true"
"WNUNF-9WM","UNF-9WM","White Vent Taper. Short Sleeve Chef Shirt - Medium 18/Cs","","","Institutional Supplies : Personal Protection","","10.94","","","","","","","","","","true"
"WNUNF-9WS","UNF-9WS","White Vent Taper. Short Sleeve Chef Shirt - Small 18/Cs","","","Institutional Supplies : Personal Protection","","10.94","","","","","","","","","","true"
"WNUNF-9WXL","UNF-9WXL","White Vent Taper. Short Sleeve Chef Shirt - Xl 18/Cs","","","Institutional Supplies : Personal Protection","","10.94","","","","","","","","","","true"
"WNUT-12","UT-12","12"" Utility Tong Heavy Weight W/Spring   12/Cs","","","Institutional Supplies : Foodservice","","1.71","","","","","","","","","","true"
"WNUT-16","UT-16","16"" Utility Tong Heavy Weight W/Spring   12/Cs","","","Institutional Supplies : Foodservice","","2.01","","","","","","","","","","true"
"WNUT-16HP-B","UT-16HP-B","16"" Utility Tong W/Plastic Handle - Blue   12/Cs","","","Institutional Supplies : Foodservice","","2.69","","","","","","","","","","true"
"WNUT-16HP-G","UT-16HP-G","16"" Utility Tong W/Plastic Handle - Green  12/Cs","","","Institutional Supplies : Foodservice","","3.91","","","","","","","","","","true"
"WNUT-16HP-R","UT-16HP-R","16"" Utility Tong W/Plastic Handle - Red   12/Cs","","","Institutional Supplies : Foodservice","","3.88","","","","","","","","","","true"
"WNUT-16HP-Y","UT-16HP-Y","16"" Utility Tong W/Plastic Handle - Yellow","","","Institutional Supplies : Foodservice","","2.69","","","","","","","","","","true"
"WNUT-16HT","UT-16HT","16"" Extra Heavy Weight Tong W/Spring   12/Cs","","","Institutional Supplies : Foodservice","","2.28","","","","","","","","","","true"
"WNUT-7","UT-7","7"" Utility Tong Heavy Weight W/Spring   12/Cs","","","Institutional Supplies : Foodservice","","1.13","","","","","","","","","","true"
"WNUT-9","UT-9","9"" Utility Tong Heavy Weight W/Spring   12/Cs","","","Institutional Supplies : Foodservice","","1.39","","","","","","","","","","true"
"WNUT-9HP-B","UT-9HP-B","9"" Utility Tong W/Plastic Handle - Blue  12/Cs","","","Institutional Supplies : Foodservice","","2.33","","","","","","","","","","true"
"WNUT-9HP-G","UT-9HP-G","9"" Utility Tong W/Plastic Handle - Green  12/Cs","","","Institutional Supplies : Foodservice","","2.33","","","","","","","","","","true"
"WNUT-9HP-K","UT-9HP-K","9"" Utility Tong W/Plastic Handle - Black   12/Cs","","","Institutional Supplies : Foodservice","","1.57","","","","","","","","","","true"
"WNUT-9HP-R","UT-9HP-R","9"" Utility Tong W/Plastic Handle - Red   12/Cs","","","Institutional Supplies : Foodservice","","1.57","","","","","","","","","","true"
"WNUT-9HP-Y","UT-9HP-Y","9"" Utility Tong W/Plastic Handle - Yellow   12/Cs","","","Institutional Supplies : Foodservice","","2.33","","","","","","","","","","true"
"WNUTPH-12B","UTPH-12B","12"" Stainless Steel Utility Tong With Blue Handle  6/Cs","","","Institutional Supplies : Foodservice","","4.07","","","","","","","","","","true"
"WNUTPH-12G","UTPH-12G","12"" Stainless Steel Utility Tong With Green Handle   6/Cs","","","Institutional Supplies : Foodservice","","4.07","","","","","","","","","","true"
"WNUTPH-12R","UTPH-12R","12"" Stainless Steel Utility Tong With Red Handle   6/Cs","","","Institutional Supplies : Foodservice","","2.53","","","","","","","","","","true"
"WNUTS-12K","UTS-12K","12"" Locking Utility Stainless Steel Tongs With Silicone Tip 12/Cs","","","Institutional Supplies : Foodservice","","3.61","","","","","","","","","","true"
"WNUTS-9K","UTS-9K","9"" Locking Utility Stainless Steel Tongs With Silicone Tip 12/Cs","","","Institutional Supplies : Foodservice","","2.29","","","","","","","","","","true"
"WNVCCD-1836B","VCCD-1836B","3-Tier Wire Shelving Cart ( 18 X 36 )","","","Equipment","","116.69","","","","","","","","","","true"
"WNVCCD-2448B","VCCD-2448B","3-Tier Wire Shelving Cart ( 24 X 48 )","","","Equipment","","202.52","","","","","","","","","","true"
"WNVCS-1836","VCS-1836","Chrome Plated 4-Tier Wire Shelving Set ( 18 X 36 X 72 )","","","Equipment","","156.65","","","","","","","","","","true"
"WNVCS-1848","VCS-1848","Chrome Plated 4-Tier Wire Shelving Set ( 18 X 48 X 72 )","","","Equipment","","178","","","","","","","","","","true"
"WNVCS-2436","VCS-2436","Chrome Plated 4-Tier Wire Shelving Set ( 24 X 36 X 72 )","","","Equipment","","175.39","","","","","","","","","","true"
"WNVCS-2448","VCS-2448","Chrome Plated 4-Tier Wire Shelving Set ( 24 X 48 X 72 )","","","Equipment","","209.85","","","","","","","","","","true"
"WNVC-SC2","VC-SC2","Black 4-Pk Shelf Sleeve Clips ( For Vc & Vex Shelving )","","","Equipment","","1.03","","","","","","","","","","true"
"WNVEXS-1836","VEXS-1836","Epoxy Coated 4-Tier Wire Shelving Set ( 18 X 36 X 72 )","","","Equipment","","154.58","","","","","","","","","","true"
"WNVEXS-1848","VEXS-1848","Epoxy Coated 4-Tier Wire Shelving Set ( 18 X 48 X 72 )","","","Equipment","","186.06","","","","","","","","","","true"
"WNVP-1","VP-1","Vegetable Peeler With Nickel Plated Handle   12/Cs","","","Institutional Supplies : Foodservice","","14.74","","","","","","","","","","true"
"WNVP-300","VP-300","Ergonomic Straight Edge 'Y' Peeler W/ Grip Handle 12/Cs","","","Institutional Supplies : Foodservice","","3.13","","","","","","","","","","true"
"WNVP-301","VP-302","Ergonomic Serrated Edge Peeler With Soft Grip Handle 12/Cs","","","Institutional Supplies : Foodservice","","2.87","","","","","","","","","","true"
"WNVP-302","VP-302","Ergonomic Julienne Peeler With Soft Grip Handle 12/Cs","","","Institutional Supplies : Foodservice","","3.19","","","","","","","","","","true"
"WNVP-303","VP-303","Ergonomic Straight Peeler With Soft Grip Handle    12/Cs","","","Institutional Supplies : Foodservice","","2.87","","","","","","","","","","true"
"WNVP-304","VP-304","Ergonomic Serrated ""Y"" Peeler With Soft Grip Handle 12/Cs","","","Institutional Supplies : Foodservice","","2.87","","","","","","","","","","true"
"WNVP-306","VP-306","Ergonomic Zester/Lemon Peeler With Soft Grip Handle 12/Cs","","","Institutional Supplies : Foodservice","","6.42","","","","","","","","","","true"
"WNVP-309","VP-309","Ergonomic Cheese Plane With Soft Grip Handle 12/Cs","","","Institutional Supplies : Foodservice","","4.22","","","","","","","","","","true"
"WNVP-311","VP-311","Ergonomic Grater With Small Holes & Soft Grip Handle 12/Cs","","","Institutional Supplies : Foodservice","","4.81","","","","","","","","","","true"
"WNVP-312","VP-312","Ergonomic Grater With Medium Holes & Soft Grip Handle 12/Cs","","","Institutional Supplies : Foodservice","","2.95","","","","","","","","","","true"
"WNVP-313","VP-313","Ergonomic Grater With Large Holes & Soft Grip Handle 12/Cs","","","Institutional Supplies : Foodservice","","4.81","","","","","","","","","","true"
"WNVSS-508","VSS-508","20oz Stainless Steel Double Lined Coffee Server 12/Cs","","","Institutional Supplies : Foodservice","","27.04","","","","","","","","","","true"
"WNVSW-20W","VSW-20W","20oz White Swirl Design Beverage Server 12/Cs","","","Institutional Supplies : Foodservice","","4.96","","","","","","","","","","true"
"WNVSW-64W","VSW-64W","64oz White Swirl Design Beverage Server 6/Cs","","","Institutional Supplies : Foodservice","","8.47","","","","","","","","","","true"
"WNW612","W612","12oz Stainless Steel Beverage Server 10/Cs","","","Institutional Supplies : Foodservice","","5.14","","","","","","","","","","true"
"WNW632","W632","32oz Stainless Steel Beverage Server 10/Cs","","","Institutional Supplies : Foodservice","","6.77","","","","","","","","","","true"
"WNW670","W670","70oz Stainless Steel Beverage Server 10/Cs","","","Institutional Supplies : Foodservice","","12.95","","","","","","","","","","true"
"WNWA-1221","WA-1221","Waist Apron With 3 Pockets - Black 12/Cs","","","Institutional Supplies : Personal Protection","","3.13","","","","","","","","","","true"
"WNWA-1221R","WA-1221RED","Waist Apron With 3 Pockets - Red 12/Cs","","","Institutional Supplies : Personal Protection","","3.13","","","","","","","","","","true"
"WNWA-1221W","WA-1221W","Waist Apron With 3 Pockets - White 12/Cs","","","Institutional Supplies : Personal Protection","","1.98","","","","","","","","","","true"
"WNWA-2819K","WA-2819K","Bistro Half Length Apron With 2 Pockets - Black  12/Cs","","","Institutional Supplies : Personal Protection","","6.87","","","","","","","","","","true"
"WNWA-2819W","WA-2819W","Bistro Half Length Apron With 2 Pockets - White 12/Cs","","","Institutional Supplies : Personal Protection","","7.16","","","","","","","","","","true"
"WNWA-3129BK","WA-3129BK","Bistro Full Length Apron With 2 Pockets - Black 12/Cs","","","Institutional Supplies : Personal Protection","","6.62","","","","","","","","","","true"
"WNWA-3129WH","WA-3129WH","Bistro Full Length Apron With 2 Pockets - White 12/Cs","","","Institutional Supplies : Personal Protection","","6.62","","","","","","","","","","true"
"WNWB-4","WB-4","4Qt Stainless Steel Wine Bucket 6/Cs","","","Institutional Supplies : Foodservice","","7.3","","","","","","","","","","true"
"WNWB-8","WB-8","8Qt Stainless Steel Wine Bucket Mirror Finish 6/Cs","","","Institutional Supplies : Foodservice","","6.48","","","","","","","","","","true"
"WNWB-8S","WB-8S","Stand For WB-8 Wine Bucket  12/Cs","","","Institutional Supplies : Foodservice","","7.8","","","","","","","","","","true"
"WNWBKH-5","WBKH-5","Single Cone French Fry Holder With Two 2oz Ramekin Holders 12/Cs","","","Institutional Supplies : Foodservice","","5.56","","","","","","","","","","true"
"WNWBR-10","WBR-10","1"" Flat Wooden / Metal Pastry Brush 12/Cs","","","Institutional Supplies : Foodservice","","0.72","","","","","","","","","","true"
"WNWBR-15","WBR-15","1.5"" Flat Wooden / Metal Pastry Brush 12/Cs","","","Institutional Supplies : Foodservice","","0.34","","","","","","","","","","true"
"WNWBR-20","WBR-20","2"" Flat Wooden / Metal Pastry Brush 12/Cs","","","Institutional Supplies : Foodservice","","1.28","","","","","","","","","","true"
"WNWBR-25","WBR-25","2.5"" Flat Wooden / Metal Pastry Brush 12/Cs","","","Institutional Supplies : Foodservice","","1.73","","","","","","","","","","true"
"WNWBR-30","WBR-30","3"" Flat Wooden / Metal Pastry Brush 12/Cs","","","Institutional Supplies : Foodservice","","1.32","","","","","","","","","","true"
"WNWBR-40","WBR-40","4"" Flat Wooden / Metal Pastry Brush 12/Cs","","","Institutional Supplies : Foodservice","","2.76","","","","","","","","","","true"
"WNWBRP-20H","WBRP-20H","2"" Plastic Pastry Brush With Hook 12/Cs","","","Institutional Supplies : Foodservice","","3","","","","","","","","","","true"
"WNWBRP-30H","WBRP-30H","3"" Plastic Pastry Brush With Hook 12/Cs","","","Institutional Supplies : Foodservice","","4.18","","","","","","","","","","true"
"WNWBS-W","WBS-W","Wine Bottle Stopper With White Collar   12/Pk","","","Institutional Supplies : Foodservice","","10.24","","","","","","","","","","true"
"WNWCB-1218","WCB-1218","12 X 18 Cutting Board - Wooden 2/Cs","","","Institutional Supplies : Foodservice","","17.99","","","","","","","","","","true"
"WNWCB-1824","WCB-1824","18 X 24 Cutting Board - Wooden 1/Cs","","","Institutional Supplies : Foodservice","","35.06","","","","","","","","","","true"
"WNWCB-225","WCB-225","Wooden French Bread Board ( 22.5 X 5.5 X 0.75 )  12/Cs","","","Institutional Supplies : Foodservice","","7.37","","","","","","","","","","true"
"WNWCS-25","WCS-25","25"" Yellow Wet Floor Caution Sign (English/Spanish)   12/Cs","","","Institutional Supplies : Cleaning Supplies","","6.52","","","","","","","","","","true"
"WNWCS-27T","WCS-27T","27"" 3-Sided Yellow Caution Cone (English/Spanish)    5/Cs","","","Institutional Supplies : Cleaning Supplies","","15.68","","","","","","","","","","true"
"WNWFB-10","WFB-10","1"" Flat Wooden / Plastic Basting Brush 12/Cs","","","Institutional Supplies : Foodservice","","1.53","","","","","","","","","","true"
"WNWFB-10R","WFB-10R","1"" X 2"" Wooden / Plastic Round Basting Brush 12/Cs","","","Institutional Supplies : Foodservice","","2.3","","","","","","","","","","true"
"WNWFB-15","WFB-15","1.5"" Flat Wooden / Plastic Basting Brush  12/Cs","","","Institutional Supplies : Foodservice","","1.62","","","","","","","","","","true"
"WNWFB-20","WFB-20","2"" Flat Wooden / Plastic Basting Brush 12/Cs","","","Institutional Supplies : Foodservice","","3.44","","","","","","","","","","true"
"WNWFB-30","WFB-30","3"" Flat Wooden / Plastic Basting Brush 12/Cs","","","Institutional Supplies : Foodservice","","3.08","","","","","","","","","","true"
"WNWFB-40","WFB-40","4"" Flat Wooden / Plastic Basting Brush 12/Cs","","","Institutional Supplies : Foodservice","","5.43","","","","","","","","","","true"
"WNWOK-14W","WOK-14W","14"" Stainless Steel Chinese Wok    12/Cs","","","Institutional Supplies : Foodservice","","28.36","","","","","","","","","","true"
"WNWOK-34","WOK-34","14"" Black Carbon Steel Japanese Wok    12/Cs","","","Institutional Supplies : Foodservice","","8.49","","","","","","","","","","true"
"WNWOK-36","WOK-36","16"" Black Carbon Steel Japanese Wok    12/Cs","","","Institutional Supplies : Foodservice","","9.04","","","","","","","","","","true"
"WNWP-33","WP-33","33oz Stainless Steel Frothing Pitcher 12/Cs","","","Institutional Supplies : Foodservice","","8.68","","","","","","","","","","true"
"WNWP-50","WP-50","50oz Stainless Steel Frothing Pitcher 12/Cs","","","Institutional Supplies : Foodservice","","8.85","","","","","","","","","","true"
"WNWP-66","WP-66","66oz Stainless Steel Frothing Pitcher  12/Cs","","","Institutional Supplies : Foodservice","","11.73","","","","","","","","","","true"
"WNWPC-32","WPC-32","32oz Single Spout Water Pitcher 12/Cs","","","Institutional Supplies : Foodservice","","2.09","","","","","","","","","","true"
"WNWPC-48","WPC-48","48oz Single Spout Water Pitcher 12/Cs","","","Institutional Supplies : Foodservice","","2.94","","","","","","","","","","true"
"WNWPC-60","WPC-60","60oz Acrylic Single Spout Water Pitcher 12/Cs","","","Institutional Supplies : Foodservice","","4.25","","","","","","","","","","true"
"WNWPIT-19","WPIT-19","64oz Clear Water Pitcher With Ice Cube Core 12/Cs","","","Institutional Supplies : Foodservice","","12.98","","","","","","","","","","true"
"WNWPM-08","WPM-08","8"" Rubberwood Peppermill 12/Cs","","","Institutional Supplies : Foodservice","","7.33","","","","","","","","","","true"
"WNWPMP-6","WPMP-6","6"" Acrylic Peppermill 12/Cs","","","Institutional Supplies : Foodservice","","8.45","","","","","","","","","","true"
"WNWPP-1424","WPP-1424","24"" Wood Pizza Peel ( 14 X 15 Blade ) 6/Cs","","","Institutional Supplies : Foodservice","","7.26","","","","","","","","","","true"
"WNWPP-1642","WPP-1642","42"" Wood Pizza Peel ( 16 X 17.5 Blade ) 6/Cs","","","Institutional Supplies : Foodservice","","7.26","","","","","","","","","","true"
"WNWRP-15","WRP-15","15"" Wooden Rolling Pin 12/Cs","","","Institutional Supplies : Foodservice","","8.58","","","","","","","","","","true"
"WNWRP-18","WRP-18","18"" Wooden Rolling Pin 6/Cs","","","Institutional Supplies : Foodservice","","13.33","","","","","","","","","","true"
"WNWRP-20F","WRP-20F","20"" Wooden French Rolling Pin 12/Cs","","","Institutional Supplies : Foodservice","","3.82","","","","","","","","","","true"
"WNWSK-06","WSK-06","6"" Bamboo Skewers 100/Pk   30-Pks/Cs","","","Disposables","","0.52","","","","","","","","","","true"
"WNWSK-08","WSK-08","8"" Bamboo Skewers 100/Pk   30-Pks/Cs","","","Disposables","","0.54","","","","","","","","","","true"
"WNWSK-10","WSK-10","10"" Bamboo Skewers 100/Pk   30-Pks/Cs","","","Disposables","","0.81","","","","","","","","","","true"
"WNWSK-12","WSK-12","12"" Bamboo Skewers 100/Pk   30-Pks/Cs","","","Disposables","","0.92","","","","","","","","","","true"
"WNWSS-12","WSS-12","12"" Window Squeegee With Sponge (23"" Handle) 24/Cs","","","Institutional Supplies : Cleaning Supplies","","5.41","","","","","","","","","","true"
"WNWWP-12","WWP-12","12"" Wooden Spoon 12/Cs","","","Institutional Supplies : Foodservice","","11.48","","","","","","","","","","true"
"WNWWP-14","WWP-14","14"" Wooden Spoon 12/Cs","","","Institutional Supplies : Foodservice","","0.62","","","","","","","","","","true"
"WNWWP-16","WWP-16","16"" Wooden Spoon 12/Cs","","","Institutional Supplies : Foodservice","","8.76","","","","","","","","","","true"
"WP5000","WP5000","Western Full Steam Foil Lids 50/Cs","","","Disposables","","19.6","","","","","","","","","","true"
"WP5001","WP5001","Western Half Steam Foil Lids 100/Cs","","","Disposables","","17.99","","","","","","","","","","true"
"WP509B","WP509B","Western 9"" Round Foil Pans 500/Cs","","","Disposables","","53.9","","","","","","","","","","true"
"WP509BDL","WP509BDL","Western 9"" Round Foil Pans & Lid   10/Pk","","","Disposables","","1.98","","","","","","","","","","true"
"WP509DL","WP509DL","Western 9"" Round Clear Dome Lids  500/Cs","","","Disposables","","30.22","","","","","","","","","","true"
"WP5120","WP5120","Western Full Steam Foil Pans - Medium  50/Cs","","","Disposables","","44.6","","","","","","","","","","true"
"WP5122","WP5122","Western Half Steam Foil Pans - Medium 100/Cs","","","Disposables","","27.01","","","","","","","","","","true"
"WP5130","WP5130","Western Full Steam Foil Pans - Deep 50/Cs","","","Disposables","","36.7","","","","","","","","","","true"
"WP5132","WP5132","Western Half Steam Foil Pans - Deep 100/Cs","","","Disposables","","24.5","","","","","","","","","","true"
"WP527B","WP527B","Western 7"" Round Foil Pans 500/Cs","","","Disposables","","39.94","","","","","","","","","","true"
"WP527DL","WP527DL","Western 7"" Round Clear Dome Lids 500/Cs","","","Disposables","","24.43","","","","","","","","","","true"
"ZX04810","4810","Zumex Essential Basic Juicer - Orange 220/50 (27 Per Min)","","","Equipment : Other Appliances","","2808","","","","","","","","","","true"
"ZX04817","4817","Zumex Versatile Basic Juicer - Orange 220/50 (27 Per Min)","","","Equipment : Other Appliances","","3564","","","","","","","","","","true"
"ZX08966","8966","Zumex Multifruit Led Juicer - Silver 220/50 (1/2Gl Output)","","","Equipment : Other Appliances","","1752","","","","","","","","","","true"
"ZX09853-03","09853-03","Zumex Citric Active Cleaner 6/Pk","","","Institutional Supplies : Cleaning Supplies","","96","","","","","","","","","","true"
"ZX10216","10216","Zumex Versatile Pro Juicer - Black 220/50 (27 Per Min)","","","Equipment : Other Appliances","","4794","","","","","","","","","","true"
"ZX12547","12547","Zumex Essential Pro Juicer - Orange 220/50 (27 Per Min)","","","Equipment : Other Appliances","","3456","","","","","","","","","","true"
"ZXS3300131","S3300131","Zumex 1 Step Kit (M-S) Blade Holder","","","Equipment : Parts","","43.8","","","","","","","","","","true"
"ZXS3300670","S3300670","Zumex 2Pk Kit M Securing Knobs","","","Equipment : Parts","","13.2","","","","","","","","","","true"
"ZXS3302112","S3302112","Zumex Pulp Out System Filter","","","Equipment : Parts","","49.2","","","","","","","","","","true"
"ACSPARBL55G","SPARBL55G","Sparkle 55 Gallon Bleach ( 5.25% Bleach )","","","Institutional Supplies : Cleaning Supplies","","70","","","","","","","","","","true"
"AF191270","191270","Pro Brands White Lunch Napkin 500/Pk 12-Pks/Cs","","","Tissue Products : Institutional Paper","","30.16","","","","","","","","","","true"
"AFBOTTLE","BOTTLE","Simplex Trading Promotional Water Bottle","","","Promotional Items","","9.44","","","","","","","","","","true"
"AFCHAIR","CHAIR","Simplex Trading Promotional Beach Chair","","","Promotional Items","","23.37","","","","","","","","","","true"
"AFPROB233708","PROB233708","32oz Reusable Container (8X6) 50/Pk 3Pks/Cs","","","Disposables : Containers","","23","","","","","","","","","","true"
"AJDC07150800","DC07150800","Safety Plus 8oz Clear Square Deli Container 100/Pk 2Pks/Cs","","","Disposables : Containers","","25.8","","","","","","","","","","true"
"AJDC07151200","DC07151200","Safety Plus 12oz Clear Square Deli Cont & Lid 100/Pk 2Pks/Cs","","","Disposables : Containers","","27.92","","","","","","","","","","true"
"AJDC07151600","DC07151600","Safety Plus 16oz Clear Square Deli Container 100/Pk 2Pks/Cs","","","Disposables : Containers","","29.04","","","","","","","","","","true"
"AJDC07152400","DC07152400","Safety Plus 24oz Clear Square Deli Container 100/Pk 2Pks/Cs","","","Disposables : Containers","","51.03","","","","","","","","","","true"
"AJP0L01DB025","P0L01DB0250250080","Versa 10"" X 2625' Shrink Film Center Fold (100 Gauge) *2/Cs*","","","Packaging Supplies","","48.34","","","","","","","","","","true"
"AJP0L01DB035","P0L01DB0350250080","Versa 14"" X 2625' Shrink Film Center Fold (100 Gauge)","","","Packaging Supplies","","68.21","","","","","","","","","","true"
"AJP3L01DB400","P3L01DB04002500800","Darnel 16"" X 2625' Shrink Film Center Fold (100 Gauge)","","","Packaging Supplies","","81","","","","","","","","","","true"
"AMPL1624AP","PL1624AP","Cove Bay White 16 X 24 Pan Liners 1000/Cs","","","Institutional Supplies : Foodservice","","27.1","","","","","","","","","","true"
"AMPL1826AP","PL1826AP","Cove Bay White 18 X 26 Pan Liners 1000/Cs","","","Institutional Supplies : Foodservice","","30.4","","","","","","","","","","true"
"ARCSPARLAV32","SPARLAV32","Sparkle 32oz Disinfectant - Lavender 24/Cs","","","Chemicals","","15.84","","","","","","","","","","true"
"ARCSPARSBZ32","SPARSBZ32","Sparkle 32oz Disinfectant - Sea Breeze 24/Cs","","","Chemicals","","15.84","","","","","","","","","","true"
"ASOMC-F4G","OMC-F4G","Origin Natural Gas Convection Oven With Stacker 120/60","","","Equipment : Heating","","7380.75","","","","","","","","","","true"
"AYIDY10","IDY10","Angel 10g Instant Dry Yeast Sachets 6/Box 48-Bxs/Cs","","","Food Products","","17.28","","","","","","","","","","true"
"AYIDY500","IDY500","Angel 500g Instant Dry Yeast (Sugar Tolerant) 20/Cs","","","Food Products","","29.5","","","","","","","","","","true"
"AYIDY50021","IDY50021","Angel 500g Instant 2-In-1 Dry Yeast (Sugar Tolerant) 20/Cs","","","Food Products","","35.3","","","","","","","","","","true"
"BMFGS110-DF","FGS110-IC45-D","Refined White ( Granulated ) Sugar 110lb - DF","","","Food Products","","39.9","","","","","","","","","","true"
"BTZEPH200-G","ZEPH-200-GSGL","Zephaire Bakery Depth Gas Convection Oven (230/50/1)","","","Equipment : Heating","","6167.99","","","","","","","","","","true"
"CBCC1025-25","P10","Choice 10"" Cornstarch Plate 25/Pk 20Pks/Cs","","","Disposables : Cups, Plates, Cutlery","","24.46","","","","","","","","","","true"
"CBCC725-25","P07","Choice 7"" Cornstarch Plate 25/Pk 20Pks/Cs","","","Disposables : Cups, Plates, Cutlery","","11.09","","","","","","","","","","true"
"CBY1015PR-6","1015PR-6","Cove Bay 10 X 15 HDPE Printed Produce Rolls 1000/Rl 6Rls/Cs","","","Disposables : Bags : Plastic","","31.92","","","","","","","","","","true"
"CBY1016CL","CBY1016CL","Cove Bay 10 X 16 Clear LDPE Bag 100/Pk 10Pks/Cs","","","Disposables : Bags : Plastic","","8.07","","","","","","","","","","true"
"CBY1116HB-G","CBY1116HB-G","Cove Bay 11 X 16 Handle Bag - Dark Green 100/Pk 10Pks/Cs","","","Disposables : Bags : Plastic","","7.64","","","","","","","","","","true"
"CBY1418HB-G","1418HB-G","Cove Bay 14 X 18 Handle Bag - Dark Green 100/Pk 10Pks/Cs","","","Disposables : Bags : Plastic","","9.8","","","","","","","","","","true"
"CBY1822CL","CBY1822CL","Cove Bay 18 X 22 HD Clear LDPE Bag 50/Pk 10Pks/Cs","","","Disposables : Bags : Plastic","","9.15","","","","","","","","","","true"
"CBY1822HB-B","CBY1822HB-B","Cove Bay 18 X 22 Handle Bag - Blue 100/Pk 10Pks/Cs","","","Disposables : Bags : Plastic","","15.36","","","","","","","","","","true"
"CBY1822HB-B3","1822HB-B3","Cove Bay 18 X 22 (30Mc) Handle Bag - Blue 100/Pk 10Pks/Cs","","","Disposables : Bags : Plastic","","32.46","","","","","","","","","","true"
"CBY1822HB-G","CBY1822HB-G","Cove Bay 18 X 22 Handle Bag - Dark Green 100/Pk 10Pks/Cs","","","Disposables : Bags : Plastic","","15.36","","","","","","","","","","true"
"CBY1822HB-R","CBY1822HB-R","Cove Bay 18 X 22 Handle Bag - Red 100/Pk 10Pks/Cs","","","Disposables : Bags : Plastic","","15.36","","","","","","","","","","true"
"CBY1822HB-W4","1822HB-W4","Cove Bay 18 X 22 (45Mc) Handle Bag - White 50/Pk 10Pks/Cs","","","Disposables : Bags : Plastic","","21.77","","","","","","","","","","true"
"CBY2536C","2536C","Cove Bay 25 X 36 LDPE Clear Bag 160/Cs","","","Disposables : Bags : Plastic","","29.04","","","","","","","","","","true"
"CBY3036CL","CBY3036CL","Cove Bay 30 X 36 Clear HDPE Garbage Bag 50/Pk 10Pks/Cs","","","Disposables : Bags : Plastic","","23.67","","","","","","","","","","true"
"CBY3950C","CB3950C","Cove Bay 39 X 50 Clear HDPE Garbage Bag 150/Cs","","","Disposables : Bags : Plastic","","17.81","","","","","","","","","","true"
"CBY3950CL","CBY3950CL","Cove Bay 39 X 50 Clear HDPE Garbage Bag 50/Pk 5Pks/Cs","","","Disposables : Bags : Plastic","","20.18","","","","","","","","","","true"
"CBY3953C","CB3953C","Cove Bay 39 X 53 Clear HDPE Garbage Bag 150/Cs","","","Disposables : Bags : Plastic","","18.45","","","","","","","","","","true"
"CBY3953CL","CBY3953CL","Cove Bay 39 X 53 Clear HDPE Garbage Bag 50/Pk 5Pks/Cs","","","Disposables : Bags : Plastic","","21.39","","","","","","","","","","true"
"CBYHC8","NIN-HC8-2050","Cove Bay 8oz PLA Lined Paper Hot Cup 50/Pk 20Pks/Cs","","","Disposables : Cups, Plates, Cutlery","","17.05","","","","","","","","","","true"
"CBYHCPP8LID","HCPP8LID","White Relock Lid For 8oz Hot Cup 50/Pk 20Pks/Cs","","","Disposables : Cups, Plates, Cutlery","","10.05","","","","","","","","","","true"
"CBYKN95-V","CBKN95","Cove Bay White KN95 Face Mask With Valve ( Dust )","","","Institutional Supplies : Personal Protection","","0.1","","","","","","","","","","true"
"CBYMC3268","MC3268","Cove Bay 32oz Reusable Container (6X8) 100/Cs","","","Disposables : Containers","","16.32","","","","","","","","","","true"
"CBYPZHF-10","PZHF-10","Cove Bay 10"" Printed Pizza Box - Hot & Fresh 100/Bale","","","Packaging Supplies","","11.2","","","","","","","","","","true"
"CBYPZHF-12","PZHF-12","Cove Bay 12"" Printed Pizza Box - Hot & Fresh 50/Bale","","","Disposables","","8.25","","","","","","","","","","true"
"CBYPZHF-14","PZHF-14","Cove Bay 14"" Printed Pizza Box - Hot & Fresh 50/Bale","","","Disposables","","9.7","","","","","","","","","","true"
"CBYPZHF-16","PZHF-16","Cove Bay 16"" Printed Pizza Box - Hot & Fresh 50/Bale","","","Disposables","","11.7","","","","","","","","","","true"
"CBYPZHF-8","PZHF-8","Cove Bay 8"" Printed Pizza Box - Hot & Fresh 100/Bale","","","Disposables","","8.9","","","","","","","","","","true"
"CBYTRAY-8H","B8H","Cove Bay White #8 Meat Tray (10.6X8.6X1.1) 50/Pk 8Pks/Cs","","","Packaging Supplies","","19.5","","","","","","","","","","true"
"CFBAS20KG","BAS20KG","Country Farm 20kg/44lb Basmati Rice ( Steam Aged )","","","Food Products : Rice","","25.6","","","","","","","","","","true"
"CFBAS5KG","BAS5KG","Country Farm 5kg/11lb Basmati Rice 4/Cs","","","Food Products : Rice","","26.4","","","","","","","","","","true"
"CFBAS850G","BAS850G","Country Farm 850g Basmati Rice 20/Bale","","","Food Products : Rice","","0","","","","","","","","","","true"
"CFLEM500","LEM500","Citrus Farms 500ml 100% Lemon Juice 12/Cs","","","Food Products","","7.25","","","","","","","","","","true"
"CFLEM500PROP","LEM500PROP","Proper 500ml 100% Lemon Juice 12/Cs","","","Food Products","","7.25","","","","","","","","","","true"
"CFLEM946","LEM946","Citrus Farms 946ml 100% Lemon Juice 12/Cs","","","Food Products","","11.4","","","","","","","","","","true"
"CFLEM946PROP","LEM946PROP","Proper 946ml 100% Lemon Juice 12/Cs","","","Food Products","","11.4","","","","","","","","","","true"
"CFLMJ1GAL","LMJ1GAL","Citrus Farms 1 Gal Lime Juice 4/Cs","","","Food Products","","10.75","","","","","","","","","","true"
"CFLMJ500","LMJ500","Citrus Farms 500ml Lime Juice 12/Cs","","","Food Products","","4.68","","","","","","","","","","true"
"CFLMJ500PROP","LMJ500PROP","Proper 500ml Lime Juice 12/Cs","","","Food Products","","4.68","","","","","","","","","","true"
"CFLMJ946","LMJ946","Citrus Farms 946ml Lime Juice 12/Cs","","","Food Products","","6.85","","","","","","","","","","true"
"CFLMJ946PROP","LMJ946PROP","Proper 946ml Lime Juice 12/Cs","","","Food Products","","6.85","","","","","","","","","","true"
"CFPCPP","CFPCPP","Country Farm 4lb Popcorn ( Party Pack ) 15Pks/Bale","","","Food Products : Peas/Beans : Packaged","","0","","","","","","","","","","true"
"CHBKP35","BKP35","Choice 3.5"" Bamboo Knot Pick 100/Pk 100Pks/Cs","","","Disposables","","0.55","","","","","","","","","","true"
"CHBKP475","BKP475","Choice 4.75"" Bamboo Knot Pick 100/Pk 100Pks/Cs","","","Disposables","","0.57","","","","","","","","","","true"
"CHBKP6","BKP6","Choice 6"" Bamboo Knot Pick 100/Pk 100Pks/Cs","","","Disposables","","0.58","","","","","","","","","","true"
"CHBPP35","BPP35","Choice 3.5"" Bamboo Paddle Pick 100/Pk 100Pks/Cs","","","Disposables","","0.32","","","","","","","","","","true"
"CHBPP475","BPP475","Choice 4.75"" Bamboo Paddle Pick 100/Pk 100Pks/Cs","","","Disposables","","0.35","","","","","","","","","","true"
"CHBPP6","BPP6","Choice 6"" Bamboo Paddle Pick 100/Pk 100Pks/Cs","","","Disposables","","0.37","","","","","","","","","","true"
"CHBSP10","BSP10","Choice 10"" Square Bamboo Plate 25/Pk 16Pks/Cs","","","Disposables","","14.9","","","","","","","","","","true"
"CHBSP7","BSP7","Choice 7"" Square Bamboo Plate 25/Pk 16Pks/Cs","","","Disposables","","7.59","","","","","","","","","","true"
"CHBSP9","BSP9","Choice 9"" Square Bamboo Plate 25/Pk 16Pks/Cs","","","Disposables","","10.65","","","","","","","","","","true"
"CHBSW-06","BSW-06","Choice 6"" Bamboo Skewers 100/Pk 100Pks/Cs","","","Disposables","","0.17","","","","","","","","","","true"
"CHBSW-08","BSW-08","Choice 8"" Bamboo Skewers 100/Pk 100Pks/Cs","","","Disposables","","0.22","","","","","","","","","","true"
"CHBSW-10","BSW-10","Choice 10"" Bamboo Skewers 100/Pk 100Pks/Cs","","","Disposables","","0.23","","","","","","","","","","true"
"CHBSW-12","BSW-12","Choice 12"" Bamboo Skewers 100/Pk 100Pks/Cs","","","Disposables","","0.26","","","","","","","","","","true"
"CHC10CL","98-10OZ","Choice 10oz PLA Cold Cup 25/Pk 40Pks/Cs","","","Disposables : Cups, Plates, Cutlery","","40.5","","","","","","","","","","true"
"CHC16CL","98-16OZ","Choice 16oz PLA Cold Cup 25/Pk 40Pks/Cs","","","Disposables : Cups, Plates, Cutlery","","51.7","","","","","","","","","","true"
"CHC9CL-S","78-9OZ","Choice 9oz PLA Squat Cold Cup 25/Pk 40Pks/Cs","","","Disposables : Cups, Plates, Cutlery","","34.95","","","","","","","","","","true"
"CHWB-1","WB-1","Choice 1oz Mini Bamboo Boat ( 3.5X2.25X1 ) 50/Pk 12Pks/Cs","","","Disposables","","1.1","","","","","","","","","","true"
"CHWB-15","WB-15","Choice Small 1.5oz Bamboo Boat (4.5X2.5X1.25) 50/Pk 12Pks/Cs","","","Disposables","","1.35","","","","","","","","","","true"
"CHWB-3","WB-3","Choice Medium 3oz Bamboo Boat (5.4X3.4X1.5) 50/Pk 12Pks/Cs","","","Disposables","","1.59","","","","","","","","","","true"
"CHWB-5","WB-5","Choice Large 5oz Bamboo Boat (6.5X3.5X1.5) 50/Pk 12Pks/Cs","","","Disposables","","2.11","","","","","","","","","","true"
"CHWB-8","WB-8","Choice X-Large 8oz Bamboo Boat (8X3.75X1.75) 50/Pk 12Pks/Cs","","","Disposables","","2.48","","","","","","","","","","true"
"CHWF62","WF62","Choice 6.2"" Wooden Fork 25/Pk 80Pks/Cs","","","Disposables","","0.21","","","","","","","","","","true"
"CHWK65","WK65","Choice 6.5"" Wooden Knife 25/Pk 80Pks/Cs","","","Disposables","","0.2","","","","","","","","","","true"
"CHWS62","WS62","Choice 6.2"" Wooden Spoon 25/Pk 80Pks/Cs","","","Disposables","","0.22","","","","","","","","","","true"
"CL70302201P","70302201P","Assy Blower 9.51 Od (T45) Pkg","","","Equipment : Parts","","275.53","","","","","","","","","","true"
"CL70603002P","70603002P","Assy Control Dual Inverter 1Hp 120/240V 1P","","","Equipment : Parts","","353.44","","","","","","","","","","true"
"CL70671701P","70671701P","Assembly Tumbler I/O Control 2021","","","Equipment : Parts","","142.07","","","","","","","","","","true"
"CLH0.5G","H0.5G","Heavy HDPE 1/2 Gallon Cube Bottle (Use Scap) 108/Bale","","","Disposables : Bottles & Caps","","108","","","","","","","","","","true"
"DD990277800","990277800","Seal For Hamilton Beach Vacuum Packer","","","Equipment : Parts","","10.68","","","","","","","","","","true"
"DD990294402","990294402","Lid For Hamilton Beach Vacuum Packer","","","Equipment : Parts","","406","","","","","","","","","","true"
"DPDLAC40BLAC","DLAC40BLACK","Black Meat Pads ( 4 X 7 ) 1000/Pk 3-Pks/Cs","","","Packaging Supplies","","41.5","","","","","","","","","","true"
"DPTS1SW","TS1SW","Safe-T Fresh Clear H-Lid Sandwich Wedge 36/Pk 8Pks/Cs","","","Disposables : Containers","","48.07","","","","","","","","","","true"
"EPBEACHCHAIR","BEACHCHAIR","Simplex Trading Promotional Beach Chair","","","Promotional Items","","13.9","","","","","","","","","","true"
"EPDRAWBAG","DRAWBAG","Country Farm Promotional Drawstring Bag","","","Promotional Items","","0.85","","","","","","","","","","true"
"EPFOOTBALL","FOOTBALL","Simplex Trading Promotional Football","","","Promotional Items","","2.9","","","","","","","","","","true"
"EPLAUNBAG","LAUNBAG","White Non Woven Fabric Laundry Bag (70Gsm) 500/Cs","","","Promotional Items","","0.35","","","","","","","","","","true"
"EPNOTESET","NOTESET","Simplex Trading Promotional Notebook Set","","","Promotional Items","","5.9","","","","","","","","","","true"
"FDDPB-21-100","DPB-21-100","Fat Daddios 100-Pk 21"" Disposable Piping Bag","","","Disposables : Bags : Plastic","","11","","","","","","","","","","true"
"FGAER-6-36C-","AER-6-36-C-EM","Asber Emerald 36"" LP Gas 6 Burner Range (Convection Oven)","","","Equipment : Heating","","3009.37","","","","","","","","","","true"
"FGAER-6-36-E","AER-6-36-EM","Asber Emerald 36"" LP Gas 6 Burner Range (Standard Oven)","","","Equipment : Heating","","1869.62","","","","","","","","","","true"
"GFHPIC-3414","HPIC-3414","Bevles 14-Pan Half Size Food Cabinet ( 32 X 22 X 33 )120/60","","","Equipment : Other Appliances","","1000","","","","","","","","","","true"
"GFHPIC-6836","HPIC-6836","Bevles 36-Pan Full Size Food Cabinet ( 67 X 22 X 33 )120/60","","","Equipment : Other Appliances","","1181","","","","","","","","","","true"
"GFVT-DOOR010","VT-DOOR010","Door For EL-168COMM","","","Equipment : Parts","","395","","","","","","","","","","true"
"GJCC3518K","CC3518K","35"" X 18"" Spandex Chair Cover - Black","","","Equipment","","1.89","","","","","","","","","","true"
"GJFB42711","FB42711","Foil Insulator To Go Bag ( 4 X 2.75 X 11 ) 1000/Cs","","","Disposables : Bags : Paper","","34.6","","","","","","","","","","true"
"GJJRT51021","JRT51021","Cove Bay Jrt Dispenser - Black","","","Institutional Supplies : Cleaning Supplies","","7.93","","","","","","","","","","true"
"GJMASK01BL-5","MASK-02BL-50","Wellday 50Pk Surgical Mask - Blue 40-Bxs/Cs","","","Institutional Supplies : Personal Protection","","1.55","","","","","","","","","","true"
"GJMF6018","MF6018","Cove Bay Multifold Dispenser - Black & White","","","Institutional Supplies : Cleaning Supplies","","9","","","","","","","","","","true"
"GJUMBR120STC","UMBR120STC","27"" All Weather Golf Umbrella - Simplex Logo 50/Cs","","","Promotional Items","","119.1","","","","","","","","","","true"
"GJWCFSLIP","WCFSLIP","White Coral Fleece Disposable Slippers (11 X 4 ) 80-Pairs/Cs","","","Institutional Supplies","","47.34","","","","","","","","","","true"
"GPRICAAPP1L","14005146","Rica Apple Juice Drink 1 Litre Uht 20% 12/Cs","","","Food Products","","10","","","","","","","","","","true"
"GPRICAFP1L","14005141","Rica Fruit Punch Juice Drink 1 Litre Uht 20% 12/Cs","","","Food Products","","12.42","","","","","","","","","","true"
"GPRICAGP1L","14005142","Rica Pineapple-Guava Juice Drink 1 Litre Uht 10% 12/Cs","","","Food Products","","0","","","","","","","","","","true"
"GPRICAOR1L","14005140","Rica Orange Juice Drink 1 Litre Uht 30% 12/Cs","","","Food Products","","12.69","","","","","","","","","","true"
"GPRICAPF1L","14005151","Rica Passion Fruit Juice Drink 1 Litre Uht 11% 12/Cs","","","Food Products","","13.68","","","","","","","","","","true"
"GPRICAPNP1L","14005150","Rica Pineapple Juice Drink 1 Litre Uht 20% 12/Cs","","","Food Products","","0","","","","","","","","","","true"
"GPRICASRP1L","14005149","Rica Soursop Juice Drink 1 Litre Uht 10% 12/Cs","","","Food Products","","13.51","","","","","","","","","","true"
"HD1774041016","17740410163","Cabinet Led Light ( For SMF-49-2-B )","","","Equipment : Parts","","40","","","","","","","","","","true"
"HDHDSQD-3436","HDSQD-3436","36"" Orange PVC Moveable Gas Connector Kit (3/4"")","","","Equipment : Parts","","69","","","","","","","","","","true"
"HDHDSQD-3448","HDSQD-3448","48"" Orange PVC Moveable Gas Connector Kit (3/4"")","","","Equipment : Parts","","73.5","","","","","","","","","","true"
"HDHDSQD-3460","HDSQD-3460","60"" Orange PVC Moveable Gas Connector Kit (3/4"")","","","Equipment : Parts","","76.5","","","","","","","","","","true"
"HDLEGSET-CST","LEGSET-CST/PT","Vulcan 4-Pk Casters For Single Deck Oven","","","Equipment : Parts","","622.06","","","","","","","","","","true"
"HDMT-000060-","MT-000060-1B55-M3","Motor For Spar 60Qt Mixer (220/50)","","","Equipment : Parts","","500","","","","","","","","","","true"
"HDPRK-HDSGC","PRK-HDSGCO-1BD","Pan Rack Kit For SGCO-1BD","","","Equipment : Parts","","79.8","","","","","","","","","","true"
"HDPRK-HDSGCO","PRK-HDSGCO-1","Pan Rack Kit For SGCO-1","","","Equipment : Parts","","79.8","","","","","","","","","","true"
"HDSCTG-36","SCTG-36","36"" Natural Gas Countertop Griddle","","","Equipment : Heating","","595.13","","","","","","","","","","true"
"HDSK-GCOBD-C","SK-GCOBD-CST","Convection Oven Caster Stack Kit For SGCO-1BD","","","Equipment : Parts","","79.8","","","","","","","","","","true"
"HDSP-200A-J","SP-200A-J","Spar 20Qt 3-Speed Countertop Mixer (220/50)","","","Equipment : Other Appliances","","1548.77","","","","","","","","","","true"
"HDSP-30HA-J","SP-30HA-J","Spar 30Qt 3-Speed Countertop Mixer (220/50)","","","Equipment : Other Appliances","","2464.86","","","","","","","","","","true"
"HDWC4GD-12","VC4GD","Vulcan Single Deck Convection Oven - LP Gas 120/60","","","Equipment : Heating","","4691.93","","","","","","","","","","true"
"LC3#NAT500","18403","3 lb Brown Paper Bags (4.75 X 2 X 8) 500/Bale","","","Disposables : Bags : Paper","","8.39","","","","","","","","","","true"
"LC4#NAT500","4#NAT500","4 lb Brown Paper Bags (5 X 3 X 9.75) 500/Bale","","","Disposables : Bags : Paper","","6.9","","","","","","","","","","true"
"LCDSGW8-4-30","DSGW8-4-300CB","Earth Smart 8.5"" 300-Pk 7mm Compost Wrapped Straw 4Pks/Cs","","","Disposables","","24.41","","","","","","","","","","true"
"LCDSJW10-500","DSJW10-500CB","Earth Smart 7.75"" 500-Pk 5mm Compost Wrapped Straw 10Pks/Cs","","","Disposables","","57.8","","","","","","","","","","true"
"LCDSTGW4-300","DSTGW4-300CB","Earth Smart 10.25"" 300-Pk 7mm Compost Wrapped Straw 4Pks/Cs","","","Disposables","","31.05","","","","","","","","","","true"
"LCGAL-11713","GAL-11713","Bistro Kraft Paper Handle Bag ( 12 X 7 X 12 ) 250/Cs","","","Disposables : Bags : Paper","","23","","","","","","","","","","true"
"LCMW-70-FST","MW-70-FST","Berk White Foodservice Towel ( 13 X 21 ) 300-Sheets/Cs","","","Tissue Products : Institutional Paper","","27.15","","","","","","","","","","true"
"LCSLBC450","SLBC450","4.5"" Soleil Bake Cup / Cupcake Liner - White 500/Pk 20-Pks/Cs","","","Packaging Supplies","","39.52","","","","","","","","","","true"
"LCSP16612-K","SP16612-K","Tote Kraft Paper Handle Bag ( 16 X 6 X 12 ) 250/Cs","","","Disposables : Bags : Paper","","55.1","","","","","","","","","","true"
"LCSP16612W","SAC-SP16612W","White Paper Handle Bag ( 16 X 6 X 12 ) 250/Cs","","","Disposables : Bags : Paper","","66.88","","","","","","","","","","true"
"LINNOODKIM","NOODKIM","Noody 120g Instant Noodles - Hot & Spicy Kimchi 40/Cs","","","Food Products : Pasta/Noodles","","23.05","","","","","","","","","","true"
"LINNOODSPICB","NOODSPICB","Noody 120g Instant Noodles - Hot & Spicy Beef 40/Cs","","","Food Products : Pasta/Noodles","","23.05","","","","","","","","","","true"
"LRLCDSHLM55G","LCDSHLM55G","Lanchem 55Gal Dishwashing Liquid - Lemon","","","Chemicals","","130","","","","","","","","","","true"
"LTSS4048","SS4048","40 X 48 Slip Sheet","","","Production Raw Materials","","0.48","","","","","","","","","","true"
"MET10035","BD-100YC","Metric 21.8"" (3.5Cbft) White Chest Freezer 110/50","","","Equipment : Refrigeration","","69.5","","","","","","","","","","true"
"MET14242","SD-142","Metric 29.5"" (4.2Cbft) White Supermarket Freezer 110/50","","","Equipment : Refrigeration","","105","","","","","","","","","","true"
"MET3540LP","CP-F3-LP","Metric 35/40lb LP Gas Fryer","","","Equipment : Heating","","363","","","","","","","","","","true"
"MET3540NG","CP-F3-NG","Metric 35/40lb Natural Gas Fryer","","","Equipment : Heating","","363","","","","","","","","","","true"
"MET4050LP","CP-F4-LP","Metric 40/50lb LP Gas Fryer","","","Equipment : Heating","","385","","","","","","","","","","true"
"MET4050LP-2","CP-F4D-LP","Metric 40/50lb 4 Burner LP Gas Twin Well Fryer","","","Equipment : Heating","","616","","","","","","","","","","true"
"MET4050NG","CP-F4-NG","Metric 40/50lb Natural Gas Fryer","","","Equipment : Heating","","385","","","","","","","","","","true"
"MET4050NG-2","CP-F4D-NG","Metric 40/50lb 4 Burner Natural Gas Twin Well Fryer","","","Equipment : Heating","","616","","","","","","","","","","true"
"MET420148B-2","LSC-420WB-220","Metric 25.8"" (14.8Cbft) Single Glass Door Refr. Wheels 220/50","","","Equipment : Refrigeration","","304.5","","","","","","","","","","true"
"MET424LP","CP-R24LP","Metric 24"" LP Gas 4 Burner Range (Standard Oven)","","","Equipment : Heating","","546","","","","","","","","","","true"
"MET424NG","CP-R24NG","Metric 24"" Natural Gas 4 Burner Range (Standard Oven)","","","Equipment : Heating","","546","","","","","","","","","","true"
"MET4716","BC-47","Metric 17.7"" (1.6Cbft) Black Compact Refrigerator 120/60","","","Equipment : Refrigeration","","47","","","","","","","","","","true"
"MET4716-G","BC-47G","Metric 17.7"" (1.6Cbft) Black Glass Door Refrigerator 120/60","","","Equipment : Refrigeration","","55","","","","","","","","","","true"
"MET636LP","CP-R36LP","Metric 36"" LP Gas 6 Burner Range (Standard Oven)","","","Equipment : Heating","","629","","","","","","","","","","true"
"MET636NG","CP-R36NG","Metric 36"" Natural Gas 6 Burner Range (Standard Oven)","","","Equipment : Heating","","629","","","","","","","","","","true"
"METBBQ30","CPBQ-30","Metric 30"" Outdoor Bbq Grill","","","Equipment : Heating","","605","","","","","","","","","","true"
"METBBQ36","CPBQ-36","Metric 36"" Outdoor Bbq Grill","","","Equipment : Heating","","678","","","","","","","","","","true"
"METBD1-2","HC-BCBD1-2","Metric 24"" Direct Draw Beer Dispenser 115/60","","","Equipment : Heating","","625","","","","","","","","","","true"
"METBD-X-B-1","BD-X-B-1.5KW-25-AL","Metric 25"" Belt Drive 1.5Kw Exhaust Fan (220/50)","","","Equipment : Heating","","730.8","","","","","","","","","","true"
"METBD-X-B-1.","BD-X-B-1.1KW-16-AL","Metric 16"" Belt Drive 1.1Kw Exhaust Fan (220/50)","","","Equipment : Heating","","421.4","","","","","","","","","","true"
"METBD-X-B-2.","BD-X-B-2.2KW-22-AL","Metric 22"" Belt Drive 2.2Kw Exhaust Fan (220/50)","","","Equipment : Heating","","732.2","","","","","","","","","","true"
"METBD-X-B-7","BD-X-B-750W-18-AL","Metric 18"" Belt Drive 750W Exhaust Fan (220/50)","","","Equipment : Heating","","513.8","","","","","","","","","","true"
"METBD-X-B-75","BD-X-B-750W-14-AL","Metric 14"" Belt Drive 750W Exhaust Fan (220/50)","","","Equipment : Heating","","378","","","","","","","","","","true"
"METBP-80","BP-80","Metric 80L / 21Gal Natural Gas Braising Pan","","","Equipment : Heating","","2196.87","","","","","","","","","","true"
"METCOG-30","COG-30","Metric 30"" LP Gas 2-Door Charcoal Broiler Oven","","","Equipment : Heating","","2130.66","","","","","","","","","","true"
"METCRB24LP","CP-CB24-M","Metric 24"" Lpg Gas 4 Burner Countertop Charbroiler","","","Equipment : Heating","","222","","","","","","","","","","true"
"METDD-X-A-25","DD-X-A-250W-12.5-AL","Metric 12.5"" Direct Drive 250W Exhaust Fan (220/50)","","","Equipment : Other Appliances","","214.2","","","","","","","","","","true"
"METDD-X-B-55","DD-X-B-550W-14-AL","Metric 14"" Direct Drive 550W Exhaust Fan (220/50)","","","Equipment : Other Appliances","","232.4","","","","","","","","","","true"
"METECO-3A","ECO-3A","Metric 23"" Electric Convection Oven (220/50)","","","Equipment : Heating","","287.6","","","","","","","","","","true"
"METECO-6A","ECO-6A","Metric 31"" Electric Convection Oven (220/50)","","","Equipment : Heating","","493.43","","","","","","","","","","true"
"METECO-8AS","ECO-8AS","Metric 33"" Electric Convection Oven (220/50)","","","Equipment : Heating","","631.59","","","","","","","","","","true"
"METGCO-1BD","GCO-1BD","Metric 29"" LP Gas 2Door Bakery Depth Convection Oven (220/50)","","","Equipment : Heating","","1423.1","","","","","","","","","","true"
"METGDD-49","CSD-1400","Metric 52"" Double Glass Door Refrigerator (Hinge) 120/60","","","Equipment : Refrigeration","","831","","","","","","","","","","true"
"METGDD-49S","CSD-1400S","Metric 52"" Double Glass Door Refrigerator (Sliding) 120/60","","","Equipment : Refrigeration","","856","","","","","","","","","","true"
"METGDS-23","CS-660","Metric 27.6"" Single Glass Door Refrigerator 120/60","","","Equipment : Refrigeration","","539","","","","","","","","","","true"
"METGDS-9","CSL-260B","Metric 17.7"" Single Glass Door Refrigerator 120/60","","","Equipment : Refrigeration","","273","","","","","","","","","","true"
"METGDSE-8","CSE-240","Metric 21.3"" Single Glass Door Eco Refrigerator 120/60","","","Equipment : Refrigeration","","185","","","","","","","","","","true"
"METGFSHE-35","GFSHE-35","Metric 35lb LP Gas High Efficiency Fryer","","","Equipment : Heating","","663.67","","","","","","","","","","true"
"METGFSHE-45","GFSHE-45","Metric 45lb LP Gas High Efficiency Fryer","","","Equipment : Heating","","704.9","","","","","","","","","","true"
"METGRD-24","CP-G24-M","Metric 24"" LP Gas Countertop Griddle","","","Equipment : Heating","","230","","","","","","","","","","true"
"METGRD-36","CP-G36-M","Metric 36"" LP Gas Countertop Griddle","","","Equipment : Heating","","292","","","","","","","","","","true"
"METGROB-36LP","GROB-36LP","Metric 36"" LP Gas 2 Burner Range","","","Equipment : Heating","","111.72","","","","","","","","","","true"
"METGVCO-2818","GVCO-2818","Metric 18"" LP Gas Conveyor Oven","","","Equipment : Heating","","3672.13","","","","","","","","","","true"
"METHGD-48F","HGD-48F","Metric 54"" Double Glass Door Freezer 220/50","","","Equipment : Refrigeration","","1092","","","","","","","","","","true"
"METPOP12AR","ET-POP12A-R","Metric 12oz Popcorn Machine W/ Non-Stick Pot 220/50","","","Equipment : Heating","","227","","","","","","","","","","true"
"METROG-3LP","ROG-3LP","Metric LP Chicken Rotisserie Oven W/ 3 Skewers (120/50)","","","Equipment : Heating","","621.11","","","","","","","","","","true"
"METSD2100","SD-2100","Metric 83"" Supermarket Freezer W/ 2 Sliding Lids (220V/50Hz)","","","Equipment : Refrigeration","","660","","","","","","","","","","true"
"METSD2500","SD-2500","Metric 98"" Supermarket Freezer W/ 2 Sliding Lids (220V/50Hz)","","","Equipment : Refrigeration","","770","","","","","","","","","","true"
"METSEG-10-22","SEG-10-22","Metric 29"" Electric Griddle - Flat (120/50)","","","Equipment : Heating","","101.51","","","","","","","","","","true"
"METSEG-10-28","SEG-10-28G","Metric 29"" Electric Griddle - Grooved & Flat (120/50)","","","Equipment : Heating","","150.85","","","","","","","","","","true"
"METSGW-1","SGW-1","Metric 24"" LP Gas Wok Range","","","Equipment : Heating","","767.41","","","","","","","","","","true"
"METSK-100","SK-100","Metric 100L / 26Gal Natural Gas Jacketed Steam Kettle","","","Equipment : Heating","","2472.84","","","","","","","","","","true"
"METSLM24NG","CP-SM24","Metric 24"" Natural Gas Salamander","","","Equipment : Other Appliances","","378","","","","","","","","","","true"
"METSLM36NG","CP-SM36","Metric 36"" Natural Gas Salamander","","","Equipment : Other Appliances","","450","","","","","","","","","","true"
"MYM411","M411","Multy Super Window Cloth - Synthetic Leather 30/Cs","","","Institutional Supplies : Cleaning Supplies","","24.03","","","","","","","","","","true"
"OMAD279","AD279","Omcan Conveyor Belt ( For 44135 42154 )","","","Equipment : Parts","","241.35","","","","","","","","","","true"
"PAYC18-3011","YC18-3011","9"" Clear Oblong Hinged Lid Containers 290/Cs","","","Disposables : Containers","","44.55","","","","","","","","","","true"
"PCTHOFIN1017","HOFIN1017A","Finish Quantum All-In-1 60Ct Dishwasher Pods 6/Cs","","","Chemicals","","27.91","","","","","","","","","","true"
"PCTHOFIN1035","HOFIN1035","Finish Quantum 24Ct Dishwasher Pods - Lemon 7/Cs","","","Chemicals","","16.45","","","","","","","","","","true"
"PCTHOFIN1039","HOFIN1039","Finish Quantum 64Ct Dishwasher Pods 6/Cs","","","Chemicals","","5.55","","","","","","","","","","true"
"PCTHOFIN1051","HOFIN1051","Finish Quantum Powerball 44Ct Dishwasher Pods 6/Cs","","","Chemicals","","25.5","","","","","","","","","","true"
"PMCF1750LTFM","CFLT1750 FILM","Country Farm 1750g Lentils Film","","","Packaging Supplies","","2.25","","","","","","","","","","true"
"PMCF1750YSFM","CFYS1750 FILM","Country Farm 1750g Yellow Split Film","","","Packaging Supplies","","2.25","","","","","","","","","","true"
"PMCF22BAG","C FARM 22LB","Country Farm 22lb Bonus Pack Rice Bags 250/Cs","","","Packaging Supplies","","55.7","","","","","","","","","","true"
"PRGYR100W","GYR100W","White Rice - 100 lb","","","Food Products : Rice : Bulk","","22.5","","","","","","","","","","true"
"PYP1GALPET","902665","1 Gallon PET Bottle Round With Handle On Top","","","Disposables : Bottles & Caps","","0","","","","","","","","","","true"
"PYPCAP665","101042","White Cap For PET Gal Bottle # 902665 100/Bag","","","Disposables : Bottles & Caps","","75","","","","","","","","","","true"
"SCT143163","143163","White Corrugated Pizza Box ( 14 X 14 X 1.75 ) 50/Cs","","","Packaging Supplies","","26.04","","","","","","","","","","true"
"SK200212235","200212235","12"" White Corrugated Pizza Box 50/Bale","","","Packaging Supplies","","14.45","","","","","","","","","","true"
"SK200213426","200213426","Brown Display Box ( 22 X 7 X 7 )","","","Packaging Supplies","","0.56","","","","","","","","","","true"
"SMAR-21LCFS","R-21LCFS","Sharp 20"" Commercial Microwave Oven (1000 Watts,120V/60/1-Ph)","","","Equipment : Heating","","277.63","","","","","","","","","","true"
"SZGRPR-XS","GRPR-XS-1-T","Latex Powder-Free Gloves X-Small 10/100","","","Institutional Supplies : Personal Protection","","34.06","","","","","","","","","","true"
"SZM1028-2X","M1028-2X","Promax Coverall W/ Hood, White - 2X-Large 25/Cs","","","Institutional Supplies : Personal Protection","","48.32","","","","","","","","","","true"
"SZM844","M844","Clear Vinyl Reusable 8 Mil Apron ( 36 X 44 ) 72/Cs","","","Institutional Supplies : Personal Protection","","174.6","","","","","","","","","","true"
"TC1035G","1035G","Thor Step On 120L Roll Out Garbage Can - Grey","","","Equipment : Other Appliances","","78.14","","","","","","","","","","true"
"TC1035K","1035K","Thor Step On 120L Roll Out Garbage Can - Black","","","Equipment : Other Appliances","","78.14","","","","","","","","","","true"
"TC1036G","1036G","Thor Step On 190L Roll Out Garbage Can - Grey","","","Equipment : Other Appliances","","76.55","","","","","","","","","","true"
"TC1036K","1036K","Thor Step On 190L Roll Out Garbage Can - Black","","","Equipment : Other Appliances","","76.55","","","","","","","","","","true"
"TC1255","1255","Step On 87L Roll Out Garbage Can - Blue","","","Equipment : Other Appliances","","53.96","","","","","","","","","","true"
"TC1307B","1307B","Svelte Step On 50L Garbage Can - Beige","","","Equipment : Other Appliances","","41.21","","","","","","","","","","true"
"TC1309G","1309G","Svelte Step On 90L Garbage Can - Grey","","","Equipment : Other Appliances","","65.04","","","","","","","","","","true"
"TC1309K","1309K","Svelte Step On 90L Garbage Can - Black","","","Equipment : Other Appliances","","65.04","","","","","","","","","","true"
"TC1309W","1309W","Svelte Step On 90L Garbage Can - White","","","Equipment : Other Appliances","","65.04","","","","","","","","","","true"
"TC1823","1823","Black Janitorial Carry Caddy","","","Equipment : Other Appliances","","7.5","","","","","","","","","","true"
"TC3012","3012","Thor Grey Food Storage Box With Lid ( 28 X 17 X 15 ) 6/Cs","","","Equipment : Other Appliances","","14.25","","","","","","","","","","true"
"TC3714","3714","Black Plastic Shelving ( 35 X 20 X 72 )","","","Equipment : Other Appliances","","179.94","","","","","","","","","","true"
"TC3716","3716","Black Plastic Shelving With Wheels ( 35 X 20 X 60 )","","","Equipment : Other Appliances","","199.19","","","","","","","","","","true"
"TC4082","4082","Hi5 Black Utility Cart With 3 Enclosed Panels (44 X 21 X 37)","","","Equipment : Other Appliances","","120.34","","","","","","","","","","true"
"TC4084","4084","Hi5 Black Utility Cart With Doors & Panels (44 X 21 X 37 )","","","Equipment : Other Appliances","","127.36","","","","","","","","","","true"
"TC4414","4414","Oeasy 48 X 24 Black Platform Cart / Truck","","","Equipment : Other Appliances","","219.79","","","","","","","","","","true"
"TC4416","4416","Oeasy 48 X 24 Black Platform Cart / Truck","","","Equipment : Other Appliances","","228.12","","","","","","","","","","true"
"TC4418","4418","Oeasy 30 X 60 Black Platform Cart / Truck","","","Equipment : Other Appliances","","234.5","","","","","","","","","","true"
"TC4522","4522","Black Utility Rilt Truck","","","Equipment : Other Appliances","","312.36","","","","","","","","","","true"
"TC4711","4711","Large Black Food Truck With Wheels ( 45 X 29 X 35 )","","","Equipment : Other Appliances","","164.33","","","","","","","","","","true"
"TC5011","5011","Black Janitorial Cart With Bag & 3 Shelves","","","Equipment : Other Appliances","","74","","","","","","","","","","true"
"TC5021","5021","Grandmaid Black Housekeeping Cart","","","Equipment : Other Appliances","","259.05","","","","","","","","","","true"
"TC5045","5045","Gray Collapsible Linen Cart -Classification (30 X 25 X 32)","","","Equipment : Other Appliances","","68.88","","","","","","","","","","true"
"TC5051","5051","Grandmaid Black Cruise Housekeeping Cart","","","Equipment : Other Appliances","","213.53","","","","","","","","","","true"
"TC5081","5081","Cleabox Brown Roomservice Cart ( 16 X 14 X 25 )","","","Equipment : Other Appliances","","143.31","","","","","","","","","","true"
"TC5082","5082","Cleabox Brown Roomservice Cart ( 16 X 14 X 21 )","","","Equipment : Other Appliances","","139.09","","","","","","","","","","true"
"TC5090","5090","Gray Collapsible Linen Cart ( 37 X 25 X 32 )","","","Equipment : Other Appliances","","75.15","","","","","","","","","","true"
"TC5226B","5226B","Grandmaid 35Qt Blue Mop Bucket With Side Press Wringer","","","Institutional Supplies : Cleaning Supplies","","35.74","","","","","","","","","","true"
"TC5226R","5226Y","Grandmaid 35Qt Red Mop Bucket With Side Press Wringer","","","Institutional Supplies : Cleaning Supplies","","35.74","","","","","","","","","","true"
"TC5226Y","5226Y","Grandmaid 35Qt Yellow Mop Bucket With Side Press Wringer","","","Institutional Supplies : Cleaning Supplies","","35.74","","","","","","","","","","true"
"TC8613","8613","17 Tier Off White Food Storage Cart","","","Equipment : Other Appliances","","183.59","","","","","","","","","","true"
"TC8621","8621","8 Tier Off White Food Storage Cart","","","Equipment : Other Appliances","","171.37","","","","","","","","","","true"
"TC8702","8702","Insulated 20L Cold Drink Cooler W/ Spout - Red","","","Equipment : Other Appliances","","29.91","","","","","","","","","","true"
"TC8703","8703","Insulated 55L Cold Drink Cooler W/ Spout - Red","","","Equipment : Other Appliances","","56.94","","","","","","","","","","true"
"TC8714","8714","Insulated 55L Box / Cooler - Red","","","Equipment : Other Appliances","","45.85","","","","","","","","","","true"
"TCHHD-9500-8","HHD-9500-801","Turbochef Double Batch Oven (1Ph,208/240V,50A,50Hz)","","","Equipment : Heating","","9520.34","","","","","","","","","","true"
"TEF22540","22540","23"" White Single Glass Door Cooler (220V/50Hz)","","","Equipment : Refrigeration","","407","","","","","","","","","","true"
"TMGDM-41SL-H","GDM-41SL-HC-LD","True 47.5"" Slim Line Double Glass Door Refrigerator 220/50","","","Equipment : Refrigeration","","0","","","","","","","","","","true"
"TRBSS-1.SB","SS-1.SB","Silicone Base For 3G Orange Salad Spinner","","","Equipment : Other Appliances","","2.12","","","","","","","","","","true"
"TRBSS-12","SS-12","Orange 3G Salad Spinner With Brake","","","Equipment : Other Appliances","","32.84","","","","","","","","","","true"
"TRBSS-25","SS-25","Orange 6.5G Salad Spinner With Brake","","","Equipment : Other Appliances","","40.07","","","","","","","","","","true"
"TRBSS-25.SB","SS-25.SB","Silicone Base For 6.5G Orange Salad Spinner","","","Equipment : Other Appliances","","2.12","","","","","","","","","","true"
"TTAFH200","33PT070019","Sanitisu White Z Multifold Towels 200/Pk 20Pks/Cs","","","Tissue Products : Institutional Paper","","19","","","","","","","","","","true"
"TTSWT200-6","33PT030033","Soft Weave 2-Ply Mega Roll Towel 200-Shts/Rl 6-Rolls/Bale","","","Tissue Products : Household","","8.5","","","","","","","","","","true"
"TTSWT75-20","33PT030192","Soft Weave 2-Ply Roll Towel 75-Sheets/Roll 20-Rolls/Bale","","","Tissue Products : Household","","12","","","","","","","","","","true"
"TTWC315-24","33PT010129","White Cloud 315-Sheet Bathroom Tissue 24-Rolls/Bale","","","Tissue Products : Household","","9.5","","","","","","","","","","true"
"UGGS0031","GS0031","Unicare Nitrile Powder Free Exam Gloves - X-Small 10/100","","","Institutional Supplies : Personal Protection","","19.35","","","","","","","","","","true"
"UGNBR30B-08","NBR30B-08","Unicare Nitrile Powder Free Exam Gloves - Med 10/100","","","Institutional Supplies : Personal Protection","","23.26","","","","","","","","","","true"
"UGNBR30B-09","NBR30B-09","Unicare Nitrile Powder Free Exam Gloves - Large 10/100","","","Institutional Supplies : Personal Protection","","23.26","","","","","","","","","","true"
"UGNBR30B-10","NBR30B-10","Unicare Nitrile Powder Free Exam Gloves -X-Large 10/100","","","Institutional Supplies : Personal Protection","","23.26","","","","","","","","","","true"
"ULH-157","H-157","Uline Top Gun 2"" Tape Dispenser","","","Equipment : Other Appliances","","15.05","","","","","","","","","","true"
"USDOOR700","","Glass Door For USS 700 Refrigerator","","","Equipment : Parts","","0","","","","","","","","","","true"
"VAM060A-W-40","M060A-W-400N1-01","Varimixer AR60 VL1 60Qt Mixer (400/50/3Ph)","","","Equipment : Other Appliances","","8813.42","","","","","","","","","","true"
"WB176CSLPBC","176CSLPBC","Choice Screened Continuous Free Flow Pourer 12/Pk","","","Institutional Supplies : Foodservice","","6.26","","","","","","","","","","true"
"WKCRNT-MGO","CRNT-MGO","Current Air Freshener - Mango 6/Bx 24Bxs/Cs","","","Institutional Supplies : Cleaning Supplies","","216","","","","","","","","","","true"
"WKSH-CLN","SH-CLN","Splash Hog Urinal Screen - Clean 6/Bx 12Bxs/Cs","","","Institutional Supplies : Cleaning Supplies","","324","","","","","","","","","","true"
"WKSH-CU/MLN","SH-CU/MLN","Splash Hog Urinal Screen - Cucumber Melon 6/Bx 12Bxs/Cs","","","Institutional Supplies : Cleaning Supplies","","324","","","","","","","","","","true"
"WKSH-MGO","SH-MGO","Splash Hog Urinal Screen - Mango 6/Bx 12Bxs/Cs","","","Institutional Supplies : Cleaning Supplies","","324","","","","","","","","","","true"
"WKSTGRY-MGO","STGRY-MGO","Stingray Urinal Screen - Mango 6/Bx 12Bxs/Cs","","","Equipment : Other Appliances","","108","","","","","","","","","","true"
"WN0030-03","0030-03","Shangarila 18/8 Stainless Steel Dinner Spoon 12/Pk","","","Equipment : Other Appliances","","9.52","","","","","","","","","","true"
"WNATCH-53","ATCH-53","Double Sided Clear Acrylic Menu Stand ( 5.5 X 3.5 ) 12/Cs","","","Institutional Supplies : Foodservice","","1.9","","","","","","","","","","true"
"WNCO-1B","CO-1B","Replacement Blade Set For CO-1","","","Equipment : Parts","","16.36","","","","","","","","","","true"
"WNCO-1G","CO-1G","Replacement Gear For CO-1","","","Equipment : Parts","","14.39","","","","","","","","","","true"
"WNPJC-1511K","PJC-1511K","Black Janitorial Carry Tote / Caddy","","","Institutional Supplies : Cleaning Supplies","","6.17","","","","","","","","","","true"
"WNPK-CS7W","PK-CS7W","7.5"" Wrapped Wooden Stirrers 1000/Box 10 Box/Cs","","","Disposables","","54.2","","","","","","","","","","true"
"WNPK-P4E","PK-P4","Cocktail Parasol Picks 144/Pk","","","Disposables","","4.21","","","","","","","","","","true"
"WNRC-P300","RC-P301","30 Cup Electric Rice Cooker (120V, 1550W) (RC-P301)","","","Equipment : Heating","","146.67","","","","","","","","","","true"
"WNSF25-T6","SF25-T6","Stainless Steel 6"" Deep Third Size Chafing Pan 12/Cs","","","Equipment : Other Appliances","","5.88","","","","","","","","","","true"
"WNSPJL-102","SPJL-102","Stainless Steel 2.5"" Deep Full Size Chafing Pan 6/Cs","","","Equipment : Other Appliances","","9.84","","","","","","","","","","true"
"WNVEXS-2448","VEXS-2448","Epoxy Coated 4-Tier Wire Shelving Set ( 24 X 48 X 72 )","","","Equipment : Other Appliances","","216.55","","","","","","","","","","true"
"PRFP55","FP55","Field Peas - 55lb","","","Food Products : Peas/Beans : Bulk","","","","","","","","","","","","true"
